# Blender 4.5.4 LTS
# www.blender.org
o THM
v 0.885982 -0.294168 0.000000
v 0.885982 -0.205369 0.000000
v 0.875282 -0.205369 0.000000
v 0.875282 -0.266104 0.000000
v 0.852559 -0.205369 0.000000
v 0.842589 -0.205369 0.000000
v 0.842589 -0.294168 0.000000
v 0.853288 -0.294168 0.000000
v 0.853288 -0.233435 0.000000
v 0.876263 -0.294168 0.000000
v -0.845349 -0.214957 0.000000
v -0.845349 -0.205367 0.000000
v -0.885878 -0.205367 0.000000
v -0.885878 -0.214957 0.000000
v -0.870917 -0.214957 0.000000
v -0.870916 -0.294167 0.000000
v -0.860201 -0.294168 0.000000
v -0.860201 -0.214957 0.000000
v -0.796351 -0.294168 0.000000
v -0.796351 -0.284577 0.000000
v -0.819907 -0.284577 0.000000
v -0.819907 -0.254372 0.000000
v -0.799579 -0.254372 0.000000
v -0.799579 -0.244781 0.000000
v -0.819907 -0.244781 0.000000
v -0.819907 -0.214957 0.000000
v -0.796351 -0.214957 0.000000
v -0.796351 -0.205367 0.000000
v -0.830624 -0.205367 0.000000
v -0.830624 -0.294166 0.000000
v -0.741062 -0.272212 0.000000
v -0.751652 -0.272212 0.000000
v -0.751697 -0.273153 0.000000
v -0.751770 -0.274093 0.000000
v -0.751873 -0.275030 0.000000
v -0.752008 -0.275957 0.000000
v -0.752178 -0.276870 0.000000
v -0.752386 -0.277763 0.000000
v -0.752632 -0.278633 0.000000
v -0.752920 -0.279474 0.000000
v -0.753253 -0.280282 0.000000
v -0.753631 -0.281051 0.000000
v -0.754057 -0.281777 0.000000
v -0.754893 -0.282882 0.000000
v -0.755725 -0.283677 0.000000
v -0.756716 -0.284368 0.000000
v -0.758514 -0.285150 0.000000
v -0.759932 -0.285461 0.000000
v -0.760710 -0.285542 0.000000
v -0.761534 -0.285570 0.000000
v -0.762381 -0.285542 0.000000
v -0.763182 -0.285459 0.000000
v -0.764651 -0.285140 0.000000
v -0.765947 -0.284634 0.000000
v -0.767585 -0.283570 0.000000
v -0.768878 -0.282203 0.000000
v -0.769605 -0.281076 0.000000
v -0.770230 -0.279791 0.000000
v -0.770760 -0.278309 0.000000
v -0.771204 -0.276592 0.000000
v -0.771568 -0.274602 0.000000
v -0.771860 -0.272300 0.000000
v -0.772087 -0.269646 0.000000
v -0.772257 -0.266604 0.000000
v -0.772375 -0.263133 0.000000
v -0.772451 -0.259195 0.000000
v -0.772491 -0.254752 0.000000
v -0.772503 -0.249765 0.000000
v -0.772492 -0.244779 0.000000
v -0.772451 -0.240337 0.000000
v -0.772376 -0.236400 0.000000
v -0.772257 -0.232929 0.000000
v -0.772087 -0.229886 0.000000
v -0.771860 -0.227232 0.000000
v -0.771568 -0.224928 0.000000
v -0.771204 -0.222936 0.000000
v -0.770760 -0.221218 0.000000
v -0.770230 -0.219734 0.000000
v -0.769605 -0.218445 0.000000
v -0.768878 -0.217314 0.000000
v -0.768052 -0.216380 0.000000
v -0.767078 -0.215567 0.000000
v -0.765319 -0.214623 0.000000
v -0.763938 -0.214208 0.000000
v -0.763182 -0.214073 0.000000
v -0.762381 -0.213991 0.000000
v -0.761534 -0.213962 0.000000
v -0.760709 -0.213991 0.000000
v -0.759932 -0.214073 0.000000
v -0.758513 -0.214384 0.000000
v -0.757272 -0.214869 0.000000
v -0.756200 -0.215498 0.000000
v -0.755290 -0.216244 0.000000
v -0.754535 -0.217078 0.000000
v -0.754035 -0.217754 0.000000
v -0.753593 -0.218474 0.000000
v -0.753207 -0.219233 0.000000
v -0.752873 -0.220028 0.000000
v -0.752587 -0.220854 0.000000
v -0.752345 -0.221707 0.000000
v -0.752146 -0.222584 0.000000
v -0.751984 -0.223481 0.000000
v -0.751857 -0.224392 0.000000
v -0.751762 -0.225315 0.000000
v -0.751695 -0.226245 0.000000
v -0.751652 -0.227179 0.000000
v -0.750868 -0.227179 0.000000
v -0.749997 -0.227179 0.000000
v -0.748906 -0.227179 0.000000
v -0.747669 -0.227179 0.000000
v -0.746357 -0.227179 0.000000
v -0.745046 -0.227179 0.000000
v -0.743808 -0.227179 0.000000
v -0.742717 -0.227179 0.000000
v -0.741271 -0.227179 0.000000
v -0.741135 -0.225389 0.000000
v -0.741292 -0.223642 0.000000
v -0.741531 -0.221941 0.000000
v -0.741853 -0.220293 0.000000
v -0.742258 -0.218703 0.000000
v -0.742746 -0.217174 0.000000
v -0.743316 -0.215713 0.000000
v -0.743969 -0.214325 0.000000
v -0.744705 -0.213013 0.000000
v -0.745523 -0.211784 0.000000
v -0.746424 -0.210642 0.000000
v -0.747407 -0.209592 0.000000
v -0.748301 -0.208785 0.000000
v -0.749235 -0.208042 0.000000
v -0.750213 -0.207363 0.000000
v -0.751238 -0.206751 0.000000
v -0.752314 -0.206207 0.000000
v -0.753443 -0.205731 0.000000
v -0.754630 -0.205325 0.000000
v -0.755877 -0.204990 0.000000
v -0.757187 -0.204727 0.000000
v -0.758565 -0.204538 0.000000
v -0.760012 -0.204423 0.000000
v -0.761534 -0.204385 0.000000
v -0.763235 -0.204438 0.000000
v -0.764850 -0.204595 0.000000
v -0.766381 -0.204850 0.000000
v -0.767830 -0.205200 0.000000
v -0.769199 -0.205640 0.000000
v -0.770491 -0.206164 0.000000
v -0.771707 -0.206769 0.000000
v -0.772850 -0.207451 0.000000
v -0.773921 -0.208203 0.000000
v -0.774923 -0.209022 0.000000
v -0.775859 -0.209903 0.000000
v -0.776729 -0.210842 0.000000
v -0.778087 -0.212556 0.000000
v -0.779244 -0.214362 0.000000
v -0.780215 -0.216316 0.000000
v -0.781016 -0.218473 0.000000
v -0.781663 -0.220890 0.000000
v -0.782172 -0.223622 0.000000
v -0.782559 -0.226726 0.000000
v -0.782840 -0.230256 0.000000
v -0.783031 -0.234270 0.000000
v -0.783148 -0.238822 0.000000
v -0.783206 -0.243968 0.000000
v -0.783222 -0.249765 0.000000
v -0.783206 -0.255567 0.000000
v -0.783148 -0.260717 0.000000
v -0.783031 -0.265271 0.000000
v -0.782841 -0.269285 0.000000
v -0.782560 -0.272816 0.000000
v -0.782173 -0.275919 0.000000
v -0.781664 -0.278650 0.000000
v -0.781017 -0.281065 0.000000
v -0.780216 -0.283221 0.000000
v -0.779245 -0.285173 0.000000
v -0.778088 -0.286978 0.000000
v -0.776729 -0.288691 0.000000
v -0.775859 -0.289626 0.000000
v -0.774923 -0.290505 0.000000
v -0.773921 -0.291325 0.000000
v -0.772850 -0.292079 0.000000
v -0.771707 -0.292762 0.000000
v -0.770491 -0.293371 0.000000
v -0.769199 -0.293899 0.000000
v -0.767830 -0.294342 0.000000
v -0.766381 -0.294696 0.000000
v -0.764850 -0.294954 0.000000
v -0.763235 -0.295113 0.000000
v -0.761534 -0.295167 0.000000
v -0.760096 -0.295131 0.000000
v -0.758718 -0.295022 0.000000
v -0.757397 -0.294843 0.000000
v -0.756133 -0.294595 0.000000
v -0.754922 -0.294279 0.000000
v -0.753763 -0.293897 0.000000
v -0.752654 -0.293450 0.000000
v -0.751593 -0.292940 0.000000
v -0.750578 -0.292367 0.000000
v -0.749607 -0.291734 0.000000
v -0.748677 -0.291041 0.000000
v -0.747787 -0.290290 0.000000
v -0.746743 -0.289247 0.000000
v -0.745787 -0.288099 0.000000
v -0.744919 -0.286852 0.000000
v -0.744138 -0.285513 0.000000
v -0.743445 -0.284088 0.000000
v -0.742841 -0.282583 0.000000
v -0.742324 -0.281004 0.000000
v -0.741895 -0.279357 0.000000
v -0.741554 -0.277648 0.000000
v -0.741302 -0.275883 0.000000
v -0.741138 -0.274069 0.000000
v -0.684158 -0.294168 0.000000
v -0.684158 -0.205369 0.000000
v -0.694838 -0.205369 0.000000
v -0.694838 -0.244166 0.000000
v -0.714585 -0.244166 0.000000
v -0.714585 -0.205369 0.000000
v -0.725301 -0.205369 0.000000
v -0.725301 -0.294168 0.000000
v -0.714585 -0.294168 0.000000
v -0.714585 -0.253756 0.000000
v -0.694838 -0.253756 0.000000
v -0.694838 -0.294168 0.000000
v -0.622447 -0.294168 0.000000
v -0.622447 -0.205369 0.000000
v -0.633163 -0.205369 0.000000
v -0.633163 -0.266104 0.000000
v -0.655885 -0.205369 0.000000
v -0.665842 -0.205369 0.000000
v -0.665842 -0.294168 0.000000
v -0.655143 -0.294168 0.000000
v -0.655143 -0.233435 0.000000
v -0.632168 -0.294168 0.000000
v -0.592016 -0.205369 0.000000
v -0.602715 -0.205369 0.000000
v -0.602715 -0.294168 0.000000
v -0.592016 -0.294168 0.000000
v -0.533954 -0.270344 0.000000
v -0.534006 -0.267012 0.000000
v -0.534175 -0.263982 0.000000
v -0.534481 -0.261235 0.000000
v -0.534940 -0.258751 0.000000
v -0.535573 -0.256511 0.000000
v -0.536399 -0.254495 0.000000
v -0.537435 -0.252684 0.000000
v -0.538700 -0.251058 0.000000
v -0.540214 -0.249597 0.000000
v -0.541995 -0.248283 0.000000
v -0.544062 -0.247095 0.000000
v -0.546629 -0.245934 0.000000
v -0.547991 -0.245374 0.000000
v -0.549018 -0.244953 0.000000
v -0.550183 -0.244474 0.000000
v -0.551418 -0.243966 0.000000
v -0.552653 -0.243459 0.000000
v -0.553818 -0.242980 0.000000
v -0.554845 -0.242558 0.000000
v -0.555665 -0.242222 0.000000
v -0.556403 -0.241918 0.000000
v -0.558067 -0.241170 0.000000
v -0.559506 -0.240416 0.000000
v -0.560735 -0.239633 0.000000
v -0.561770 -0.238799 0.000000
v -0.562626 -0.237891 0.000000
v -0.563318 -0.236886 0.000000
v -0.563862 -0.235762 0.000000
v -0.564272 -0.234496 0.000000
v -0.564565 -0.233065 0.000000
v -0.564755 -0.231446 0.000000
v -0.564858 -0.229618 0.000000
v -0.564889 -0.227557 0.000000
v -0.564868 -0.226426 0.000000
v -0.564805 -0.225338 0.000000
v -0.564700 -0.224292 0.000000
v -0.564552 -0.223289 0.000000
v -0.564361 -0.222330 0.000000
v -0.564126 -0.221417 0.000000
v -0.563847 -0.220549 0.000000
v -0.563523 -0.219729 0.000000
v -0.563154 -0.218956 0.000000
v -0.562739 -0.218232 0.000000
v -0.562279 -0.217558 0.000000
v -0.561772 -0.216935 0.000000
v -0.560965 -0.216180 0.000000
v -0.560027 -0.215522 0.000000
v -0.558370 -0.214754 0.000000
v -0.556404 -0.214306 0.000000
v -0.554917 -0.214215 0.000000
v -0.554090 -0.214239 0.000000
v -0.553306 -0.214307 0.000000
v -0.551204 -0.214773 0.000000
v -0.549460 -0.215601 0.000000
v -0.548489 -0.216337 0.000000
v -0.547664 -0.217207 0.000000
v -0.547138 -0.217902 0.000000
v -0.546680 -0.218620 0.000000
v -0.546287 -0.219367 0.000000
v -0.545954 -0.220145 0.000000
v -0.545676 -0.220958 0.000000
v -0.545450 -0.221811 0.000000
v -0.545271 -0.222705 0.000000
v -0.545134 -0.223646 0.000000
v -0.545035 -0.224636 0.000000
v -0.544970 -0.225679 0.000000
v -0.544934 -0.226780 0.000000
v -0.544923 -0.227940 0.000000
v -0.544129 -0.227940 0.000000
v -0.543249 -0.227940 0.000000
v -0.542145 -0.227940 0.000000
v -0.540893 -0.227940 0.000000
v -0.539566 -0.227940 0.000000
v -0.538239 -0.227940 0.000000
v -0.536987 -0.227940 0.000000
v -0.535883 -0.227940 0.000000
v -0.535003 -0.227940 0.000000
v -0.534209 -0.227940 0.000000
v -0.534239 -0.225963 0.000000
v -0.534332 -0.224080 0.000000
v -0.534494 -0.222289 0.000000
v -0.534732 -0.220586 0.000000
v -0.535052 -0.218967 0.000000
v -0.535458 -0.217430 0.000000
v -0.535958 -0.215970 0.000000
v -0.536557 -0.214585 0.000000
v -0.537261 -0.213271 0.000000
v -0.538077 -0.212024 0.000000
v -0.539009 -0.210841 0.000000
v -0.540065 -0.209718 0.000000
v -0.540935 -0.208940 0.000000
v -0.541870 -0.208220 0.000000
v -0.542868 -0.207559 0.000000
v -0.543931 -0.206960 0.000000
v -0.545058 -0.206424 0.000000
v -0.546251 -0.205954 0.000000
v -0.547509 -0.205550 0.000000
v -0.548833 -0.205216 0.000000
v -0.550223 -0.204953 0.000000
v -0.551679 -0.204763 0.000000
v -0.553202 -0.204647 0.000000
v -0.554792 -0.204608 0.000000
v -0.556237 -0.204647 0.000000
v -0.557633 -0.204763 0.000000
v -0.558982 -0.204953 0.000000
v -0.560282 -0.205216 0.000000
v -0.561533 -0.205550 0.000000
v -0.562736 -0.205954 0.000000
v -0.563888 -0.206424 0.000000
v -0.564992 -0.206960 0.000000
v -0.566045 -0.207559 0.000000
v -0.567047 -0.208220 0.000000
v -0.567999 -0.208940 0.000000
v -0.568900 -0.209718 0.000000
v -0.569969 -0.210798 0.000000
v -0.570946 -0.211966 0.000000
v -0.571830 -0.213222 0.000000
v -0.572622 -0.214560 0.000000
v -0.573321 -0.215980 0.000000
v -0.573928 -0.217478 0.000000
v -0.574441 -0.219050 0.000000
v -0.574861 -0.220695 0.000000
v -0.575188 -0.222410 0.000000
v -0.575422 -0.224190 0.000000
v -0.575563 -0.226035 0.000000
v -0.575609 -0.227940 0.000000
v -0.575545 -0.231135 0.000000
v -0.575345 -0.234000 0.000000
v -0.575000 -0.236562 0.000000
v -0.574497 -0.238847 0.000000
v -0.573826 -0.240878 0.000000
v -0.572977 -0.242682 0.000000
v -0.571939 -0.244284 0.000000
v -0.570701 -0.245709 0.000000
v -0.569251 -0.246983 0.000000
v -0.567580 -0.248131 0.000000
v -0.565677 -0.249178 0.000000
v -0.563531 -0.250149 0.000000
v -0.562782 -0.250454 0.000000
v -0.561950 -0.250792 0.000000
v -0.560908 -0.251216 0.000000
v -0.559726 -0.251697 0.000000
v -0.558473 -0.252207 0.000000
v -0.557220 -0.252716 0.000000
v -0.556038 -0.253198 0.000000
v -0.554996 -0.253621 0.000000
v -0.554164 -0.253960 0.000000
v -0.553415 -0.254264 0.000000
v -0.551723 -0.255019 0.000000
v -0.550255 -0.255802 0.000000
v -0.548996 -0.256640 0.000000
v -0.547932 -0.257556 0.000000
v -0.547048 -0.258574 0.000000
v -0.546330 -0.259719 0.000000
v -0.545762 -0.261014 0.000000
v -0.545331 -0.262484 0.000000
v -0.545021 -0.264154 0.000000
v -0.544817 -0.266047 0.000000
v -0.544706 -0.268187 0.000000
v -0.544672 -0.270599 0.000000
v -0.544684 -0.272016 0.000000
v -0.544721 -0.273335 0.000000
v -0.544788 -0.274562 0.000000
v -0.544891 -0.275703 0.000000
v -0.545034 -0.276764 0.000000
v -0.545221 -0.277751 0.000000
v -0.545457 -0.278670 0.000000
v -0.545747 -0.279527 0.000000
v -0.546095 -0.280327 0.000000
v -0.546506 -0.281078 0.000000
v -0.546985 -0.281785 0.000000
v -0.547960 -0.282877 0.000000
v -0.549432 -0.283972 0.000000
v -0.550599 -0.284541 0.000000
v -0.552670 -0.285117 0.000000
v -0.553454 -0.285228 0.000000
v -0.554287 -0.285296 0.000000
v -0.555172 -0.285319 0.000000
v -0.555993 -0.285296 0.000000
v -0.556779 -0.285229 0.000000
v -0.558242 -0.284968 0.000000
v -0.559554 -0.284554 0.000000
v -0.560711 -0.284004 0.000000
v -0.562143 -0.282961 0.000000
v -0.563089 -0.281926 0.000000
v -0.563575 -0.281251 0.000000
v -0.563997 -0.280530 0.000000
v -0.564358 -0.279758 0.000000
v -0.564663 -0.278929 0.000000
v -0.564915 -0.278035 0.000000
v -0.565118 -0.277070 0.000000
v -0.565275 -0.276028 0.000000
v -0.565391 -0.274903 0.000000
v -0.565470 -0.273687 0.000000
v -0.565514 -0.272375 0.000000
v -0.565528 -0.270960 0.000000
v -0.566322 -0.270960 0.000000
v -0.567203 -0.270960 0.000000
v -0.568307 -0.270960 0.000000
v -0.569560 -0.270960 0.000000
v -0.570887 -0.270960 0.000000
v -0.572214 -0.270960 0.000000
v -0.573467 -0.270960 0.000000
v -0.574571 -0.270960 0.000000
v -0.575452 -0.270960 0.000000
v -0.576246 -0.270960 0.000000
v -0.576217 -0.273246 0.000000
v -0.576125 -0.275360 0.000000
v -0.575966 -0.277315 0.000000
v -0.575736 -0.279123 0.000000
v -0.575430 -0.280794 0.000000
v -0.575042 -0.282341 0.000000
v -0.574569 -0.283776 0.000000
v -0.574005 -0.285109 0.000000
v -0.573346 -0.286354 0.000000
v -0.572587 -0.287522 0.000000
v -0.571724 -0.288624 0.000000
v -0.570751 -0.289673 0.000000
v -0.569848 -0.290514 0.000000
v -0.568871 -0.291286 0.000000
v -0.567820 -0.291989 0.000000
v -0.566697 -0.292620 0.000000
v -0.565501 -0.293181 0.000000
v -0.564234 -0.293669 0.000000
v -0.562897 -0.294084 0.000000
v -0.561489 -0.294425 0.000000
v -0.560012 -0.294692 0.000000
v -0.558467 -0.294884 0.000000
v -0.556854 -0.295000 0.000000
v -0.555174 -0.295038 0.000000
v -0.553436 -0.294995 0.000000
v -0.551775 -0.294866 0.000000
v -0.550191 -0.294656 0.000000
v -0.548685 -0.294368 0.000000
v -0.547256 -0.294006 0.000000
v -0.545906 -0.293572 0.000000
v -0.544633 -0.293071 0.000000
v -0.543439 -0.292506 0.000000
v -0.542324 -0.291880 0.000000
v -0.541287 -0.291197 0.000000
v -0.540330 -0.290460 0.000000
v -0.539451 -0.289673 0.000000
v -0.538451 -0.288581 0.000000
v -0.537569 -0.287416 0.000000
v -0.536801 -0.286170 0.000000
v -0.536138 -0.284838 0.000000
v -0.535577 -0.283414 0.000000
v -0.535110 -0.281892 0.000000
v -0.534731 -0.280265 0.000000
v -0.534435 -0.278527 0.000000
v -0.534216 -0.276672 0.000000
v -0.534066 -0.274694 0.000000
v -0.533981 -0.272587 0.000000
v -0.478191 -0.272212 0.000000
v -0.488783 -0.272212 0.000000
v -0.488827 -0.273153 0.000000
v -0.488900 -0.274093 0.000000
v -0.489003 -0.275030 0.000000
v -0.489138 -0.275957 0.000000
v -0.489308 -0.276870 0.000000
v -0.489514 -0.277763 0.000000
v -0.489759 -0.278633 0.000000
v -0.490045 -0.279474 0.000000
v -0.490375 -0.280282 0.000000
v -0.490750 -0.281051 0.000000
v -0.491173 -0.281777 0.000000
v -0.492013 -0.282882 0.000000
v -0.493336 -0.284037 0.000000
v -0.494411 -0.284666 0.000000
v -0.495650 -0.285150 0.000000
v -0.497059 -0.285461 0.000000
v -0.497830 -0.285542 0.000000
v -0.498645 -0.285570 0.000000
v -0.499493 -0.285542 0.000000
v -0.500295 -0.285459 0.000000
v -0.501767 -0.285140 0.000000
v -0.503068 -0.284634 0.000000
v -0.504713 -0.283570 0.000000
v -0.506009 -0.282203 0.000000
v -0.506735 -0.281076 0.000000
v -0.507360 -0.279791 0.000000
v -0.507890 -0.278309 0.000000
v -0.508334 -0.276592 0.000000
v -0.508698 -0.274602 0.000000
v -0.508990 -0.272300 0.000000
v -0.509217 -0.269646 0.000000
v -0.509387 -0.266604 0.000000
v -0.509506 -0.263133 0.000000
v -0.509582 -0.259195 0.000000
v -0.509622 -0.254752 0.000000
v -0.509634 -0.249765 0.000000
v -0.509622 -0.244779 0.000000
v -0.509582 -0.240337 0.000000
v -0.509506 -0.236400 0.000000
v -0.509387 -0.232929 0.000000
v -0.509217 -0.229886 0.000000
v -0.508990 -0.227232 0.000000
v -0.508698 -0.224928 0.000000
v -0.508334 -0.222936 0.000000
v -0.507890 -0.221218 0.000000
v -0.507360 -0.219734 0.000000
v -0.506735 -0.218445 0.000000
v -0.506009 -0.217314 0.000000
v -0.505182 -0.216380 0.000000
v -0.504204 -0.215567 0.000000
v -0.502438 -0.214623 0.000000
v -0.501053 -0.214208 0.000000
v -0.500295 -0.214073 0.000000
v -0.499493 -0.213991 0.000000
v -0.498645 -0.213962 0.000000
v -0.497829 -0.213991 0.000000
v -0.497059 -0.214073 0.000000
v -0.495010 -0.214607 0.000000
v -0.493336 -0.215498 0.000000
v -0.492417 -0.216244 0.000000
v -0.491646 -0.217078 0.000000
v -0.491151 -0.217754 0.000000
v -0.490713 -0.218474 0.000000
v -0.490330 -0.219233 0.000000
v -0.489998 -0.220028 0.000000
v -0.489713 -0.220854 0.000000
v -0.489474 -0.221707 0.000000
v -0.489275 -0.222584 0.000000
v -0.489114 -0.223481 0.000000
v -0.488988 -0.224392 0.000000
v -0.488893 -0.225315 0.000000
v -0.488825 -0.226245 0.000000
v -0.488783 -0.227179 0.000000
v -0.487998 -0.227179 0.000000
v -0.487128 -0.227179 0.000000
v -0.486037 -0.227179 0.000000
v -0.484798 -0.227179 0.000000
v -0.483487 -0.227179 0.000000
v -0.482175 -0.227179 0.000000
v -0.480937 -0.227179 0.000000
v -0.479846 -0.227179 0.000000
v -0.478975 -0.227179 0.000000
v -0.478191 -0.227179 0.000000
v -0.478265 -0.225389 0.000000
v -0.478421 -0.223642 0.000000
v -0.478659 -0.221941 0.000000
v -0.478981 -0.220293 0.000000
v -0.479386 -0.218703 0.000000
v -0.479873 -0.217174 0.000000
v -0.480444 -0.215713 0.000000
v -0.481099 -0.214325 0.000000
v -0.481838 -0.213013 0.000000
v -0.482661 -0.211784 0.000000
v -0.483568 -0.210642 0.000000
v -0.484559 -0.209592 0.000000
v -0.485449 -0.208785 0.000000
v -0.486378 -0.208042 0.000000
v -0.487352 -0.207363 0.000000
v -0.488373 -0.206751 0.000000
v -0.489444 -0.206207 0.000000
v -0.490570 -0.205731 0.000000
v -0.491753 -0.205325 0.000000
v -0.492996 -0.204990 0.000000
v -0.494304 -0.204727 0.000000
v -0.495680 -0.204538 0.000000
v -0.497126 -0.204423 0.000000
v -0.498647 -0.204385 0.000000
v -0.500353 -0.204438 0.000000
v -0.501972 -0.204595 0.000000
v -0.503506 -0.204850 0.000000
v -0.504957 -0.205200 0.000000
v -0.506328 -0.205640 0.000000
v -0.507621 -0.206164 0.000000
v -0.508838 -0.206769 0.000000
v -0.509981 -0.207451 0.000000
v -0.511053 -0.208203 0.000000
v -0.512056 -0.209022 0.000000
v -0.512991 -0.209903 0.000000
v -0.513862 -0.210842 0.000000
v -0.515220 -0.212556 0.000000
v -0.516375 -0.214362 0.000000
v -0.517345 -0.216316 0.000000
v -0.518144 -0.218473 0.000000
v -0.518789 -0.220890 0.000000
v -0.519296 -0.223622 0.000000
v -0.519681 -0.226726 0.000000
v -0.519960 -0.230256 0.000000
v -0.520149 -0.234270 0.000000
v -0.520265 -0.238822 0.000000
v -0.520322 -0.243968 0.000000
v -0.520337 -0.249765 0.000000
v -0.520322 -0.255567 0.000000
v -0.520264 -0.260717 0.000000
v -0.520149 -0.265271 0.000000
v -0.519960 -0.269285 0.000000
v -0.519681 -0.272816 0.000000
v -0.519296 -0.275919 0.000000
v -0.518789 -0.278650 0.000000
v -0.518144 -0.281065 0.000000
v -0.517345 -0.283221 0.000000
v -0.516375 -0.285173 0.000000
v -0.515220 -0.286978 0.000000
v -0.513862 -0.288691 0.000000
v -0.512991 -0.289626 0.000000
v -0.512056 -0.290505 0.000000
v -0.511053 -0.291325 0.000000
v -0.509982 -0.292079 0.000000
v -0.508838 -0.292762 0.000000
v -0.507621 -0.293371 0.000000
v -0.506328 -0.293899 0.000000
v -0.504957 -0.294342 0.000000
v -0.503506 -0.294696 0.000000
v -0.501972 -0.294954 0.000000
v -0.500353 -0.295113 0.000000
v -0.498647 -0.295167 0.000000
v -0.497210 -0.295131 0.000000
v -0.495834 -0.295022 0.000000
v -0.494517 -0.294843 0.000000
v -0.493256 -0.294595 0.000000
v -0.492049 -0.294279 0.000000
v -0.490894 -0.293897 0.000000
v -0.489788 -0.293450 0.000000
v -0.488729 -0.292940 0.000000
v -0.487716 -0.292367 0.000000
v -0.486744 -0.291734 0.000000
v -0.485813 -0.291041 0.000000
v -0.484920 -0.290290 0.000000
v -0.483872 -0.289247 0.000000
v -0.482913 -0.288099 0.000000
v -0.482043 -0.286852 0.000000
v -0.481262 -0.285513 0.000000
v -0.480570 -0.284088 0.000000
v -0.479966 -0.282583 0.000000
v -0.479450 -0.281004 0.000000
v -0.479022 -0.279357 0.000000
v -0.478683 -0.277648 0.000000
v -0.478431 -0.275883 0.000000
v -0.478267 -0.274069 0.000000
v -0.421943 -0.294168 0.000000
v -0.421943 -0.205369 0.000000
v -0.432657 -0.205369 0.000000
v -0.432657 -0.244166 0.000000
v -0.452369 -0.244166 0.000000
v -0.452369 -0.205369 0.000000
v -0.463088 -0.205369 0.000000
v -0.463088 -0.294168 0.000000
v -0.452369 -0.294168 0.000000
v -0.452369 -0.253756 0.000000
v -0.432657 -0.253756 0.000000
v -0.432657 -0.294168 0.000000
v -0.446675 0.294168 -0.000000
v -0.436754 0.294168 -0.000000
v -0.436754 -0.112760 0.000000
v -0.446675 -0.112760 0.000000
v -0.369355 -0.294168 0.000000
v -0.369355 -0.284577 0.000000
v -0.392928 -0.284577 0.000000
v -0.392928 -0.254372 0.000000
v -0.372598 -0.254372 0.000000
v -0.372598 -0.244781 0.000000
v -0.392928 -0.244781 0.000000
v -0.392928 -0.214957 0.000000
v -0.369355 -0.214957 0.000000
v -0.369355 -0.205367 0.000000
v -0.403627 -0.205367 0.000000
v -0.403627 -0.294166 0.000000
v -0.284523 -0.294168 0.000000
v -0.284523 -0.205369 0.000000
v -0.295222 -0.205369 0.000000
v -0.295222 -0.244166 0.000000
v -0.314934 -0.244166 0.000000
v -0.314934 -0.205369 0.000000
v -0.325668 -0.205369 0.000000
v -0.325668 -0.294168 0.000000
v -0.314934 -0.294168 0.000000
v -0.314934 -0.253756 0.000000
v -0.295222 -0.253756 0.000000
v -0.295222 -0.294168 0.000000
v -0.235596 -0.249767 0.000000
v -0.235610 -0.254754 0.000000
v -0.235656 -0.259197 0.000000
v -0.235741 -0.263135 0.000000
v -0.235872 -0.266606 0.000000
v -0.236055 -0.269648 0.000000
v -0.236297 -0.272302 0.000000
v -0.236604 -0.274604 0.000000
v -0.236983 -0.276594 0.000000
v -0.237441 -0.278311 0.000000
v -0.237984 -0.279793 0.000000
v -0.238619 -0.281078 0.000000
v -0.239739 -0.282691 0.000000
v -0.240617 -0.283573 0.000000
v -0.241642 -0.284320 0.000000
v -0.243485 -0.285143 0.000000
v -0.244937 -0.285461 0.000000
v -0.245736 -0.285544 0.000000
v -0.246584 -0.285572 0.000000
v -0.247436 -0.285544 0.000000
v -0.248241 -0.285461 0.000000
v -0.249000 -0.285326 0.000000
v -0.250386 -0.284911 0.000000
v -0.251601 -0.284319 0.000000
v -0.252655 -0.283572 0.000000
v -0.253554 -0.282690 0.000000
v -0.254675 -0.281078 0.000000
v -0.255299 -0.279793 0.000000
v -0.255829 -0.278311 0.000000
v -0.256271 -0.276594 0.000000
v -0.256633 -0.274604 0.000000
v -0.256922 -0.272302 0.000000
v -0.257147 -0.269648 0.000000
v -0.257314 -0.266606 0.000000
v -0.257431 -0.263135 0.000000
v -0.257506 -0.259197 0.000000
v -0.257545 -0.254754 0.000000
v -0.257556 -0.249767 0.000000
v -0.257545 -0.244781 0.000000
v -0.257506 -0.240339 0.000000
v -0.257431 -0.236402 0.000000
v -0.257314 -0.232931 0.000000
v -0.257147 -0.229888 0.000000
v -0.256922 -0.227234 0.000000
v -0.256633 -0.224930 0.000000
v -0.256271 -0.222938 0.000000
v -0.255829 -0.221220 0.000000
v -0.255299 -0.219736 0.000000
v -0.254675 -0.218447 0.000000
v -0.253948 -0.217316 0.000000
v -0.253123 -0.216382 0.000000
v -0.251601 -0.215215 0.000000
v -0.250386 -0.214625 0.000000
v -0.249000 -0.214210 0.000000
v -0.248241 -0.214076 0.000000
v -0.247436 -0.213993 0.000000
v -0.246584 -0.213965 0.000000
v -0.245736 -0.213993 0.000000
v -0.244937 -0.214076 0.000000
v -0.244187 -0.214211 0.000000
v -0.242827 -0.214626 0.000000
v -0.241110 -0.215571 0.000000
v -0.240161 -0.216383 0.000000
v -0.239352 -0.217316 0.000000
v -0.238619 -0.218447 0.000000
v -0.237984 -0.219736 0.000000
v -0.237441 -0.221220 0.000000
v -0.236983 -0.222938 0.000000
v -0.236604 -0.224930 0.000000
v -0.236297 -0.227234 0.000000
v -0.236055 -0.229888 0.000000
v -0.235872 -0.232931 0.000000
v -0.235741 -0.236402 0.000000
v -0.235656 -0.240339 0.000000
v -0.235610 -0.244781 0.000000
v -0.224882 -0.249767 0.000000
v -0.224900 -0.243963 0.000000
v -0.224963 -0.238797 0.000000
v -0.225087 -0.234218 0.000000
v -0.225287 -0.230173 0.000000
v -0.225576 -0.226611 0.000000
v -0.225970 -0.223481 0.000000
v -0.226483 -0.220729 0.000000
v -0.227131 -0.218305 0.000000
v -0.227927 -0.216156 0.000000
v -0.228886 -0.214231 0.000000
v -0.230024 -0.212478 0.000000
v -0.231355 -0.210844 0.000000
v -0.232252 -0.209905 0.000000
v -0.233206 -0.209024 0.000000
v -0.234219 -0.208205 0.000000
v -0.235296 -0.207453 0.000000
v -0.236439 -0.206772 0.000000
v -0.237652 -0.206167 0.000000
v -0.238938 -0.205642 0.000000
v -0.240301 -0.205202 0.000000
v -0.241744 -0.204853 0.000000
v -0.243270 -0.204597 0.000000
v -0.244883 -0.204440 0.000000
v -0.246587 -0.204387 0.000000
v -0.248287 -0.204440 0.000000
v -0.249897 -0.204597 0.000000
v -0.251421 -0.204853 0.000000
v -0.252862 -0.205202 0.000000
v -0.254223 -0.205642 0.000000
v -0.255508 -0.206167 0.000000
v -0.256720 -0.206772 0.000000
v -0.257863 -0.207453 0.000000
v -0.258939 -0.208205 0.000000
v -0.259953 -0.209024 0.000000
v -0.260907 -0.209905 0.000000
v -0.261805 -0.210844 0.000000
v -0.263136 -0.212478 0.000000
v -0.264273 -0.214232 0.000000
v -0.265233 -0.216157 0.000000
v -0.266028 -0.218306 0.000000
v -0.266676 -0.220730 0.000000
v -0.267189 -0.223481 0.000000
v -0.267582 -0.226612 0.000000
v -0.267872 -0.230174 0.000000
v -0.268071 -0.234218 0.000000
v -0.268195 -0.238797 0.000000
v -0.268259 -0.243963 0.000000
v -0.268277 -0.249767 0.000000
v -0.268259 -0.255576 0.000000
v -0.268195 -0.260745 0.000000
v -0.268071 -0.265327 0.000000
v -0.267872 -0.269372 0.000000
v -0.267582 -0.272934 0.000000
v -0.267189 -0.276064 0.000000
v -0.266676 -0.278814 0.000000
v -0.266028 -0.281237 0.000000
v -0.265233 -0.283384 0.000000
v -0.264273 -0.285308 0.000000
v -0.263136 -0.287060 0.000000
v -0.261805 -0.288693 0.000000
v -0.260907 -0.289628 0.000000
v -0.259953 -0.290508 0.000000
v -0.258939 -0.291327 0.000000
v -0.257863 -0.292081 0.000000
v -0.256721 -0.292764 0.000000
v -0.255509 -0.293373 0.000000
v -0.254224 -0.293901 0.000000
v -0.252863 -0.294344 0.000000
v -0.251422 -0.294698 0.000000
v -0.249898 -0.294956 0.000000
v -0.248287 -0.295115 0.000000
v -0.246587 -0.295169 0.000000
v -0.244883 -0.295115 0.000000
v -0.243270 -0.294956 0.000000
v -0.241743 -0.294698 0.000000
v -0.240300 -0.294345 0.000000
v -0.238937 -0.293901 0.000000
v -0.237651 -0.293373 0.000000
v -0.236438 -0.292764 0.000000
v -0.235295 -0.292081 0.000000
v -0.234219 -0.291327 0.000000
v -0.233205 -0.290508 0.000000
v -0.232252 -0.289628 0.000000
v -0.231355 -0.288693 0.000000
v -0.230024 -0.287060 0.000000
v -0.228886 -0.285307 0.000000
v -0.227927 -0.283384 0.000000
v -0.227131 -0.281236 0.000000
v -0.226483 -0.278814 0.000000
v -0.225970 -0.276063 0.000000
v -0.225576 -0.272933 0.000000
v -0.225287 -0.269372 0.000000
v -0.225087 -0.265326 0.000000
v -0.224963 -0.260745 0.000000
v -0.224900 -0.255576 0.000000
v -0.167452 -0.272212 0.000000
v -0.178022 -0.272212 0.000000
v -0.178072 -0.273153 0.000000
v -0.178149 -0.274093 0.000000
v -0.178256 -0.275030 0.000000
v -0.178395 -0.275957 0.000000
v -0.178568 -0.276870 0.000000
v -0.178777 -0.277763 0.000000
v -0.179024 -0.278633 0.000000
v -0.179312 -0.279474 0.000000
v -0.179642 -0.280282 0.000000
v -0.180016 -0.281051 0.000000
v -0.180436 -0.281777 0.000000
v -0.180905 -0.282454 0.000000
v -0.181669 -0.283290 0.000000
v -0.182584 -0.284037 0.000000
v -0.183658 -0.284666 0.000000
v -0.184899 -0.285150 0.000000
v -0.186312 -0.285461 0.000000
v -0.187085 -0.285542 0.000000
v -0.187904 -0.285570 0.000000
v -0.188757 -0.285542 0.000000
v -0.189563 -0.285459 0.000000
v -0.190324 -0.285324 0.000000
v -0.192344 -0.284634 0.000000
v -0.193482 -0.283962 0.000000
v -0.194891 -0.282688 0.000000
v -0.196007 -0.281076 0.000000
v -0.196628 -0.279791 0.000000
v -0.197154 -0.278309 0.000000
v -0.197594 -0.276592 0.000000
v -0.197954 -0.274602 0.000000
v -0.198243 -0.272300 0.000000
v -0.198466 -0.269646 0.000000
v -0.198633 -0.266604 0.000000
v -0.198749 -0.263133 0.000000
v -0.198823 -0.259195 0.000000
v -0.198862 -0.254752 0.000000
v -0.198874 -0.249765 0.000000
v -0.198862 -0.244779 0.000000
v -0.198823 -0.240337 0.000000
v -0.198749 -0.236400 0.000000
v -0.198633 -0.232929 0.000000
v -0.198466 -0.229886 0.000000
v -0.198243 -0.227232 0.000000
v -0.197954 -0.224928 0.000000
v -0.197594 -0.222936 0.000000
v -0.197154 -0.221218 0.000000
v -0.196628 -0.219734 0.000000
v -0.196007 -0.218445 0.000000
v -0.194891 -0.216833 0.000000
v -0.193989 -0.215957 0.000000
v -0.192344 -0.214898 0.000000
v -0.191040 -0.214392 0.000000
v -0.189563 -0.214073 0.000000
v -0.188757 -0.213991 0.000000
v -0.187904 -0.213962 0.000000
v -0.187085 -0.213991 0.000000
v -0.186311 -0.214073 0.000000
v -0.184898 -0.214384 0.000000
v -0.183658 -0.214869 0.000000
v -0.182583 -0.215498 0.000000
v -0.181668 -0.216244 0.000000
v -0.180905 -0.217078 0.000000
v -0.180406 -0.217754 0.000000
v -0.179965 -0.218474 0.000000
v -0.179580 -0.219233 0.000000
v -0.179247 -0.220028 0.000000
v -0.178962 -0.220854 0.000000
v -0.178722 -0.221707 0.000000
v -0.178523 -0.222584 0.000000
v -0.178362 -0.223481 0.000000
v -0.178235 -0.224392 0.000000
v -0.178138 -0.225315 0.000000
v -0.178069 -0.226245 0.000000
v -0.178022 -0.227179 0.000000
v -0.177239 -0.227179 0.000000
v -0.176371 -0.227179 0.000000
v -0.175282 -0.227179 0.000000
v -0.174046 -0.227179 0.000000
v -0.172737 -0.227179 0.000000
v -0.171428 -0.227179 0.000000
v -0.170192 -0.227179 0.000000
v -0.169104 -0.227179 0.000000
v -0.168235 -0.227179 0.000000
v -0.167452 -0.227179 0.000000
v -0.167525 -0.225389 0.000000
v -0.167681 -0.223642 0.000000
v -0.167921 -0.221941 0.000000
v -0.168243 -0.220293 0.000000
v -0.168649 -0.218703 0.000000
v -0.169138 -0.217174 0.000000
v -0.169710 -0.215713 0.000000
v -0.170365 -0.214325 0.000000
v -0.171103 -0.213013 0.000000
v -0.171924 -0.211784 0.000000
v -0.172829 -0.210642 0.000000
v -0.173816 -0.209592 0.000000
v -0.174705 -0.208785 0.000000
v -0.175634 -0.208042 0.000000
v -0.176607 -0.207363 0.000000
v -0.177626 -0.206751 0.000000
v -0.178697 -0.206207 0.000000
v -0.179821 -0.205731 0.000000
v -0.181003 -0.205325 0.000000
v -0.182247 -0.204990 0.000000
v -0.183555 -0.204727 0.000000
v -0.184931 -0.204538 0.000000
v -0.186380 -0.204423 0.000000
v -0.187904 -0.204385 0.000000
v -0.189606 -0.204438 0.000000
v -0.191222 -0.204595 0.000000
v -0.192754 -0.204850 0.000000
v -0.194204 -0.205200 0.000000
v -0.195575 -0.205640 0.000000
v -0.196869 -0.206164 0.000000
v -0.198088 -0.206769 0.000000
v -0.199234 -0.207451 0.000000
v -0.200310 -0.208203 0.000000
v -0.201318 -0.209022 0.000000
v -0.202261 -0.209903 0.000000
v -0.203140 -0.210842 0.000000
v -0.204493 -0.212556 0.000000
v -0.205645 -0.214362 0.000000
v -0.206611 -0.216316 0.000000
v -0.207407 -0.218473 0.000000
v -0.208050 -0.220890 0.000000
v -0.208555 -0.223622 0.000000
v -0.208938 -0.226726 0.000000
v -0.209216 -0.230256 0.000000
v -0.209405 -0.234270 0.000000
v -0.209520 -0.238822 0.000000
v -0.209577 -0.243968 0.000000
v -0.209592 -0.249765 0.000000
v -0.209577 -0.255567 0.000000
v -0.209520 -0.260717 0.000000
v -0.209405 -0.265271 0.000000
v -0.209216 -0.269285 0.000000
v -0.208938 -0.272816 0.000000
v -0.208555 -0.275919 0.000000
v -0.208050 -0.278650 0.000000
v -0.207407 -0.281065 0.000000
v -0.206611 -0.283221 0.000000
v -0.205645 -0.285173 0.000000
v -0.204493 -0.286978 0.000000
v -0.203140 -0.288691 0.000000
v -0.202261 -0.289626 0.000000
v -0.201318 -0.290505 0.000000
v -0.200310 -0.291325 0.000000
v -0.199234 -0.292079 0.000000
v -0.198088 -0.292762 0.000000
v -0.196869 -0.293371 0.000000
v -0.195575 -0.293899 0.000000
v -0.194204 -0.294342 0.000000
v -0.192754 -0.294696 0.000000
v -0.191222 -0.294954 0.000000
v -0.189606 -0.295113 0.000000
v -0.187904 -0.295167 0.000000
v -0.186471 -0.295131 0.000000
v -0.185097 -0.295022 0.000000
v -0.183782 -0.294843 0.000000
v -0.182521 -0.294595 0.000000
v -0.181314 -0.294279 0.000000
v -0.180159 -0.293897 0.000000
v -0.179052 -0.293450 0.000000
v -0.177992 -0.292940 0.000000
v -0.176977 -0.292367 0.000000
v -0.176005 -0.291734 0.000000
v -0.175074 -0.291041 0.000000
v -0.174181 -0.290290 0.000000
v -0.173136 -0.289247 0.000000
v -0.172179 -0.288099 0.000000
v -0.171310 -0.286852 0.000000
v -0.170529 -0.285513 0.000000
v -0.169836 -0.284088 0.000000
v -0.169231 -0.282583 0.000000
v -0.168714 -0.281004 0.000000
v -0.168285 -0.279357 0.000000
v -0.167944 -0.277648 0.000000
v -0.167692 -0.275883 0.000000
v -0.167528 -0.274069 0.000000
v -0.110528 -0.294168 0.000000
v -0.110528 -0.205369 0.000000
v -0.121247 -0.205369 0.000000
v -0.121247 -0.244166 0.000000
v -0.140974 -0.244166 0.000000
v -0.140974 -0.205369 0.000000
v -0.151673 -0.205369 0.000000
v -0.151673 -0.294168 0.000000
v -0.140974 -0.294168 0.000000
v -0.140974 -0.253756 0.000000
v -0.121247 -0.253756 0.000000
v -0.121247 -0.294168 0.000000
v -0.052464 -0.270344 0.000000
v -0.052516 -0.267012 0.000000
v -0.052687 -0.263982 0.000000
v -0.052993 -0.261235 0.000000
v -0.053454 -0.258751 0.000000
v -0.054087 -0.256511 0.000000
v -0.054913 -0.254495 0.000000
v -0.055948 -0.252684 0.000000
v -0.057212 -0.251058 0.000000
v -0.058723 -0.249597 0.000000
v -0.060500 -0.248283 0.000000
v -0.062561 -0.247095 0.000000
v -0.064924 -0.246014 0.000000
v -0.065666 -0.245711 0.000000
v -0.066488 -0.245374 0.000000
v -0.067519 -0.244953 0.000000
v -0.068690 -0.244474 0.000000
v -0.069929 -0.243966 0.000000
v -0.071169 -0.243459 0.000000
v -0.072339 -0.242980 0.000000
v -0.073371 -0.242558 0.000000
v -0.074193 -0.242222 0.000000
v -0.074935 -0.241918 0.000000
v -0.076591 -0.241170 0.000000
v -0.078025 -0.240416 0.000000
v -0.079251 -0.239633 0.000000
v -0.080285 -0.238799 0.000000
v -0.081142 -0.237891 0.000000
v -0.081836 -0.236886 0.000000
v -0.082382 -0.235762 0.000000
v -0.082796 -0.234496 0.000000
v -0.083091 -0.233065 0.000000
v -0.083284 -0.231446 0.000000
v -0.083389 -0.229618 0.000000
v -0.083420 -0.227557 0.000000
v -0.083399 -0.226426 0.000000
v -0.083337 -0.225338 0.000000
v -0.083232 -0.224292 0.000000
v -0.083084 -0.223289 0.000000
v -0.082892 -0.222330 0.000000
v -0.082657 -0.221417 0.000000
v -0.082378 -0.220549 0.000000
v -0.082054 -0.219729 0.000000
v -0.081686 -0.218956 0.000000
v -0.081271 -0.218232 0.000000
v -0.080811 -0.217558 0.000000
v -0.079911 -0.216546 0.000000
v -0.079032 -0.215838 0.000000
v -0.077471 -0.214978 0.000000
v -0.075608 -0.214416 0.000000
v -0.074192 -0.214239 0.000000
v -0.073431 -0.214215 0.000000
v -0.072612 -0.214239 0.000000
v -0.071833 -0.214307 0.000000
v -0.070394 -0.214576 0.000000
v -0.069112 -0.215011 0.000000
v -0.067985 -0.215601 0.000000
v -0.067013 -0.216337 0.000000
v -0.066194 -0.217207 0.000000
v -0.065667 -0.217902 0.000000
v -0.065209 -0.218620 0.000000
v -0.064815 -0.219367 0.000000
v -0.064480 -0.220145 0.000000
v -0.064201 -0.220958 0.000000
v -0.063973 -0.221811 0.000000
v -0.063791 -0.222705 0.000000
v -0.063653 -0.223646 0.000000
v -0.063552 -0.224636 0.000000
v -0.063486 -0.225679 0.000000
v -0.063449 -0.226780 0.000000
v -0.063438 -0.227940 0.000000
v -0.062644 -0.227940 0.000000
v -0.061764 -0.227940 0.000000
v -0.060660 -0.227940 0.000000
v -0.059407 -0.227940 0.000000
v -0.058081 -0.227940 0.000000
v -0.056754 -0.227940 0.000000
v -0.055501 -0.227940 0.000000
v -0.054398 -0.227940 0.000000
v -0.053517 -0.227940 0.000000
v -0.052723 -0.227940 0.000000
v -0.052753 -0.225963 0.000000
v -0.052846 -0.224080 0.000000
v -0.053009 -0.222289 0.000000
v -0.053247 -0.220586 0.000000
v -0.053566 -0.218967 0.000000
v -0.053972 -0.217430 0.000000
v -0.054472 -0.215970 0.000000
v -0.055071 -0.214585 0.000000
v -0.055775 -0.213271 0.000000
v -0.056590 -0.212024 0.000000
v -0.057522 -0.210841 0.000000
v -0.058577 -0.209718 0.000000
v -0.059452 -0.208940 0.000000
v -0.060389 -0.208220 0.000000
v -0.061388 -0.207559 0.000000
v -0.062452 -0.206960 0.000000
v -0.063579 -0.206424 0.000000
v -0.064770 -0.205954 0.000000
v -0.066027 -0.205550 0.000000
v -0.067349 -0.205216 0.000000
v -0.068738 -0.204953 0.000000
v -0.070193 -0.204763 0.000000
v -0.071715 -0.204647 0.000000
v -0.073305 -0.204608 0.000000
v -0.074749 -0.204647 0.000000
v -0.076146 -0.204763 0.000000
v -0.077495 -0.204953 0.000000
v -0.078795 -0.205216 0.000000
v -0.080047 -0.205550 0.000000
v -0.081249 -0.205954 0.000000
v -0.082401 -0.206424 0.000000
v -0.083504 -0.206960 0.000000
v -0.084557 -0.207559 0.000000
v -0.085560 -0.208220 0.000000
v -0.086511 -0.208940 0.000000
v -0.087412 -0.209718 0.000000
v -0.088486 -0.210798 0.000000
v -0.089466 -0.211966 0.000000
v -0.090354 -0.213222 0.000000
v -0.091148 -0.214560 0.000000
v -0.091849 -0.215980 0.000000
v -0.092457 -0.217478 0.000000
v -0.092971 -0.219050 0.000000
v -0.093392 -0.220695 0.000000
v -0.093720 -0.222410 0.000000
v -0.093954 -0.224190 0.000000
v -0.094094 -0.226035 0.000000
v -0.094141 -0.227940 0.000000
v -0.094077 -0.231135 0.000000
v -0.093877 -0.234000 0.000000
v -0.093530 -0.236562 0.000000
v -0.093027 -0.238847 0.000000
v -0.092355 -0.240878 0.000000
v -0.091504 -0.242682 0.000000
v -0.090462 -0.244284 0.000000
v -0.089220 -0.245709 0.000000
v -0.087767 -0.246983 0.000000
v -0.086090 -0.248131 0.000000
v -0.084180 -0.249178 0.000000
v -0.082026 -0.250149 0.000000
v -0.081278 -0.250454 0.000000
v -0.080448 -0.250792 0.000000
v -0.079408 -0.251216 0.000000
v -0.078227 -0.251697 0.000000
v -0.076977 -0.252207 0.000000
v -0.075726 -0.252716 0.000000
v -0.074546 -0.253198 0.000000
v -0.073505 -0.253621 0.000000
v -0.072675 -0.253960 0.000000
v -0.071927 -0.254264 0.000000
v -0.070236 -0.255019 0.000000
v -0.068768 -0.255802 0.000000
v -0.067511 -0.256640 0.000000
v -0.066449 -0.257556 0.000000
v -0.065568 -0.258574 0.000000
v -0.064852 -0.259719 0.000000
v -0.064286 -0.261014 0.000000
v -0.063857 -0.262484 0.000000
v -0.063549 -0.264154 0.000000
v -0.063347 -0.266047 0.000000
v -0.063237 -0.268187 0.000000
v -0.063204 -0.270599 0.000000
v -0.063215 -0.272016 0.000000
v -0.063252 -0.273335 0.000000
v -0.063320 -0.274562 0.000000
v -0.063423 -0.275703 0.000000
v -0.063565 -0.276764 0.000000
v -0.063752 -0.277751 0.000000
v -0.063988 -0.278670 0.000000
v -0.064278 -0.279527 0.000000
v -0.064626 -0.280327 0.000000
v -0.065037 -0.281078 0.000000
v -0.065516 -0.281785 0.000000
v -0.066067 -0.282454 0.000000
v -0.066941 -0.283272 0.000000
v -0.067957 -0.283972 0.000000
v -0.069128 -0.284541 0.000000
v -0.071199 -0.285117 0.000000
v -0.071979 -0.285228 0.000000
v -0.072807 -0.285296 0.000000
v -0.073684 -0.285319 0.000000
v -0.074509 -0.285296 0.000000
v -0.075297 -0.285229 0.000000
v -0.076758 -0.284968 0.000000
v -0.078067 -0.284554 0.000000
v -0.079219 -0.284004 0.000000
v -0.080651 -0.282961 0.000000
v -0.081605 -0.281926 0.000000
v -0.082095 -0.281251 0.000000
v -0.082519 -0.280530 0.000000
v -0.082883 -0.279758 0.000000
v -0.083189 -0.278929 0.000000
v -0.083442 -0.278035 0.000000
v -0.083646 -0.277070 0.000000
v -0.083804 -0.276028 0.000000
v -0.083921 -0.274903 0.000000
v -0.083999 -0.273687 0.000000
v -0.084043 -0.272375 0.000000
v -0.084057 -0.270960 0.000000
v -0.084851 -0.270960 0.000000
v -0.085732 -0.270960 0.000000
v -0.086836 -0.270960 0.000000
v -0.088089 -0.270960 0.000000
v -0.089417 -0.270960 0.000000
v -0.090744 -0.270960 0.000000
v -0.091997 -0.270960 0.000000
v -0.093101 -0.270960 0.000000
v -0.094565 -0.270960 0.000000
v -0.094746 -0.273246 0.000000
v -0.094653 -0.275360 0.000000
v -0.094494 -0.277315 0.000000
v -0.094263 -0.279123 0.000000
v -0.093955 -0.280794 0.000000
v -0.093568 -0.282341 0.000000
v -0.093095 -0.283776 0.000000
v -0.092533 -0.285109 0.000000
v -0.091876 -0.286354 0.000000
v -0.091122 -0.287522 0.000000
v -0.090264 -0.288624 0.000000
v -0.089300 -0.289673 0.000000
v -0.088384 -0.290514 0.000000
v -0.087398 -0.291286 0.000000
v -0.086340 -0.291989 0.000000
v -0.085211 -0.292620 0.000000
v -0.084012 -0.293181 0.000000
v -0.082743 -0.293669 0.000000
v -0.081405 -0.294084 0.000000
v -0.079998 -0.294425 0.000000
v -0.078521 -0.294692 0.000000
v -0.076977 -0.294884 0.000000
v -0.075364 -0.295000 0.000000
v -0.073684 -0.295038 0.000000
v -0.071942 -0.294995 0.000000
v -0.070280 -0.294866 0.000000
v -0.068696 -0.294656 0.000000
v -0.067191 -0.294368 0.000000
v -0.065764 -0.294006 0.000000
v -0.064416 -0.293572 0.000000
v -0.063146 -0.293071 0.000000
v -0.061954 -0.292506 0.000000
v -0.060839 -0.291880 0.000000
v -0.059803 -0.291197 0.000000
v -0.058844 -0.290460 0.000000
v -0.057961 -0.289673 0.000000
v -0.056965 -0.288581 0.000000
v -0.056086 -0.287416 0.000000
v -0.055319 -0.286170 0.000000
v -0.054657 -0.284838 0.000000
v -0.054095 -0.283414 0.000000
v -0.053627 -0.281892 0.000000
v -0.053247 -0.280265 0.000000
v -0.052950 -0.278527 0.000000
v -0.052728 -0.276672 0.000000
v -0.052578 -0.274694 0.000000
v -0.052491 -0.272587 0.000000
v 0.003299 -0.272212 0.000000
v -0.007312 -0.272212 0.000000
v -0.007353 -0.273153 0.000000
v -0.007423 -0.274093 0.000000
v -0.007524 -0.275030 0.000000
v -0.007659 -0.275957 0.000000
v -0.007829 -0.276870 0.000000
v -0.008036 -0.277763 0.000000
v -0.008283 -0.278633 0.000000
v -0.008570 -0.279474 0.000000
v -0.008902 -0.280282 0.000000
v -0.009278 -0.281051 0.000000
v -0.009702 -0.281777 0.000000
v -0.010176 -0.282454 0.000000
v -0.010931 -0.283290 0.000000
v -0.012357 -0.284368 0.000000
v -0.014156 -0.285150 0.000000
v -0.015574 -0.285461 0.000000
v -0.016352 -0.285542 0.000000
v -0.017177 -0.285570 0.000000
v -0.018024 -0.285542 0.000000
v -0.018826 -0.285459 0.000000
v -0.019584 -0.285324 0.000000
v -0.021598 -0.284634 0.000000
v -0.023242 -0.283570 0.000000
v -0.024145 -0.282688 0.000000
v -0.025267 -0.281076 0.000000
v -0.025891 -0.279791 0.000000
v -0.026422 -0.278309 0.000000
v -0.026866 -0.276592 0.000000
v -0.027230 -0.274602 0.000000
v -0.027522 -0.272300 0.000000
v -0.027749 -0.269646 0.000000
v -0.027918 -0.266604 0.000000
v -0.028037 -0.263133 0.000000
v -0.028114 -0.259195 0.000000
v -0.028154 -0.254752 0.000000
v -0.028166 -0.249765 0.000000
v -0.028154 -0.244779 0.000000
v -0.028114 -0.240337 0.000000
v -0.028037 -0.236400 0.000000
v -0.027918 -0.232929 0.000000
v -0.027749 -0.229886 0.000000
v -0.027522 -0.227232 0.000000
v -0.027230 -0.224928 0.000000
v -0.026866 -0.222936 0.000000
v -0.026422 -0.221218 0.000000
v -0.025891 -0.219734 0.000000
v -0.025267 -0.218445 0.000000
v -0.024541 -0.217314 0.000000
v -0.023243 -0.215957 0.000000
v -0.021599 -0.214898 0.000000
v -0.020298 -0.214392 0.000000
v -0.018826 -0.214073 0.000000
v -0.018024 -0.213991 0.000000
v -0.017177 -0.213962 0.000000
v -0.016352 -0.213991 0.000000
v -0.015575 -0.214073 0.000000
v -0.014156 -0.214384 0.000000
v -0.012914 -0.214869 0.000000
v -0.011842 -0.215498 0.000000
v -0.010932 -0.216244 0.000000
v -0.010176 -0.217078 0.000000
v -0.009676 -0.217754 0.000000
v -0.009234 -0.218474 0.000000
v -0.008848 -0.219233 0.000000
v -0.008514 -0.220028 0.000000
v -0.008229 -0.220854 0.000000
v -0.007989 -0.221707 0.000000
v -0.007790 -0.222584 0.000000
v -0.007631 -0.223481 0.000000
v -0.007506 -0.224392 0.000000
v -0.007414 -0.225315 0.000000
v -0.007350 -0.226245 0.000000
v -0.007312 -0.227179 0.000000
v -0.006526 -0.227179 0.000000
v -0.005654 -0.227179 0.000000
v -0.004561 -0.227179 0.000000
v -0.003321 -0.227179 0.000000
v -0.002006 -0.227179 0.000000
v -0.000692 -0.227179 0.000000
v 0.000548 -0.227179 0.000000
v 0.001641 -0.227179 0.000000
v 0.002513 -0.227179 0.000000
v 0.003299 -0.227179 0.000000
v 0.003226 -0.225389 0.000000
v 0.003069 -0.223642 0.000000
v 0.002830 -0.221941 0.000000
v 0.002507 -0.220293 0.000000
v 0.002101 -0.218703 0.000000
v 0.001612 -0.217174 0.000000
v 0.001040 -0.215713 0.000000
v 0.000384 -0.214325 0.000000
v -0.000355 -0.213013 0.000000
v -0.001176 -0.211784 0.000000
v -0.002081 -0.210642 0.000000
v -0.003069 -0.209592 0.000000
v -0.003962 -0.208785 0.000000
v -0.004893 -0.208042 0.000000
v -0.005867 -0.207363 0.000000
v -0.006887 -0.206751 0.000000
v -0.007957 -0.206207 0.000000
v -0.009081 -0.205731 0.000000
v -0.010264 -0.205325 0.000000
v -0.011507 -0.204990 0.000000
v -0.012817 -0.204727 0.000000
v -0.014196 -0.204538 0.000000
v -0.015648 -0.204423 0.000000
v -0.017177 -0.204385 0.000000
v -0.018878 -0.204438 0.000000
v -0.020493 -0.204595 0.000000
v -0.022024 -0.204850 0.000000
v -0.023474 -0.205200 0.000000
v -0.024843 -0.205640 0.000000
v -0.026136 -0.206164 0.000000
v -0.027353 -0.206769 0.000000
v -0.028498 -0.207451 0.000000
v -0.029571 -0.208203 0.000000
v -0.030576 -0.209022 0.000000
v -0.031515 -0.209903 0.000000
v -0.032389 -0.210842 0.000000
v -0.033747 -0.212556 0.000000
v -0.034904 -0.214362 0.000000
v -0.035875 -0.216316 0.000000
v -0.036675 -0.218473 0.000000
v -0.037322 -0.220890 0.000000
v -0.037831 -0.223622 0.000000
v -0.038218 -0.226726 0.000000
v -0.038499 -0.230256 0.000000
v -0.038689 -0.234270 0.000000
v -0.038806 -0.238822 0.000000
v -0.038864 -0.243968 0.000000
v -0.038880 -0.249765 0.000000
v -0.038864 -0.255567 0.000000
v -0.038806 -0.260717 0.000000
v -0.038690 -0.265271 0.000000
v -0.038499 -0.269285 0.000000
v -0.038219 -0.272816 0.000000
v -0.037832 -0.275919 0.000000
v -0.037323 -0.278650 0.000000
v -0.036676 -0.281065 0.000000
v -0.035875 -0.283221 0.000000
v -0.034905 -0.285173 0.000000
v -0.033748 -0.286978 0.000000
v -0.032389 -0.288691 0.000000
v -0.031514 -0.289626 0.000000
v -0.030575 -0.290505 0.000000
v -0.029570 -0.291325 0.000000
v -0.028497 -0.292079 0.000000
v -0.027352 -0.292762 0.000000
v -0.026135 -0.293371 0.000000
v -0.024843 -0.293899 0.000000
v -0.023473 -0.294342 0.000000
v -0.022024 -0.294696 0.000000
v -0.020493 -0.294954 0.000000
v -0.018878 -0.295113 0.000000
v -0.017177 -0.295167 0.000000
v -0.015738 -0.295131 0.000000
v -0.014360 -0.295022 0.000000
v -0.013039 -0.294843 0.000000
v -0.011775 -0.294595 0.000000
v -0.010565 -0.294279 0.000000
v -0.009407 -0.293897 0.000000
v -0.008300 -0.293450 0.000000
v -0.007241 -0.292940 0.000000
v -0.006228 -0.292367 0.000000
v -0.005260 -0.291734 0.000000
v -0.004334 -0.291041 0.000000
v -0.003449 -0.290290 0.000000
v -0.002401 -0.289247 0.000000
v -0.001441 -0.288099 0.000000
v -0.000569 -0.286852 0.000000
v 0.000214 -0.285513 0.000000
v 0.000909 -0.284088 0.000000
v 0.001516 -0.282583 0.000000
v 0.002034 -0.281004 0.000000
v 0.002464 -0.279357 0.000000
v 0.002806 -0.277648 0.000000
v 0.003059 -0.275883 0.000000
v 0.003223 -0.274069 0.000000
v 0.059549 -0.294168 0.000000
v 0.059549 -0.205369 0.000000
v 0.048833 -0.205369 0.000000
v 0.048833 -0.244166 0.000000
v 0.029118 -0.244166 0.000000
v 0.029118 -0.205369 0.000000
v 0.018385 -0.205369 0.000000
v 0.018385 -0.294168 0.000000
v 0.029118 -0.294168 0.000000
v 0.029118 -0.253756 0.000000
v 0.048833 -0.253756 0.000000
v 0.048833 -0.294168 0.000000
v 0.118465 -0.273975 0.000000
v 0.118465 -0.205369 0.000000
v 0.107727 -0.205369 0.000000
v 0.107727 -0.274590 0.000000
v 0.107636 -0.276272 0.000000
v 0.107370 -0.277827 0.000000
v 0.106941 -0.279250 0.000000
v 0.106363 -0.280539 0.000000
v 0.105648 -0.281689 0.000000
v 0.104809 -0.282698 0.000000
v 0.103857 -0.283562 0.000000
v 0.102807 -0.284276 0.000000
v 0.101670 -0.284838 0.000000
v 0.100459 -0.285244 0.000000
v 0.099186 -0.285490 0.000000
v 0.097865 -0.285572 0.000000
v 0.096545 -0.285490 0.000000
v 0.095279 -0.285243 0.000000
v 0.094078 -0.284838 0.000000
v 0.092953 -0.284276 0.000000
v 0.091918 -0.283562 0.000000
v 0.090983 -0.282698 0.000000
v 0.090159 -0.281689 0.000000
v 0.089459 -0.280539 0.000000
v 0.088895 -0.279250 0.000000
v 0.088477 -0.277827 0.000000
v 0.088218 -0.276272 0.000000
v 0.088129 -0.274590 0.000000
v 0.088129 -0.273228 0.000000
v 0.088129 -0.269463 0.000000
v 0.088129 -0.263774 0.000000
v 0.088129 -0.256644 0.000000
v 0.088129 -0.248552 0.000000
v 0.088129 -0.239980 0.000000
v 0.088129 -0.231407 0.000000
v 0.088129 -0.223315 0.000000
v 0.088129 -0.216185 0.000000
v 0.088129 -0.210497 0.000000
v 0.088129 -0.206731 0.000000
v 0.088129 -0.205369 0.000000
v 0.077430 -0.205369 0.000000
v 0.077430 -0.273975 0.000000
v 0.077473 -0.275574 0.000000
v 0.077601 -0.277118 0.000000
v 0.077813 -0.278606 0.000000
v 0.078106 -0.280037 0.000000
v 0.078478 -0.281410 0.000000
v 0.078929 -0.282723 0.000000
v 0.079455 -0.283977 0.000000
v 0.080055 -0.285169 0.000000
v 0.080728 -0.286300 0.000000
v 0.081471 -0.287368 0.000000
v 0.082283 -0.288371 0.000000
v 0.083161 -0.289310 0.000000
v 0.084151 -0.290237 0.000000
v 0.085192 -0.291086 0.000000
v 0.086281 -0.291856 0.000000
v 0.087415 -0.292546 0.000000
v 0.088593 -0.293157 0.000000
v 0.089811 -0.293688 0.000000
v 0.091069 -0.294138 0.000000
v 0.092364 -0.294507 0.000000
v 0.093693 -0.294795 0.000000
v 0.095054 -0.295002 0.000000
v 0.096446 -0.295126 0.000000
v 0.097865 -0.295167 0.000000
v 0.099294 -0.295125 0.000000
v 0.100699 -0.295001 0.000000
v 0.102074 -0.294795 0.000000
v 0.103419 -0.294507 0.000000
v 0.104730 -0.294137 0.000000
v 0.106004 -0.293687 0.000000
v 0.107238 -0.293156 0.000000
v 0.108430 -0.292545 0.000000
v 0.109577 -0.291855 0.000000
v 0.110675 -0.291085 0.000000
v 0.111723 -0.290237 0.000000
v 0.112717 -0.289310 0.000000
v 0.113588 -0.288371 0.000000
v 0.114395 -0.287368 0.000000
v 0.115137 -0.286300 0.000000
v 0.115810 -0.285170 0.000000
v 0.116413 -0.283977 0.000000
v 0.116944 -0.282723 0.000000
v 0.117399 -0.281410 0.000000
v 0.117776 -0.280037 0.000000
v 0.118074 -0.278606 0.000000
v 0.118290 -0.277118 0.000000
v 0.118421 -0.275574 0.000000
v 0.170618 -0.294168 0.000000
v 0.170618 -0.284577 0.000000
v 0.147045 -0.284577 0.000000
v 0.147045 -0.205367 0.000000
v 0.136329 -0.205367 0.000000
v 0.136329 -0.294166 0.000000
v 0.219689 -0.294168 0.000000
v 0.219689 -0.284577 0.000000
v 0.196094 -0.284577 0.000000
v 0.196094 -0.254372 0.000000
v 0.216426 -0.254372 0.000000
v 0.216426 -0.244781 0.000000
v 0.196094 -0.244781 0.000000
v 0.196094 -0.214957 0.000000
v 0.219689 -0.214957 0.000000
v 0.219689 -0.205367 0.000000
v 0.185399 -0.205367 0.000000
v 0.185399 -0.294166 0.000000
v 0.319373 -0.294168 0.000000
v 0.319373 -0.205369 0.000000
v 0.309272 -0.205369 0.000000
v 0.291425 -0.254756 0.000000
v 0.273457 -0.205369 0.000000
v 0.263374 -0.205369 0.000000
v 0.263374 -0.294168 0.000000
v 0.274094 -0.294168 0.000000
v 0.274094 -0.231944 0.000000
v 0.287949 -0.272450 0.000000
v 0.294542 -0.272450 0.000000
v 0.308673 -0.230949 0.000000
v 0.308673 -0.294168 0.000000
v 0.347931 -0.205369 0.000000
v 0.337232 -0.205369 0.000000
v 0.337232 -0.294168 0.000000
v 0.347931 -0.294168 0.000000
v 0.403203 -0.214957 0.000000
v 0.403203 -0.205367 0.000000
v 0.362654 -0.205367 0.000000
v 0.362654 -0.214957 0.000000
v 0.377634 -0.214957 0.000000
v 0.377634 -0.294168 0.000000
v 0.388351 -0.294168 0.000000
v 0.388351 -0.214957 0.000000
v 0.455755 -0.214957 0.000000
v 0.455755 -0.205367 0.000000
v 0.415225 -0.205367 0.000000
v 0.415225 -0.214957 0.000000
v 0.430201 -0.214957 0.000000
v 0.430201 -0.294168 0.000000
v 0.440922 -0.294168 0.000000
v 0.440922 -0.214957 0.000000
v 0.504791 -0.284577 0.000000
v 0.481200 -0.284577 0.000000
v 0.481200 -0.254372 0.000000
v 0.501544 -0.254372 0.000000
v 0.501544 -0.244781 0.000000
v 0.481200 -0.244781 0.000000
v 0.481200 -0.214957 0.000000
v 0.504791 -0.214957 0.000000
v 0.504791 -0.205367 0.000000
v 0.470501 -0.205367 0.000000
v 0.470501 -0.294166 0.000000
v 0.504791 -0.294166 0.000000
v 0.555039 -0.284577 0.000000
v 0.531466 -0.284577 0.000000
v 0.531466 -0.205367 0.000000
v 0.520750 -0.205367 0.000000
v 0.520750 -0.294166 0.000000
v 0.555039 -0.294166 0.000000
v 0.610963 -0.294168 0.000000
v 0.610963 -0.205369 0.000000
v 0.600242 -0.205369 0.000000
v 0.600242 -0.244166 0.000000
v 0.580534 -0.244166 0.000000
v 0.580534 -0.205369 0.000000
v 0.569818 -0.205369 0.000000
v 0.569818 -0.294168 0.000000
v 0.580534 -0.294168 0.000000
v 0.580534 -0.253756 0.000000
v 0.600242 -0.253756 0.000000
v 0.600242 -0.294168 0.000000
v 0.663554 -0.284577 0.000000
v 0.639980 -0.284577 0.000000
v 0.639980 -0.254372 0.000000
v 0.660308 -0.254372 0.000000
v 0.660308 -0.244781 0.000000
v 0.639980 -0.244781 0.000000
v 0.639980 -0.214957 0.000000
v 0.663554 -0.214957 0.000000
v 0.663554 -0.205367 0.000000
v 0.629260 -0.205367 0.000000
v 0.629260 -0.294166 0.000000
v 0.663554 -0.294166 0.000000
v 0.719516 -0.270344 0.000000
v 0.719464 -0.267012 0.000000
v 0.719293 -0.263982 0.000000
v 0.718986 -0.261235 0.000000
v 0.718525 -0.258751 0.000000
v 0.717889 -0.256511 0.000000
v 0.717062 -0.254495 0.000000
v 0.716023 -0.252684 0.000000
v 0.714755 -0.251058 0.000000
v 0.713239 -0.249597 0.000000
v 0.711456 -0.248283 0.000000
v 0.709388 -0.247095 0.000000
v 0.707015 -0.246014 0.000000
v 0.706277 -0.245711 0.000000
v 0.705458 -0.245374 0.000000
v 0.704430 -0.244953 0.000000
v 0.703265 -0.244474 0.000000
v 0.702030 -0.243966 0.000000
v 0.700796 -0.243459 0.000000
v 0.699630 -0.242980 0.000000
v 0.698603 -0.242558 0.000000
v 0.697784 -0.242222 0.000000
v 0.697045 -0.241918 0.000000
v 0.695382 -0.241170 0.000000
v 0.693943 -0.240416 0.000000
v 0.692714 -0.239633 0.000000
v 0.691679 -0.238799 0.000000
v 0.690823 -0.237891 0.000000
v 0.690132 -0.236886 0.000000
v 0.689588 -0.235762 0.000000
v 0.689178 -0.234496 0.000000
v 0.688886 -0.233065 0.000000
v 0.688696 -0.231446 0.000000
v 0.688593 -0.229618 0.000000
v 0.688562 -0.227557 0.000000
v 0.688583 -0.226426 0.000000
v 0.688646 -0.225338 0.000000
v 0.688751 -0.224292 0.000000
v 0.688898 -0.223289 0.000000
v 0.689089 -0.222330 0.000000
v 0.689324 -0.221417 0.000000
v 0.689603 -0.220549 0.000000
v 0.689927 -0.219729 0.000000
v 0.690296 -0.218956 0.000000
v 0.690711 -0.218232 0.000000
v 0.691171 -0.217558 0.000000
v 0.691679 -0.216935 0.000000
v 0.692946 -0.215838 0.000000
v 0.694505 -0.214978 0.000000
v 0.695715 -0.214566 0.000000
v 0.697801 -0.214239 0.000000
v 0.698570 -0.214215 0.000000
v 0.699388 -0.214239 0.000000
v 0.700166 -0.214307 0.000000
v 0.701599 -0.214576 0.000000
v 0.702874 -0.215011 0.000000
v 0.704498 -0.215952 0.000000
v 0.705788 -0.217207 0.000000
v 0.706314 -0.217902 0.000000
v 0.706771 -0.218620 0.000000
v 0.707163 -0.219367 0.000000
v 0.707496 -0.220145 0.000000
v 0.707772 -0.220958 0.000000
v 0.707998 -0.221811 0.000000
v 0.708177 -0.222705 0.000000
v 0.708313 -0.223646 0.000000
v 0.708412 -0.224636 0.000000
v 0.708477 -0.225679 0.000000
v 0.708512 -0.226780 0.000000
v 0.708523 -0.227940 0.000000
v 0.709317 -0.227940 0.000000
v 0.710198 -0.227940 0.000000
v 0.711302 -0.227940 0.000000
v 0.712554 -0.227940 0.000000
v 0.713881 -0.227940 0.000000
v 0.715209 -0.227940 0.000000
v 0.716461 -0.227940 0.000000
v 0.717565 -0.227940 0.000000
v 0.718446 -0.227940 0.000000
v 0.719240 -0.227940 0.000000
v 0.719210 -0.225963 0.000000
v 0.719117 -0.224080 0.000000
v 0.718955 -0.222289 0.000000
v 0.718717 -0.220586 0.000000
v 0.718398 -0.218967 0.000000
v 0.717993 -0.217430 0.000000
v 0.717494 -0.215970 0.000000
v 0.716897 -0.214585 0.000000
v 0.716195 -0.213271 0.000000
v 0.715383 -0.212024 0.000000
v 0.714454 -0.210841 0.000000
v 0.713403 -0.209718 0.000000
v 0.712525 -0.208940 0.000000
v 0.711585 -0.208220 0.000000
v 0.710583 -0.207559 0.000000
v 0.709519 -0.206960 0.000000
v 0.708392 -0.206424 0.000000
v 0.707200 -0.205954 0.000000
v 0.705943 -0.205550 0.000000
v 0.704621 -0.205216 0.000000
v 0.703231 -0.204953 0.000000
v 0.701775 -0.204763 0.000000
v 0.700250 -0.204647 0.000000
v 0.698656 -0.204608 0.000000
v 0.697215 -0.204647 0.000000
v 0.695821 -0.204763 0.000000
v 0.694474 -0.204953 0.000000
v 0.693174 -0.205216 0.000000
v 0.691923 -0.205550 0.000000
v 0.690720 -0.205954 0.000000
v 0.689566 -0.206424 0.000000
v 0.688461 -0.206960 0.000000
v 0.687407 -0.207559 0.000000
v 0.686404 -0.208220 0.000000
v 0.685452 -0.208940 0.000000
v 0.684551 -0.209718 0.000000
v 0.683482 -0.210798 0.000000
v 0.682505 -0.211966 0.000000
v 0.681620 -0.213222 0.000000
v 0.680828 -0.214560 0.000000
v 0.680129 -0.215980 0.000000
v 0.679522 -0.217478 0.000000
v 0.679008 -0.219050 0.000000
v 0.678588 -0.220695 0.000000
v 0.678261 -0.222410 0.000000
v 0.678027 -0.224190 0.000000
v 0.677886 -0.226035 0.000000
v 0.677839 -0.227940 0.000000
v 0.677903 -0.231135 0.000000
v 0.678103 -0.234000 0.000000
v 0.678449 -0.236562 0.000000
v 0.678952 -0.238847 0.000000
v 0.679622 -0.240878 0.000000
v 0.680471 -0.242682 0.000000
v 0.681510 -0.244284 0.000000
v 0.682748 -0.245709 0.000000
v 0.684197 -0.246983 0.000000
v 0.685868 -0.248131 0.000000
v 0.687771 -0.249178 0.000000
v 0.689918 -0.250149 0.000000
v 0.690667 -0.250454 0.000000
v 0.691499 -0.250792 0.000000
v 0.692541 -0.251216 0.000000
v 0.693724 -0.251697 0.000000
v 0.694977 -0.252207 0.000000
v 0.696230 -0.252716 0.000000
v 0.697412 -0.253198 0.000000
v 0.698455 -0.253621 0.000000
v 0.699286 -0.253960 0.000000
v 0.700036 -0.254264 0.000000
v 0.701732 -0.255019 0.000000
v 0.703204 -0.255802 0.000000
v 0.704466 -0.256640 0.000000
v 0.705532 -0.257556 0.000000
v 0.706417 -0.258574 0.000000
v 0.707137 -0.259719 0.000000
v 0.707705 -0.261014 0.000000
v 0.708137 -0.262484 0.000000
v 0.708447 -0.264154 0.000000
v 0.708651 -0.266047 0.000000
v 0.708762 -0.268187 0.000000
v 0.708796 -0.270599 0.000000
v 0.708784 -0.272016 0.000000
v 0.708746 -0.273335 0.000000
v 0.708676 -0.274562 0.000000
v 0.708572 -0.275703 0.000000
v 0.708427 -0.276764 0.000000
v 0.708237 -0.277751 0.000000
v 0.707999 -0.278670 0.000000
v 0.707707 -0.279527 0.000000
v 0.707357 -0.280327 0.000000
v 0.706944 -0.281078 0.000000
v 0.706464 -0.281785 0.000000
v 0.705490 -0.282877 0.000000
v 0.704545 -0.283637 0.000000
v 0.703457 -0.284274 0.000000
v 0.702209 -0.284771 0.000000
v 0.700788 -0.285117 0.000000
v 0.700007 -0.285228 0.000000
v 0.699177 -0.285296 0.000000
v 0.698296 -0.285319 0.000000
v 0.697471 -0.285296 0.000000
v 0.695935 -0.285119 0.000000
v 0.694550 -0.284779 0.000000
v 0.693319 -0.284295 0.000000
v 0.692244 -0.283684 0.000000
v 0.691328 -0.282961 0.000000
v 0.690373 -0.281926 0.000000
v 0.689886 -0.281251 0.000000
v 0.689463 -0.280530 0.000000
v 0.689102 -0.279758 0.000000
v 0.688798 -0.278929 0.000000
v 0.688547 -0.278035 0.000000
v 0.688346 -0.277070 0.000000
v 0.688190 -0.276028 0.000000
v 0.688076 -0.274903 0.000000
v 0.687999 -0.273687 0.000000
v 0.687956 -0.272375 0.000000
v 0.687731 -0.270960 0.000000
v 0.686267 -0.270960 0.000000
v 0.685163 -0.270960 0.000000
v 0.683909 -0.270960 0.000000
v 0.682582 -0.270960 0.000000
v 0.681254 -0.270960 0.000000
v 0.680001 -0.270960 0.000000
v 0.678896 -0.270960 0.000000
v 0.678016 -0.270960 0.000000
v 0.677221 -0.270960 0.000000
v 0.677251 -0.273246 0.000000
v 0.677343 -0.275360 0.000000
v 0.677501 -0.277315 0.000000
v 0.677731 -0.279123 0.000000
v 0.678037 -0.280794 0.000000
v 0.678423 -0.282341 0.000000
v 0.678895 -0.283776 0.000000
v 0.679457 -0.285109 0.000000
v 0.680114 -0.286354 0.000000
v 0.680870 -0.287522 0.000000
v 0.681729 -0.288624 0.000000
v 0.682698 -0.289673 0.000000
v 0.683609 -0.290514 0.000000
v 0.684592 -0.291286 0.000000
v 0.685646 -0.291989 0.000000
v 0.686770 -0.292620 0.000000
v 0.687966 -0.293181 0.000000
v 0.689231 -0.293669 0.000000
v 0.690567 -0.294084 0.000000
v 0.691973 -0.294425 0.000000
v 0.693449 -0.294692 0.000000
v 0.694995 -0.294884 0.000000
v 0.696610 -0.295000 0.000000
v 0.698294 -0.295038 0.000000
v 0.700032 -0.294995 0.000000
v 0.701692 -0.294866 0.000000
v 0.703275 -0.294656 0.000000
v 0.704780 -0.294368 0.000000
v 0.706207 -0.294006 0.000000
v 0.707556 -0.293572 0.000000
v 0.708828 -0.293071 0.000000
v 0.710021 -0.292506 0.000000
v 0.711137 -0.291880 0.000000
v 0.712175 -0.291197 0.000000
v 0.713135 -0.290460 0.000000
v 0.714016 -0.289673 0.000000
v 0.715012 -0.288581 0.000000
v 0.715891 -0.287416 0.000000
v 0.716658 -0.286170 0.000000
v 0.717320 -0.284838 0.000000
v 0.717883 -0.283414 0.000000
v 0.718351 -0.281892 0.000000
v 0.718731 -0.280265 0.000000
v 0.719029 -0.278527 0.000000
v 0.719251 -0.276672 0.000000
v 0.719402 -0.274694 0.000000
v 0.719489 -0.272587 0.000000
v 0.776253 -0.270344 0.000000
v 0.776201 -0.267012 0.000000
v 0.776030 -0.263982 0.000000
v 0.775724 -0.261235 0.000000
v 0.775264 -0.258751 0.000000
v 0.774630 -0.256511 0.000000
v 0.773805 -0.254495 0.000000
v 0.772770 -0.252684 0.000000
v 0.771506 -0.251058 0.000000
v 0.769995 -0.249597 0.000000
v 0.768218 -0.248283 0.000000
v 0.766157 -0.247095 0.000000
v 0.763793 -0.246014 0.000000
v 0.763053 -0.245711 0.000000
v 0.762232 -0.245374 0.000000
v 0.761204 -0.244953 0.000000
v 0.760036 -0.244474 0.000000
v 0.758799 -0.243966 0.000000
v 0.757563 -0.243459 0.000000
v 0.756395 -0.242980 0.000000
v 0.755366 -0.242558 0.000000
v 0.754002 -0.241999 0.000000
v 0.752145 -0.241170 0.000000
v 0.750707 -0.240416 0.000000
v 0.749478 -0.239633 0.000000
v 0.748441 -0.238799 0.000000
v 0.747582 -0.237891 0.000000
v 0.746886 -0.236886 0.000000
v 0.746338 -0.235762 0.000000
v 0.745923 -0.234496 0.000000
v 0.745627 -0.233065 0.000000
v 0.745433 -0.231446 0.000000
v 0.745328 -0.229618 0.000000
v 0.745297 -0.227557 0.000000
v 0.745318 -0.226426 0.000000
v 0.745381 -0.225338 0.000000
v 0.745486 -0.224292 0.000000
v 0.745635 -0.223289 0.000000
v 0.745827 -0.222330 0.000000
v 0.746063 -0.221417 0.000000
v 0.746342 -0.220549 0.000000
v 0.746667 -0.219729 0.000000
v 0.747036 -0.218956 0.000000
v 0.747451 -0.218232 0.000000
v 0.747911 -0.217558 0.000000
v 0.748418 -0.216935 0.000000
v 0.749240 -0.216180 0.000000
v 0.750705 -0.215234 0.000000
v 0.751846 -0.214754 0.000000
v 0.753815 -0.214306 0.000000
v 0.755310 -0.214215 0.000000
v 0.756128 -0.214239 0.000000
v 0.757643 -0.214420 0.000000
v 0.759617 -0.215011 0.000000
v 0.760738 -0.215601 0.000000
v 0.761706 -0.216337 0.000000
v 0.762523 -0.217207 0.000000
v 0.763050 -0.217902 0.000000
v 0.763508 -0.218620 0.000000
v 0.763903 -0.219367 0.000000
v 0.764238 -0.220145 0.000000
v 0.764517 -0.220958 0.000000
v 0.764745 -0.221811 0.000000
v 0.764926 -0.222705 0.000000
v 0.765065 -0.223646 0.000000
v 0.765165 -0.224636 0.000000
v 0.765231 -0.225679 0.000000
v 0.765268 -0.226780 0.000000
v 0.765279 -0.227940 0.000000
v 0.766074 -0.227940 0.000000
v 0.766955 -0.227940 0.000000
v 0.768059 -0.227940 0.000000
v 0.769312 -0.227940 0.000000
v 0.770640 -0.227940 0.000000
v 0.771967 -0.227940 0.000000
v 0.773221 -0.227940 0.000000
v 0.774325 -0.227940 0.000000
v 0.775789 -0.227940 0.000000
v 0.775970 -0.225963 0.000000
v 0.775877 -0.224080 0.000000
v 0.775714 -0.222289 0.000000
v 0.775476 -0.220586 0.000000
v 0.775157 -0.218967 0.000000
v 0.774750 -0.217430 0.000000
v 0.774250 -0.215970 0.000000
v 0.773651 -0.214585 0.000000
v 0.772946 -0.213271 0.000000
v 0.772130 -0.212024 0.000000
v 0.771196 -0.210841 0.000000
v 0.770140 -0.209718 0.000000
v 0.769269 -0.208940 0.000000
v 0.768335 -0.208220 0.000000
v 0.767337 -0.207559 0.000000
v 0.766274 -0.206960 0.000000
v 0.765147 -0.206424 0.000000
v 0.763955 -0.205954 0.000000
v 0.762697 -0.205550 0.000000
v 0.761374 -0.205216 0.000000
v 0.759985 -0.204953 0.000000
v 0.758529 -0.204763 0.000000
v 0.757008 -0.204647 0.000000
v 0.755419 -0.204608 0.000000
v 0.753973 -0.204647 0.000000
v 0.752576 -0.204763 0.000000
v 0.751227 -0.204953 0.000000
v 0.749927 -0.205216 0.000000
v 0.748676 -0.205550 0.000000
v 0.747474 -0.205954 0.000000
v 0.746323 -0.206424 0.000000
v 0.745221 -0.206960 0.000000
v 0.744171 -0.207559 0.000000
v 0.743171 -0.208220 0.000000
v 0.742223 -0.208940 0.000000
v 0.741326 -0.209718 0.000000
v 0.740250 -0.210798 0.000000
v 0.739267 -0.211966 0.000000
v 0.738378 -0.213222 0.000000
v 0.737584 -0.214560 0.000000
v 0.736883 -0.215980 0.000000
v 0.736276 -0.217478 0.000000
v 0.735763 -0.219050 0.000000
v 0.735343 -0.220695 0.000000
v 0.735017 -0.222410 0.000000
v 0.734784 -0.224190 0.000000
v 0.734644 -0.226035 0.000000
v 0.734598 -0.227940 0.000000
v 0.734661 -0.231135 0.000000
v 0.734860 -0.234000 0.000000
v 0.735205 -0.236562 0.000000
v 0.735707 -0.238847 0.000000
v 0.736377 -0.240878 0.000000
v 0.737226 -0.242682 0.000000
v 0.738265 -0.244284 0.000000
v 0.739505 -0.245709 0.000000
v 0.740957 -0.246983 0.000000
v 0.742633 -0.248131 0.000000
v 0.744543 -0.249178 0.000000
v 0.746697 -0.250149 0.000000
v 0.747446 -0.250454 0.000000
v 0.748276 -0.250792 0.000000
v 0.749316 -0.251216 0.000000
v 0.750497 -0.251697 0.000000
v 0.751748 -0.252207 0.000000
v 0.752999 -0.252716 0.000000
v 0.754179 -0.253198 0.000000
v 0.755220 -0.253621 0.000000
v 0.756599 -0.254184 0.000000
v 0.758489 -0.255019 0.000000
v 0.759956 -0.255802 0.000000
v 0.761214 -0.256640 0.000000
v 0.762277 -0.257556 0.000000
v 0.763161 -0.258574 0.000000
v 0.763879 -0.259719 0.000000
v 0.764446 -0.261014 0.000000
v 0.764878 -0.262484 0.000000
v 0.765188 -0.264154 0.000000
v 0.765392 -0.266047 0.000000
v 0.765503 -0.268187 0.000000
v 0.765537 -0.270599 0.000000
v 0.765525 -0.272016 0.000000
v 0.765488 -0.273335 0.000000
v 0.765420 -0.274562 0.000000
v 0.765317 -0.275703 0.000000
v 0.765174 -0.276764 0.000000
v 0.764986 -0.277751 0.000000
v 0.764748 -0.278670 0.000000
v 0.764456 -0.279527 0.000000
v 0.764105 -0.280327 0.000000
v 0.763690 -0.281078 0.000000
v 0.763207 -0.281785 0.000000
v 0.762650 -0.282454 0.000000
v 0.761778 -0.283272 0.000000
v 0.760202 -0.284274 0.000000
v 0.758953 -0.284771 0.000000
v 0.757529 -0.285117 0.000000
v 0.756747 -0.285228 0.000000
v 0.755915 -0.285296 0.000000
v 0.755033 -0.285319 0.000000
v 0.754212 -0.285296 0.000000
v 0.753428 -0.285229 0.000000
v 0.751969 -0.284968 0.000000
v 0.750661 -0.284554 0.000000
v 0.749506 -0.284004 0.000000
v 0.748510 -0.283335 0.000000
v 0.747675 -0.282564 0.000000
v 0.747117 -0.281926 0.000000
v 0.746628 -0.281251 0.000000
v 0.746204 -0.280530 0.000000
v 0.745842 -0.279758 0.000000
v 0.745537 -0.278929 0.000000
v 0.745286 -0.278035 0.000000
v 0.745085 -0.277070 0.000000
v 0.744929 -0.276028 0.000000
v 0.744815 -0.274903 0.000000
v 0.744738 -0.273687 0.000000
v 0.744695 -0.272375 0.000000
v 0.744681 -0.270960 0.000000
v 0.743887 -0.270960 0.000000
v 0.743007 -0.270960 0.000000
v 0.741903 -0.270960 0.000000
v 0.740650 -0.270960 0.000000
v 0.739323 -0.270960 0.000000
v 0.737996 -0.270960 0.000000
v 0.736743 -0.270960 0.000000
v 0.735639 -0.270960 0.000000
v 0.734759 -0.270960 0.000000
v 0.733965 -0.270960 0.000000
v 0.733994 -0.273246 0.000000
v 0.734086 -0.275360 0.000000
v 0.734245 -0.277315 0.000000
v 0.734475 -0.279123 0.000000
v 0.734782 -0.280794 0.000000
v 0.735169 -0.282341 0.000000
v 0.735643 -0.283776 0.000000
v 0.736207 -0.285109 0.000000
v 0.736866 -0.286354 0.000000
v 0.737625 -0.287522 0.000000
v 0.738489 -0.288624 0.000000
v 0.739462 -0.289673 0.000000
v 0.740369 -0.290514 0.000000
v 0.741349 -0.291286 0.000000
v 0.742400 -0.291989 0.000000
v 0.743523 -0.292620 0.000000
v 0.744718 -0.293181 0.000000
v 0.745983 -0.293669 0.000000
v 0.747319 -0.294084 0.000000
v 0.748724 -0.294425 0.000000
v 0.750199 -0.294692 0.000000
v 0.751743 -0.294884 0.000000
v 0.753355 -0.295000 0.000000
v 0.755035 -0.295038 0.000000
v 0.756778 -0.294995 0.000000
v 0.758443 -0.294866 0.000000
v 0.760029 -0.294656 0.000000
v 0.761536 -0.294368 0.000000
v 0.762965 -0.294006 0.000000
v 0.764316 -0.293572 0.000000
v 0.765589 -0.293071 0.000000
v 0.766783 -0.292506 0.000000
v 0.767899 -0.291880 0.000000
v 0.768937 -0.291197 0.000000
v 0.769897 -0.290460 0.000000
v 0.770779 -0.289673 0.000000
v 0.771773 -0.288581 0.000000
v 0.772650 -0.287416 0.000000
v 0.773415 -0.286170 0.000000
v 0.774074 -0.284838 0.000000
v 0.774634 -0.283414 0.000000
v 0.775099 -0.281892 0.000000
v 0.775476 -0.280265 0.000000
v 0.775772 -0.278527 0.000000
v 0.775991 -0.276672 0.000000
v 0.776141 -0.274694 0.000000
v 0.776226 -0.272587 0.000000
v 0.826630 -0.284577 0.000000
v 0.803052 -0.284577 0.000000
v 0.803052 -0.254372 0.000000
v 0.823385 -0.254372 0.000000
v 0.823385 -0.244781 0.000000
v 0.803052 -0.244781 0.000000
v 0.803052 -0.214957 0.000000
v 0.826630 -0.214957 0.000000
v 0.826630 -0.205367 0.000000
v 0.792340 -0.205367 0.000000
v 0.792340 -0.294166 0.000000
v 0.826630 -0.294166 0.000000
v 0.803312 -0.112779 0.000000
v 0.803312 0.117819 -0.000000
v 0.724426 -0.038755 0.000000
v 0.664768 -0.038770 0.000000
v 0.585376 0.117819 -0.000000
v 0.585376 -0.112779 0.000000
v 0.502830 -0.112779 0.000000
v 0.502830 0.294168 -0.000000
v 0.584198 0.294168 -0.000000
v 0.694634 0.065557 -0.000000
v 0.804507 0.294168 -0.000000
v 0.885858 0.294167 -0.000000
v 0.885857 -0.112779 0.000000
v -0.885859 -0.038780 0.000000
v -0.811855 -0.038780 0.000000
v -0.811855 -0.112760 0.000000
v -0.885859 -0.112760 0.000000
v -0.885858 0.072203 -0.000000
v -0.811855 0.072203 -0.000000
v -0.811855 -0.001783 0.000000
v -0.885859 -0.001783 0.000000
v -0.885859 0.183178 -0.000000
v -0.811855 0.183178 -0.000000
v -0.811855 0.109198 -0.000000
v -0.885857 0.109198 -0.000000
v -0.774843 -0.038780 0.000000
v -0.700857 -0.038780 0.000000
v -0.700857 -0.112760 0.000000
v -0.774843 -0.112760 0.000000
v -0.774843 0.072203 -0.000000
v -0.700857 0.072203 -0.000000
v -0.700857 -0.001783 0.000000
v -0.774843 -0.001783 0.000000
v -0.774843 0.183178 -0.000000
v -0.700857 0.183178 -0.000000
v -0.700857 0.109198 -0.000000
v -0.774843 0.109198 -0.000000
v -0.774843 0.294159 -0.000000
v -0.700857 0.294159 -0.000000
v -0.700857 0.220182 -0.000000
v -0.774843 0.220182 -0.000000
v -0.663847 -0.038780 0.000000
v -0.589845 -0.038780 0.000000
v -0.589845 -0.112760 0.000000
v -0.663847 -0.112760 0.000000
v -0.663847 0.072203 -0.000000
v -0.589845 0.072203 -0.000000
v -0.589845 -0.001783 0.000000
v -0.663847 -0.001783 0.000000
v -0.663847 0.183178 -0.000000
v -0.589845 0.183178 -0.000000
v -0.589845 0.109198 -0.000000
v -0.663847 0.109198 -0.000000
v -0.663847 0.294159 -0.000000
v -0.589845 0.294159 -0.000000
v -0.589845 0.220182 -0.000000
v -0.663847 0.220182 -0.000000
v -0.100827 0.220182 -0.000000
v -0.100827 -0.112779 0.000000
v -0.183353 -0.112779 0.000000
v -0.183353 0.220182 -0.000000
v -0.293806 0.220182 -0.000000
v -0.293806 0.294168 -0.000000
v 0.009625 0.294168 -0.000000
v 0.009625 0.220182 -0.000000
v 0.327785 -0.112779 0.000000
v 0.327785 0.057282 -0.000000
v 0.184674 0.057282 -0.000000
v 0.184674 -0.112779 0.000000
v 0.102163 -0.112779 0.000000
v 0.102163 0.294168 -0.000000
v 0.184674 0.294168 -0.000000
v 0.184674 0.130337 -0.000000
v 0.327785 0.130337 -0.000000
v 0.327785 0.294168 -0.000000
v 0.410333 0.294168 -0.000000
v 0.410333 -0.112779 0.000000
v -0.885878 -0.205367 -0.076002
v -0.885878 -0.214957 -0.076002
v -0.845349 -0.205367 -0.076002
v -0.845349 -0.214957 -0.076002
v -0.870917 -0.214957 -0.076002
v -0.870916 -0.294167 -0.076002
v -0.860201 -0.214957 -0.076002
v -0.860201 -0.294168 -0.076002
v -0.830624 -0.205367 -0.076002
v -0.830624 -0.294166 -0.076002
v -0.819907 -0.214957 -0.076002
v -0.796351 -0.205367 -0.076002
v -0.796351 -0.214957 -0.076002
v -0.819907 -0.244781 -0.076002
v -0.819907 -0.254372 -0.076002
v -0.799579 -0.244781 -0.076002
v -0.799579 -0.254372 -0.076002
v -0.819907 -0.284577 -0.076002
v -0.796351 -0.284577 -0.076002
v -0.796351 -0.294168 -0.076002
v -0.761534 -0.204385 -0.076002
v -0.763235 -0.204438 -0.076002
v -0.760012 -0.204423 -0.076002
v -0.758565 -0.204538 -0.076002
v -0.764850 -0.204595 -0.076002
v -0.757187 -0.204727 -0.076002
v -0.766381 -0.204850 -0.076002
v -0.755877 -0.204990 -0.076002
v -0.767830 -0.205200 -0.076002
v -0.754630 -0.205325 -0.076002
v -0.769199 -0.205640 -0.076002
v -0.753443 -0.205731 -0.076002
v -0.770491 -0.206164 -0.076002
v -0.752314 -0.206207 -0.076002
v -0.771707 -0.206769 -0.076002
v -0.751238 -0.206751 -0.076002
v -0.750213 -0.207363 -0.076002
v -0.772850 -0.207451 -0.076002
v -0.749235 -0.208042 -0.076002
v -0.773921 -0.208203 -0.076002
v -0.748301 -0.208785 -0.076002
v -0.774923 -0.209022 -0.076002
v -0.747407 -0.209592 -0.076002
v -0.775859 -0.209903 -0.076002
v -0.746424 -0.210642 -0.076002
v -0.776729 -0.210842 -0.076002
v -0.745523 -0.211784 -0.076002
v -0.778087 -0.212556 -0.076002
v -0.744705 -0.213013 -0.076002
v -0.779244 -0.214362 -0.076002
v -0.761534 -0.213962 -0.076002
v -0.743969 -0.214325 -0.076002
v -0.762381 -0.213991 -0.076002
v -0.760709 -0.213991 -0.076002
v -0.759932 -0.214073 -0.076002
v -0.763182 -0.214073 -0.076002
v -0.763938 -0.214208 -0.076002
v -0.758513 -0.214384 -0.076002
v -0.743316 -0.215713 -0.076002
v -0.780215 -0.216316 -0.076002
v -0.765319 -0.214623 -0.076002
v -0.757272 -0.214869 -0.076002
v -0.756200 -0.215498 -0.076002
v -0.767078 -0.215567 -0.076002
v -0.742746 -0.217174 -0.076002
v -0.755290 -0.216244 -0.076002
v -0.768052 -0.216380 -0.076002
v -0.781016 -0.218473 -0.076002
v -0.754535 -0.217078 -0.076002
v -0.768878 -0.217314 -0.076002
v -0.754035 -0.217754 -0.076002
v -0.742258 -0.218703 -0.076002
v -0.769605 -0.218445 -0.076002
v -0.753593 -0.218474 -0.076002
v -0.770230 -0.219734 -0.076002
v -0.781663 -0.220890 -0.076002
v -0.753207 -0.219233 -0.076002
v -0.741853 -0.220293 -0.076002
v -0.752873 -0.220028 -0.076002
v -0.770760 -0.221218 -0.076002
v -0.752587 -0.220854 -0.076002
v -0.741531 -0.221941 -0.076002
v -0.752345 -0.221707 -0.076002
v -0.782172 -0.223622 -0.076002
v -0.771204 -0.222936 -0.076002
v -0.752146 -0.222584 -0.076002
v -0.741292 -0.223642 -0.076002
v -0.751984 -0.223481 -0.076002
v -0.771568 -0.224928 -0.076002
v -0.751857 -0.224392 -0.076002
v -0.782559 -0.226726 -0.076002
v -0.741135 -0.225389 -0.076002
v -0.751762 -0.225315 -0.076002
v -0.771860 -0.227232 -0.076002
v -0.751695 -0.226245 -0.076002
v -0.751652 -0.227179 -0.076002
v -0.782840 -0.230256 -0.076002
v -0.750868 -0.227179 -0.076002
v -0.749997 -0.227179 -0.076002
v -0.748906 -0.227179 -0.076002
v -0.747669 -0.227179 -0.076002
v -0.746357 -0.227179 -0.076002
v -0.745046 -0.227179 -0.076002
v -0.743808 -0.227179 -0.076002
v -0.742717 -0.227179 -0.076002
v -0.772087 -0.229886 -0.076002
v -0.772257 -0.232929 -0.076002
v -0.783031 -0.234270 -0.076002
v -0.772376 -0.236400 -0.076002
v -0.783148 -0.238822 -0.076002
v -0.772451 -0.240337 -0.076002
v -0.783206 -0.243968 -0.076002
v -0.772492 -0.244779 -0.076002
v -0.783222 -0.249765 -0.076002
v -0.772503 -0.249765 -0.076002
v -0.783206 -0.255567 -0.076002
v -0.772491 -0.254752 -0.076002
v -0.772451 -0.259195 -0.076002
v -0.783148 -0.260717 -0.076002
v -0.772375 -0.263133 -0.076002
v -0.783031 -0.265271 -0.076002
v -0.772257 -0.266604 -0.076002
v -0.782841 -0.269285 -0.076002
v -0.772087 -0.269646 -0.076002
v -0.782560 -0.272816 -0.076002
v -0.771860 -0.272300 -0.076002
v -0.751652 -0.272212 -0.076002
v -0.751697 -0.273153 -0.076002
v -0.741062 -0.272212 -0.076002
v -0.741138 -0.274069 -0.076002
v -0.771568 -0.274602 -0.076002
v -0.782173 -0.275919 -0.076002
v -0.751770 -0.274093 -0.076002
v -0.741302 -0.275883 -0.076002
v -0.751873 -0.275030 -0.076002
v -0.771204 -0.276592 -0.076002
v -0.752008 -0.275957 -0.076002
v -0.741554 -0.277648 -0.076002
v -0.781664 -0.278650 -0.076002
v -0.752178 -0.276870 -0.076002
v -0.770760 -0.278309 -0.076002
v -0.752386 -0.277763 -0.076002
v -0.741895 -0.279357 -0.076002
v -0.752632 -0.278633 -0.076002
v -0.770230 -0.279791 -0.076002
v -0.752920 -0.279474 -0.076002
v -0.781017 -0.281065 -0.076002
v -0.742324 -0.281004 -0.076002
v -0.753253 -0.280282 -0.076002
v -0.769605 -0.281076 -0.076002
v -0.753631 -0.281051 -0.076002
v -0.742841 -0.282583 -0.076002
v -0.754057 -0.281777 -0.076002
v -0.780216 -0.283221 -0.076002
v -0.768878 -0.282203 -0.076002
v -0.754893 -0.282882 -0.076002
v -0.743445 -0.284088 -0.076002
v -0.767585 -0.283570 -0.076002
v -0.779245 -0.285173 -0.076002
v -0.755725 -0.283677 -0.076002
v -0.756716 -0.284368 -0.076002
v -0.744138 -0.285513 -0.076002
v -0.765947 -0.284634 -0.076002
v -0.764651 -0.285140 -0.076002
v -0.758514 -0.285150 -0.076002
v -0.778088 -0.286978 -0.076002
v -0.763182 -0.285459 -0.076002
v -0.759932 -0.285461 -0.076002
v -0.762381 -0.285542 -0.076002
v -0.760710 -0.285542 -0.076002
v -0.744919 -0.286852 -0.076002
v -0.761534 -0.285570 -0.076002
v -0.745787 -0.288099 -0.076002
v -0.776729 -0.288691 -0.076002
v -0.746743 -0.289247 -0.076002
v -0.775859 -0.289626 -0.076002
v -0.747787 -0.290290 -0.076002
v -0.774923 -0.290505 -0.076002
v -0.748677 -0.291041 -0.076002
v -0.773921 -0.291325 -0.076002
v -0.749607 -0.291734 -0.076002
v -0.772850 -0.292079 -0.076002
v -0.750578 -0.292367 -0.076002
v -0.771707 -0.292762 -0.076002
v -0.751593 -0.292940 -0.076002
v -0.770491 -0.293371 -0.076002
v -0.752654 -0.293450 -0.076002
v -0.769199 -0.293899 -0.076002
v -0.753763 -0.293897 -0.076002
v -0.754922 -0.294279 -0.076002
v -0.767830 -0.294342 -0.076002
v -0.756133 -0.294595 -0.076002
v -0.766381 -0.294696 -0.076002
v -0.757397 -0.294843 -0.076002
v -0.764850 -0.294954 -0.076002
v -0.758718 -0.295022 -0.076002
v -0.763235 -0.295113 -0.076002
v -0.760096 -0.295131 -0.076002
v -0.761534 -0.295167 -0.076002
v -0.725301 -0.205369 -0.076002
v -0.725301 -0.294168 -0.076002
v -0.714585 -0.205369 -0.076002
v -0.714585 -0.244166 -0.076002
v -0.694838 -0.205369 -0.076002
v -0.694838 -0.244166 -0.076002
v -0.684158 -0.205369 -0.076002
v -0.684158 -0.294168 -0.076002
v -0.714585 -0.253756 -0.076002
v -0.694838 -0.253756 -0.076002
v -0.714585 -0.294168 -0.076002
v -0.694838 -0.294168 -0.076002
v -0.665842 -0.205369 -0.076002
v -0.665842 -0.294168 -0.076002
v -0.655885 -0.205369 -0.076002
v -0.655143 -0.233435 -0.076002
v -0.633163 -0.266104 -0.076002
v -0.633163 -0.205369 -0.076002
v -0.622447 -0.205369 -0.076002
v -0.622447 -0.294168 -0.076002
v -0.655143 -0.294168 -0.076002
v -0.632168 -0.294168 -0.076002
v -0.602715 -0.205369 -0.076002
v -0.602715 -0.294168 -0.076002
v -0.592016 -0.205369 -0.076002
v -0.592016 -0.294168 -0.076002
v -0.554792 -0.204608 -0.076002
v -0.556237 -0.204647 -0.076002
v -0.553202 -0.204647 -0.076002
v -0.557633 -0.204763 -0.076002
v -0.551679 -0.204763 -0.076002
v -0.558982 -0.204953 -0.076002
v -0.550223 -0.204953 -0.076002
v -0.560282 -0.205216 -0.076002
v -0.548833 -0.205216 -0.076002
v -0.561533 -0.205550 -0.076002
v -0.547509 -0.205550 -0.076002
v -0.562736 -0.205954 -0.076002
v -0.546251 -0.205954 -0.076002
v -0.563888 -0.206424 -0.076002
v -0.545058 -0.206424 -0.076002
v -0.564992 -0.206960 -0.076002
v -0.543931 -0.206960 -0.076002
v -0.566045 -0.207559 -0.076002
v -0.542868 -0.207559 -0.076002
v -0.567047 -0.208220 -0.076002
v -0.541870 -0.208220 -0.076002
v -0.567999 -0.208940 -0.076002
v -0.540935 -0.208940 -0.076002
v -0.568900 -0.209718 -0.076002
v -0.540065 -0.209718 -0.076002
v -0.569969 -0.210798 -0.076002
v -0.539009 -0.210841 -0.076002
v -0.570946 -0.211966 -0.076002
v -0.538077 -0.212024 -0.076002
v -0.571830 -0.213222 -0.076002
v -0.537261 -0.213271 -0.076002
v -0.572622 -0.214560 -0.076002
v -0.554917 -0.214215 -0.076002
v -0.536557 -0.214585 -0.076002
v -0.554090 -0.214239 -0.076002
v -0.556404 -0.214306 -0.076002
v -0.553306 -0.214307 -0.076002
v -0.573321 -0.215980 -0.076002
v -0.558370 -0.214754 -0.076002
v -0.551204 -0.214773 -0.076002
v -0.535958 -0.215970 -0.076002
v -0.560027 -0.215522 -0.076002
v -0.549460 -0.215601 -0.076002
v -0.560965 -0.216180 -0.076002
v -0.548489 -0.216337 -0.076002
v -0.535458 -0.217430 -0.076002
v -0.573928 -0.217478 -0.076002
v -0.561772 -0.216935 -0.076002
v -0.547664 -0.217207 -0.076002
v -0.562279 -0.217558 -0.076002
v -0.547138 -0.217902 -0.076002
v -0.535052 -0.218967 -0.076002
v -0.574441 -0.219050 -0.076002
v -0.562739 -0.218232 -0.076002
v -0.546680 -0.218620 -0.076002
v -0.563154 -0.218956 -0.076002
v -0.546287 -0.219367 -0.076002
v -0.563523 -0.219729 -0.076002
v -0.534732 -0.220586 -0.076002
v -0.574861 -0.220695 -0.076002
v -0.545954 -0.220145 -0.076002
v -0.563847 -0.220549 -0.076002
v -0.545676 -0.220958 -0.076002
v -0.564126 -0.221417 -0.076002
v -0.534494 -0.222289 -0.076002
v -0.575188 -0.222410 -0.076002
v -0.545450 -0.221811 -0.076002
v -0.564361 -0.222330 -0.076002
v -0.545271 -0.222705 -0.076002
v -0.534332 -0.224080 -0.076002
v -0.564552 -0.223289 -0.076002
v -0.575422 -0.224190 -0.076002
v -0.545134 -0.223646 -0.076002
v -0.564700 -0.224292 -0.076002
v -0.545035 -0.224636 -0.076002
v -0.534239 -0.225963 -0.076002
v -0.575563 -0.226035 -0.076002
v -0.564805 -0.225338 -0.076002
v -0.544970 -0.225679 -0.076002
v -0.564868 -0.226426 -0.076002
v -0.544934 -0.226780 -0.076002
v -0.534209 -0.227940 -0.076002
v -0.575609 -0.227940 -0.076002
v -0.564889 -0.227557 -0.076002
v -0.544923 -0.227940 -0.076002
v -0.564858 -0.229618 -0.076002
v -0.575545 -0.231135 -0.076002
v -0.544129 -0.227940 -0.076002
v -0.543249 -0.227940 -0.076002
v -0.542145 -0.227940 -0.076002
v -0.540893 -0.227940 -0.076002
v -0.539566 -0.227940 -0.076002
v -0.538239 -0.227940 -0.076002
v -0.536987 -0.227940 -0.076002
v -0.535883 -0.227940 -0.076002
v -0.535003 -0.227940 -0.076002
v -0.564755 -0.231446 -0.076002
v -0.575345 -0.234000 -0.076002
v -0.564565 -0.233065 -0.076002
v -0.564272 -0.234496 -0.076002
v -0.575000 -0.236562 -0.076002
v -0.563862 -0.235762 -0.076002
v -0.563318 -0.236886 -0.076002
v -0.574497 -0.238847 -0.076002
v -0.562626 -0.237891 -0.076002
v -0.561770 -0.238799 -0.076002
v -0.560735 -0.239633 -0.076002
v -0.573826 -0.240878 -0.076002
v -0.559506 -0.240416 -0.076002
v -0.558067 -0.241170 -0.076002
v -0.572977 -0.242682 -0.076002
v -0.556403 -0.241918 -0.076002
v -0.555665 -0.242222 -0.076002
v -0.554845 -0.242558 -0.076002
v -0.553818 -0.242980 -0.076002
v -0.571939 -0.244284 -0.076002
v -0.552653 -0.243459 -0.076002
v -0.551418 -0.243966 -0.076002
v -0.550183 -0.244474 -0.076002
v -0.570701 -0.245709 -0.076002
v -0.549018 -0.244953 -0.076002
v -0.547991 -0.245374 -0.076002
v -0.569251 -0.246983 -0.076002
v -0.546629 -0.245934 -0.076002
v -0.544062 -0.247095 -0.076002
v -0.567580 -0.248131 -0.076002
v -0.541995 -0.248283 -0.076002
v -0.565677 -0.249178 -0.076002
v -0.540214 -0.249597 -0.076002
v -0.563531 -0.250149 -0.076002
v -0.538700 -0.251058 -0.076002
v -0.562782 -0.250454 -0.076002
v -0.561950 -0.250792 -0.076002
v -0.560908 -0.251216 -0.076002
v -0.537435 -0.252684 -0.076002
v -0.559726 -0.251697 -0.076002
v -0.558473 -0.252207 -0.076002
v -0.557220 -0.252716 -0.076002
v -0.536399 -0.254495 -0.076002
v -0.556038 -0.253198 -0.076002
v -0.554996 -0.253621 -0.076002
v -0.554164 -0.253960 -0.076002
v -0.553415 -0.254264 -0.076002
v -0.551723 -0.255019 -0.076002
v -0.535573 -0.256511 -0.076002
v -0.550255 -0.255802 -0.076002
v -0.548996 -0.256640 -0.076002
v -0.534940 -0.258751 -0.076002
v -0.547932 -0.257556 -0.076002
v -0.547048 -0.258574 -0.076002
v -0.546330 -0.259719 -0.076002
v -0.534481 -0.261235 -0.076002
v -0.545762 -0.261014 -0.076002
v -0.545331 -0.262484 -0.076002
v -0.534175 -0.263982 -0.076002
v -0.545021 -0.264154 -0.076002
v -0.534006 -0.267012 -0.076002
v -0.544817 -0.266047 -0.076002
v -0.544706 -0.268187 -0.076002
v -0.533954 -0.270344 -0.076002
v -0.544672 -0.270599 -0.076002
v -0.533981 -0.272587 -0.076002
v -0.544684 -0.272016 -0.076002
v -0.576246 -0.270960 -0.076002
v -0.576217 -0.273246 -0.076002
v -0.575452 -0.270960 -0.076002
v -0.574571 -0.270960 -0.076002
v -0.573467 -0.270960 -0.076002
v -0.572214 -0.270960 -0.076002
v -0.570887 -0.270960 -0.076002
v -0.569560 -0.270960 -0.076002
v -0.568307 -0.270960 -0.076002
v -0.567203 -0.270960 -0.076002
v -0.566322 -0.270960 -0.076002
v -0.565528 -0.270960 -0.076002
v -0.565514 -0.272375 -0.076002
v -0.544721 -0.273335 -0.076002
v -0.565470 -0.273687 -0.076002
v -0.534066 -0.274694 -0.076002
v -0.576125 -0.275360 -0.076002
v -0.544788 -0.274562 -0.076002
v -0.565391 -0.274903 -0.076002
v -0.544891 -0.275703 -0.076002
v -0.534216 -0.276672 -0.076002
v -0.565275 -0.276028 -0.076002
v -0.575966 -0.277315 -0.076002
v -0.545034 -0.276764 -0.076002
v -0.565118 -0.277070 -0.076002
v -0.534435 -0.278527 -0.076002
v -0.545221 -0.277751 -0.076002
v -0.564915 -0.278035 -0.076002
v -0.575736 -0.279123 -0.076002
v -0.545457 -0.278670 -0.076002
v -0.564663 -0.278929 -0.076002
v -0.534731 -0.280265 -0.076002
v -0.545747 -0.279527 -0.076002
v -0.564358 -0.279758 -0.076002
v -0.575430 -0.280794 -0.076002
v -0.546095 -0.280327 -0.076002
v -0.563997 -0.280530 -0.076002
v -0.535110 -0.281892 -0.076002
v -0.546506 -0.281078 -0.076002
v -0.563575 -0.281251 -0.076002
v -0.575042 -0.282341 -0.076002
v -0.546985 -0.281785 -0.076002
v -0.563089 -0.281926 -0.076002
v -0.535577 -0.283414 -0.076002
v -0.574569 -0.283776 -0.076002
v -0.547960 -0.282877 -0.076002
v -0.562143 -0.282961 -0.076002
v -0.536138 -0.284838 -0.076002
v -0.549432 -0.283972 -0.076002
v -0.560711 -0.284004 -0.076002
v -0.574005 -0.285109 -0.076002
v -0.550599 -0.284541 -0.076002
v -0.559554 -0.284554 -0.076002
v -0.558242 -0.284968 -0.076002
v -0.536801 -0.286170 -0.076002
v -0.552670 -0.285117 -0.076002
v -0.573346 -0.286354 -0.076002
v -0.553454 -0.285228 -0.076002
v -0.556779 -0.285229 -0.076002
v -0.554287 -0.285296 -0.076002
v -0.555993 -0.285296 -0.076002
v -0.555172 -0.285319 -0.076002
v -0.537569 -0.287416 -0.076002
v -0.572587 -0.287522 -0.076002
v -0.538451 -0.288581 -0.076002
v -0.571724 -0.288624 -0.076002
v -0.539451 -0.289673 -0.076002
v -0.570751 -0.289673 -0.076002
v -0.569848 -0.290514 -0.076002
v -0.540330 -0.290460 -0.076002
v -0.541287 -0.291197 -0.076002
v -0.568871 -0.291286 -0.076002
v -0.542324 -0.291880 -0.076002
v -0.567820 -0.291989 -0.076002
v -0.543439 -0.292506 -0.076002
v -0.566697 -0.292620 -0.076002
v -0.544633 -0.293071 -0.076002
v -0.565501 -0.293181 -0.076002
v -0.545906 -0.293572 -0.076002
v -0.564234 -0.293669 -0.076002
v -0.547256 -0.294006 -0.076002
v -0.562897 -0.294084 -0.076002
v -0.548685 -0.294368 -0.076002
v -0.561489 -0.294425 -0.076002
v -0.550191 -0.294656 -0.076002
v -0.560012 -0.294692 -0.076002
v -0.551775 -0.294866 -0.076002
v -0.558467 -0.294884 -0.076002
v -0.553436 -0.294995 -0.076002
v -0.556854 -0.295000 -0.076002
v -0.555174 -0.295038 -0.076002
v -0.498647 -0.204385 -0.076002
v -0.500353 -0.204438 -0.076002
v -0.497126 -0.204423 -0.076002
v -0.495680 -0.204538 -0.076002
v -0.501972 -0.204595 -0.076002
v -0.494304 -0.204727 -0.076002
v -0.503506 -0.204850 -0.076002
v -0.492996 -0.204990 -0.076002
v -0.504957 -0.205200 -0.076002
v -0.491753 -0.205325 -0.076002
v -0.506328 -0.205640 -0.076002
v -0.490570 -0.205731 -0.076002
v -0.507621 -0.206164 -0.076002
v -0.489444 -0.206207 -0.076002
v -0.508838 -0.206769 -0.076002
v -0.488373 -0.206751 -0.076002
v -0.487352 -0.207363 -0.076002
v -0.509981 -0.207451 -0.076002
v -0.486378 -0.208042 -0.076002
v -0.511053 -0.208203 -0.076002
v -0.485449 -0.208785 -0.076002
v -0.512056 -0.209022 -0.076002
v -0.484559 -0.209592 -0.076002
v -0.512991 -0.209903 -0.076002
v -0.483568 -0.210642 -0.076002
v -0.513862 -0.210842 -0.076002
v -0.482661 -0.211784 -0.076002
v -0.515220 -0.212556 -0.076002
v -0.481838 -0.213013 -0.076002
v -0.516375 -0.214362 -0.076002
v -0.498645 -0.213962 -0.076002
v -0.481099 -0.214325 -0.076002
v -0.499493 -0.213991 -0.076002
v -0.497829 -0.213991 -0.076002
v -0.497059 -0.214073 -0.076002
v -0.500295 -0.214073 -0.076002
v -0.501053 -0.214208 -0.076002
v -0.480444 -0.215713 -0.076002
v -0.517345 -0.216316 -0.076002
v -0.495010 -0.214607 -0.076002
v -0.502438 -0.214623 -0.076002
v -0.493336 -0.215498 -0.076002
v -0.504204 -0.215567 -0.076002
v -0.479873 -0.217174 -0.076002
v -0.492417 -0.216244 -0.076002
v -0.505182 -0.216380 -0.076002
v -0.518144 -0.218473 -0.076002
v -0.491646 -0.217078 -0.076002
v -0.506009 -0.217314 -0.076002
v -0.491151 -0.217754 -0.076002
v -0.479386 -0.218703 -0.076002
v -0.506735 -0.218445 -0.076002
v -0.490713 -0.218474 -0.076002
v -0.507360 -0.219734 -0.076002
v -0.518789 -0.220890 -0.076002
v -0.490330 -0.219233 -0.076002
v -0.478981 -0.220293 -0.076002
v -0.489998 -0.220028 -0.076002
v -0.507890 -0.221218 -0.076002
v -0.489713 -0.220854 -0.076002
v -0.478659 -0.221941 -0.076002
v -0.489474 -0.221707 -0.076002
v -0.519296 -0.223622 -0.076002
v -0.508334 -0.222936 -0.076002
v -0.489275 -0.222584 -0.076002
v -0.478421 -0.223642 -0.076002
v -0.489114 -0.223481 -0.076002
v -0.508698 -0.224928 -0.076002
v -0.488988 -0.224392 -0.076002
v -0.519681 -0.226726 -0.076002
v -0.478265 -0.225389 -0.076002
v -0.488893 -0.225315 -0.076002
v -0.508990 -0.227232 -0.076002
v -0.488825 -0.226245 -0.076002
v -0.478191 -0.227179 -0.076002
v -0.488783 -0.227179 -0.076002
v -0.519960 -0.230256 -0.076002
v -0.487998 -0.227179 -0.076002
v -0.487128 -0.227179 -0.076002
v -0.486037 -0.227179 -0.076002
v -0.484798 -0.227179 -0.076002
v -0.483487 -0.227179 -0.076002
v -0.482175 -0.227179 -0.076002
v -0.480937 -0.227179 -0.076002
v -0.479846 -0.227179 -0.076002
v -0.478975 -0.227179 -0.076002
v -0.509217 -0.229886 -0.076002
v -0.509387 -0.232929 -0.076002
v -0.520149 -0.234270 -0.076002
v -0.509506 -0.236400 -0.076002
v -0.520265 -0.238822 -0.076002
v -0.509582 -0.240337 -0.076002
v -0.520322 -0.243968 -0.076002
v -0.509622 -0.244779 -0.076002
v -0.520337 -0.249765 -0.076002
v -0.509634 -0.249765 -0.076002
v -0.520322 -0.255567 -0.076002
v -0.509622 -0.254752 -0.076002
v -0.509582 -0.259195 -0.076002
v -0.520264 -0.260717 -0.076002
v -0.509506 -0.263133 -0.076002
v -0.520149 -0.265271 -0.076002
v -0.509387 -0.266604 -0.076002
v -0.519960 -0.269285 -0.076002
v -0.509217 -0.269646 -0.076002
v -0.519681 -0.272816 -0.076002
v -0.508990 -0.272300 -0.076002
v -0.488783 -0.272212 -0.076002
v -0.488827 -0.273153 -0.076002
v -0.478191 -0.272212 -0.076002
v -0.478267 -0.274069 -0.076002
v -0.508698 -0.274602 -0.076002
v -0.519296 -0.275919 -0.076002
v -0.488900 -0.274093 -0.076002
v -0.478431 -0.275883 -0.076002
v -0.489003 -0.275030 -0.076002
v -0.508334 -0.276592 -0.076002
v -0.489138 -0.275957 -0.076002
v -0.478683 -0.277648 -0.076002
v -0.518789 -0.278650 -0.076002
v -0.489308 -0.276870 -0.076002
v -0.507890 -0.278309 -0.076002
v -0.489514 -0.277763 -0.076002
v -0.479022 -0.279357 -0.076002
v -0.489759 -0.278633 -0.076002
v -0.507360 -0.279791 -0.076002
v -0.490045 -0.279474 -0.076002
v -0.518144 -0.281065 -0.076002
v -0.479450 -0.281004 -0.076002
v -0.490375 -0.280282 -0.076002
v -0.506735 -0.281076 -0.076002
v -0.490750 -0.281051 -0.076002
v -0.479966 -0.282583 -0.076002
v -0.491173 -0.281777 -0.076002
v -0.517345 -0.283221 -0.076002
v -0.506009 -0.282203 -0.076002
v -0.492013 -0.282882 -0.076002
v -0.480570 -0.284088 -0.076002
v -0.504713 -0.283570 -0.076002
v -0.516375 -0.285173 -0.076002
v -0.493336 -0.284037 -0.076002
v -0.481262 -0.285513 -0.076002
v -0.503068 -0.284634 -0.076002
v -0.494411 -0.284666 -0.076002
v -0.501767 -0.285140 -0.076002
v -0.495650 -0.285150 -0.076002
v -0.515220 -0.286978 -0.076002
v -0.500295 -0.285459 -0.076002
v -0.497059 -0.285461 -0.076002
v -0.499493 -0.285542 -0.076002
v -0.497830 -0.285542 -0.076002
v -0.482043 -0.286852 -0.076002
v -0.498645 -0.285570 -0.076002
v -0.482913 -0.288099 -0.076002
v -0.513862 -0.288691 -0.076002
v -0.483872 -0.289247 -0.076002
v -0.512991 -0.289626 -0.076002
v -0.484920 -0.290290 -0.076002
v -0.512056 -0.290505 -0.076002
v -0.485813 -0.291041 -0.076002
v -0.511053 -0.291325 -0.076002
v -0.486744 -0.291734 -0.076002
v -0.509982 -0.292079 -0.076002
v -0.487716 -0.292367 -0.076002
v -0.508838 -0.292762 -0.076002
v -0.488729 -0.292940 -0.076002
v -0.507621 -0.293371 -0.076002
v -0.489788 -0.293450 -0.076002
v -0.506328 -0.293899 -0.076002
v -0.490894 -0.293897 -0.076002
v -0.492049 -0.294279 -0.076002
v -0.504957 -0.294342 -0.076002
v -0.493256 -0.294595 -0.076002
v -0.503506 -0.294696 -0.076002
v -0.494517 -0.294843 -0.076002
v -0.501972 -0.294954 -0.076002
v -0.495834 -0.295022 -0.076002
v -0.500353 -0.295113 -0.076002
v -0.497210 -0.295131 -0.076002
v -0.498647 -0.295167 -0.076002
v -0.463088 -0.205369 -0.076002
v -0.463088 -0.294168 -0.076002
v -0.452369 -0.205369 -0.076002
v -0.452369 -0.244166 -0.076002
v -0.432657 -0.205369 -0.076002
v -0.432657 -0.244166 -0.076002
v -0.421943 -0.205369 -0.076002
v -0.421943 -0.294168 -0.076002
v -0.452369 -0.253756 -0.076002
v -0.432657 -0.253756 -0.076002
v -0.452369 -0.294168 -0.076002
v -0.432657 -0.294168 -0.076002
v -0.446675 0.294168 -0.076002
v -0.446675 -0.112760 -0.076002
v -0.436754 0.294168 -0.076002
v -0.436754 -0.112760 -0.076002
v -0.403627 -0.205367 -0.076002
v -0.403627 -0.294166 -0.076002
v -0.392928 -0.214957 -0.076002
v -0.369355 -0.205367 -0.076002
v -0.369355 -0.214957 -0.076002
v -0.392928 -0.244781 -0.076002
v -0.392928 -0.254372 -0.076002
v -0.372598 -0.244781 -0.076002
v -0.372598 -0.254372 -0.076002
v -0.392928 -0.284577 -0.076002
v -0.369355 -0.284577 -0.076002
v -0.369355 -0.294168 -0.076002
v -0.325668 -0.205369 -0.076002
v -0.325668 -0.294168 -0.076002
v -0.314934 -0.205369 -0.076002
v -0.314934 -0.244166 -0.076002
v -0.295222 -0.205369 -0.076002
v -0.295222 -0.244166 -0.076002
v -0.284523 -0.205369 -0.076002
v -0.284523 -0.294168 -0.076002
v -0.314934 -0.253756 -0.076002
v -0.295222 -0.253756 -0.076002
v -0.314934 -0.294168 -0.076002
v -0.295222 -0.294168 -0.076002
v -0.246587 -0.204387 -0.076002
v -0.248287 -0.204440 -0.076002
v -0.244883 -0.204440 -0.076002
v -0.249897 -0.204597 -0.076002
v -0.243270 -0.204597 -0.076002
v -0.251421 -0.204853 -0.076002
v -0.241744 -0.204853 -0.076002
v -0.252862 -0.205202 -0.076002
v -0.240301 -0.205202 -0.076002
v -0.254223 -0.205642 -0.076002
v -0.238938 -0.205642 -0.076002
v -0.255508 -0.206167 -0.076002
v -0.237652 -0.206167 -0.076002
v -0.256720 -0.206772 -0.076002
v -0.236439 -0.206772 -0.076002
v -0.257863 -0.207453 -0.076002
v -0.235296 -0.207453 -0.076002
v -0.258939 -0.208205 -0.076002
v -0.234219 -0.208205 -0.076002
v -0.259953 -0.209024 -0.076002
v -0.233206 -0.209024 -0.076002
v -0.260907 -0.209905 -0.076002
v -0.232252 -0.209905 -0.076002
v -0.261805 -0.210844 -0.076002
v -0.231355 -0.210844 -0.076002
v -0.263136 -0.212478 -0.076002
v -0.230024 -0.212478 -0.076002
v -0.228886 -0.214231 -0.076002
v -0.264273 -0.214232 -0.076002
v -0.246584 -0.213965 -0.076002
v -0.247436 -0.213993 -0.076002
v -0.245736 -0.213993 -0.076002
v -0.248241 -0.214076 -0.076002
v -0.244937 -0.214076 -0.076002
v -0.249000 -0.214210 -0.076002
v -0.244187 -0.214211 -0.076002
v -0.227927 -0.216156 -0.076002
v -0.265233 -0.216157 -0.076002
v -0.250386 -0.214625 -0.076002
v -0.242827 -0.214626 -0.076002
v -0.251601 -0.215215 -0.076002
v -0.241110 -0.215571 -0.076002
v -0.253123 -0.216382 -0.076002
v -0.240161 -0.216383 -0.076002
v -0.227131 -0.218305 -0.076002
v -0.266028 -0.218306 -0.076002
v -0.253948 -0.217316 -0.076002
v -0.239352 -0.217316 -0.076002
v -0.254675 -0.218447 -0.076002
v -0.238619 -0.218447 -0.076002
v -0.226483 -0.220729 -0.076002
v -0.266676 -0.220730 -0.076002
v -0.255299 -0.219736 -0.076002
v -0.237984 -0.219736 -0.076002
v -0.255829 -0.221220 -0.076002
v -0.237441 -0.221220 -0.076002
v -0.225970 -0.223481 -0.076002
v -0.267189 -0.223481 -0.076002
v -0.256271 -0.222938 -0.076002
v -0.236983 -0.222938 -0.076002
v -0.256633 -0.224930 -0.076002
v -0.236604 -0.224930 -0.076002
v -0.225576 -0.226611 -0.076002
v -0.267582 -0.226612 -0.076002
v -0.256922 -0.227234 -0.076002
v -0.236297 -0.227234 -0.076002
v -0.225287 -0.230173 -0.076002
v -0.267872 -0.230174 -0.076002
v -0.257147 -0.229888 -0.076002
v -0.236055 -0.229888 -0.076002
v -0.257314 -0.232931 -0.076002
v -0.235872 -0.232931 -0.076002
v -0.225087 -0.234218 -0.076002
v -0.268071 -0.234218 -0.076002
v -0.257431 -0.236402 -0.076002
v -0.235741 -0.236402 -0.076002
v -0.224963 -0.238797 -0.076002
v -0.268195 -0.238797 -0.076002
v -0.257506 -0.240339 -0.076002
v -0.235656 -0.240339 -0.076002
v -0.224900 -0.243963 -0.076002
v -0.268259 -0.243963 -0.076002
v -0.257545 -0.244781 -0.076002
v -0.235610 -0.244781 -0.076002
v -0.224882 -0.249767 -0.076002
v -0.268277 -0.249767 -0.076002
v -0.257556 -0.249767 -0.076002
v -0.235596 -0.249767 -0.076002
v -0.268259 -0.255576 -0.076002
v -0.257545 -0.254754 -0.076002
v -0.235610 -0.254754 -0.076002
v -0.224900 -0.255576 -0.076002
v -0.257506 -0.259197 -0.076002
v -0.235656 -0.259197 -0.076002
v -0.224963 -0.260745 -0.076002
v -0.268195 -0.260745 -0.076002
v -0.257431 -0.263135 -0.076002
v -0.235741 -0.263135 -0.076002
v -0.225087 -0.265326 -0.076002
v -0.268071 -0.265327 -0.076002
v -0.257314 -0.266606 -0.076002
v -0.235872 -0.266606 -0.076002
v -0.225287 -0.269372 -0.076002
v -0.267872 -0.269372 -0.076002
v -0.257147 -0.269648 -0.076002
v -0.236055 -0.269648 -0.076002
v -0.225576 -0.272933 -0.076002
v -0.267582 -0.272934 -0.076002
v -0.256922 -0.272302 -0.076002
v -0.236297 -0.272302 -0.076002
v -0.256633 -0.274604 -0.076002
v -0.236604 -0.274604 -0.076002
v -0.225970 -0.276063 -0.076002
v -0.267189 -0.276064 -0.076002
v -0.256271 -0.276594 -0.076002
v -0.236983 -0.276594 -0.076002
v -0.226483 -0.278814 -0.076002
v -0.266676 -0.278814 -0.076002
v -0.255829 -0.278311 -0.076002
v -0.237441 -0.278311 -0.076002
v -0.255299 -0.279793 -0.076002
v -0.237984 -0.279793 -0.076002
v -0.227131 -0.281236 -0.076002
v -0.266028 -0.281237 -0.076002
v -0.254675 -0.281078 -0.076002
v -0.238619 -0.281078 -0.076002
v -0.227927 -0.283384 -0.076002
v -0.265233 -0.283384 -0.076002
v -0.253554 -0.282690 -0.076002
v -0.239739 -0.282691 -0.076002
v -0.252655 -0.283572 -0.076002
v -0.240617 -0.283573 -0.076002
v -0.228886 -0.285307 -0.076002
v -0.264273 -0.285308 -0.076002
v -0.251601 -0.284319 -0.076002
v -0.241642 -0.284320 -0.076002
v -0.250386 -0.284911 -0.076002
v -0.243485 -0.285143 -0.076002
v -0.249000 -0.285326 -0.076002
v -0.230024 -0.287060 -0.076002
v -0.263136 -0.287060 -0.076002
v -0.248241 -0.285461 -0.076002
v -0.244937 -0.285461 -0.076002
v -0.247436 -0.285544 -0.076002
v -0.245736 -0.285544 -0.076002
v -0.246584 -0.285572 -0.076002
v -0.231355 -0.288693 -0.076002
v -0.261805 -0.288693 -0.076002
v -0.260907 -0.289628 -0.076002
v -0.232252 -0.289628 -0.076002
v -0.259953 -0.290508 -0.076002
v -0.233205 -0.290508 -0.076002
v -0.258939 -0.291327 -0.076002
v -0.234219 -0.291327 -0.076002
v -0.257863 -0.292081 -0.076002
v -0.235295 -0.292081 -0.076002
v -0.256721 -0.292764 -0.076002
v -0.236438 -0.292764 -0.076002
v -0.255509 -0.293373 -0.076002
v -0.237651 -0.293373 -0.076002
v -0.254224 -0.293901 -0.076002
v -0.238937 -0.293901 -0.076002
v -0.252863 -0.294344 -0.076002
v -0.240300 -0.294345 -0.076002
v -0.251422 -0.294698 -0.076002
v -0.241743 -0.294698 -0.076002
v -0.249898 -0.294956 -0.076002
v -0.243270 -0.294956 -0.076002
v -0.248287 -0.295115 -0.076002
v -0.244883 -0.295115 -0.076002
v -0.246587 -0.295169 -0.076002
v -0.187904 -0.204385 -0.076002
v -0.189606 -0.204438 -0.076002
v -0.186380 -0.204423 -0.076002
v -0.184931 -0.204538 -0.076002
v -0.191222 -0.204595 -0.076002
v -0.183555 -0.204727 -0.076002
v -0.192754 -0.204850 -0.076002
v -0.182247 -0.204990 -0.076002
v -0.194204 -0.205200 -0.076002
v -0.181003 -0.205325 -0.076002
v -0.195575 -0.205640 -0.076002
v -0.179821 -0.205731 -0.076002
v -0.196869 -0.206164 -0.076002
v -0.178697 -0.206207 -0.076002
v -0.198088 -0.206769 -0.076002
v -0.177626 -0.206751 -0.076002
v -0.176607 -0.207363 -0.076002
v -0.199234 -0.207451 -0.076002
v -0.175634 -0.208042 -0.076002
v -0.200310 -0.208203 -0.076002
v -0.174705 -0.208785 -0.076002
v -0.201318 -0.209022 -0.076002
v -0.173816 -0.209592 -0.076002
v -0.202261 -0.209903 -0.076002
v -0.172829 -0.210642 -0.076002
v -0.203140 -0.210842 -0.076002
v -0.171924 -0.211784 -0.076002
v -0.204493 -0.212556 -0.076002
v -0.171103 -0.213013 -0.076002
v -0.205645 -0.214362 -0.076002
v -0.187904 -0.213962 -0.076002
v -0.170365 -0.214325 -0.076002
v -0.188757 -0.213991 -0.076002
v -0.187085 -0.213991 -0.076002
v -0.186311 -0.214073 -0.076002
v -0.189563 -0.214073 -0.076002
v -0.184898 -0.214384 -0.076002
v -0.191040 -0.214392 -0.076002
v -0.169710 -0.215713 -0.076002
v -0.206611 -0.216316 -0.076002
v -0.183658 -0.214869 -0.076002
v -0.192344 -0.214898 -0.076002
v -0.182583 -0.215498 -0.076002
v -0.193989 -0.215957 -0.076002
v -0.169138 -0.217174 -0.076002
v -0.181668 -0.216244 -0.076002
v -0.207407 -0.218473 -0.076002
v -0.194891 -0.216833 -0.076002
v -0.180905 -0.217078 -0.076002
v -0.180406 -0.217754 -0.076002
v -0.168649 -0.218703 -0.076002
v -0.196007 -0.218445 -0.076002
v -0.179965 -0.218474 -0.076002
v -0.196628 -0.219734 -0.076002
v -0.208050 -0.220890 -0.076002
v -0.179580 -0.219233 -0.076002
v -0.168243 -0.220293 -0.076002
v -0.179247 -0.220028 -0.076002
v -0.197154 -0.221218 -0.076002
v -0.178962 -0.220854 -0.076002
v -0.167921 -0.221941 -0.076002
v -0.178722 -0.221707 -0.076002
v -0.208555 -0.223622 -0.076002
v -0.197594 -0.222936 -0.076002
v -0.178523 -0.222584 -0.076002
v -0.167681 -0.223642 -0.076002
v -0.178362 -0.223481 -0.076002
v -0.197954 -0.224928 -0.076002
v -0.178235 -0.224392 -0.076002
v -0.208938 -0.226726 -0.076002
v -0.167525 -0.225389 -0.076002
v -0.178138 -0.225315 -0.076002
v -0.198243 -0.227232 -0.076002
v -0.178069 -0.226245 -0.076002
v -0.167452 -0.227179 -0.076002
v -0.178022 -0.227179 -0.076002
v -0.209216 -0.230256 -0.076002
v -0.177239 -0.227179 -0.076002
v -0.176371 -0.227179 -0.076002
v -0.175282 -0.227179 -0.076002
v -0.174046 -0.227179 -0.076002
v -0.172737 -0.227179 -0.076002
v -0.171428 -0.227179 -0.076002
v -0.170192 -0.227179 -0.076002
v -0.169104 -0.227179 -0.076002
v -0.168235 -0.227179 -0.076002
v -0.198466 -0.229886 -0.076002
v -0.198633 -0.232929 -0.076002
v -0.209405 -0.234270 -0.076002
v -0.198749 -0.236400 -0.076002
v -0.209520 -0.238822 -0.076002
v -0.198823 -0.240337 -0.076002
v -0.209577 -0.243968 -0.076002
v -0.198862 -0.244779 -0.076002
v -0.209592 -0.249765 -0.076002
v -0.198874 -0.249765 -0.076002
v -0.209577 -0.255567 -0.076002
v -0.198862 -0.254752 -0.076002
v -0.198823 -0.259195 -0.076002
v -0.209520 -0.260717 -0.076002
v -0.198749 -0.263133 -0.076002
v -0.209405 -0.265271 -0.076002
v -0.198633 -0.266604 -0.076002
v -0.209216 -0.269285 -0.076002
v -0.198466 -0.269646 -0.076002
v -0.208938 -0.272816 -0.076002
v -0.198243 -0.272300 -0.076002
v -0.178022 -0.272212 -0.076002
v -0.178072 -0.273153 -0.076002
v -0.167452 -0.272212 -0.076002
v -0.167528 -0.274069 -0.076002
v -0.197954 -0.274602 -0.076002
v -0.208555 -0.275919 -0.076002
v -0.178149 -0.274093 -0.076002
v -0.167692 -0.275883 -0.076002
v -0.178256 -0.275030 -0.076002
v -0.197594 -0.276592 -0.076002
v -0.178395 -0.275957 -0.076002
v -0.167944 -0.277648 -0.076002
v -0.208050 -0.278650 -0.076002
v -0.178568 -0.276870 -0.076002
v -0.197154 -0.278309 -0.076002
v -0.178777 -0.277763 -0.076002
v -0.168285 -0.279357 -0.076002
v -0.179024 -0.278633 -0.076002
v -0.196628 -0.279791 -0.076002
v -0.179312 -0.279474 -0.076002
v -0.207407 -0.281065 -0.076002
v -0.168714 -0.281004 -0.076002
v -0.179642 -0.280282 -0.076002
v -0.196007 -0.281076 -0.076002
v -0.180016 -0.281051 -0.076002
v -0.169231 -0.282583 -0.076002
v -0.180436 -0.281777 -0.076002
v -0.206611 -0.283221 -0.076002
v -0.180905 -0.282454 -0.076002
v -0.194891 -0.282688 -0.076002
v -0.169836 -0.284088 -0.076002
v -0.181669 -0.283290 -0.076002
v -0.205645 -0.285173 -0.076002
v -0.193482 -0.283962 -0.076002
v -0.182584 -0.284037 -0.076002
v -0.170529 -0.285513 -0.076002
v -0.192344 -0.284634 -0.076002
v -0.183658 -0.284666 -0.076002
v -0.184899 -0.285150 -0.076002
v -0.190324 -0.285324 -0.076002
v -0.204493 -0.286978 -0.076002
v -0.189563 -0.285459 -0.076002
v -0.186312 -0.285461 -0.076002
v -0.188757 -0.285542 -0.076002
v -0.187085 -0.285542 -0.076002
v -0.171310 -0.286852 -0.076002
v -0.187904 -0.285570 -0.076002
v -0.172179 -0.288099 -0.076002
v -0.203140 -0.288691 -0.076002
v -0.173136 -0.289247 -0.076002
v -0.202261 -0.289626 -0.076002
v -0.174181 -0.290290 -0.076002
v -0.201318 -0.290505 -0.076002
v -0.175074 -0.291041 -0.076002
v -0.200310 -0.291325 -0.076002
v -0.176005 -0.291734 -0.076002
v -0.199234 -0.292079 -0.076002
v -0.176977 -0.292367 -0.076002
v -0.198088 -0.292762 -0.076002
v -0.177992 -0.292940 -0.076002
v -0.196869 -0.293371 -0.076002
v -0.179052 -0.293450 -0.076002
v -0.195575 -0.293899 -0.076002
v -0.180159 -0.293897 -0.076002
v -0.181314 -0.294279 -0.076002
v -0.194204 -0.294342 -0.076002
v -0.182521 -0.294595 -0.076002
v -0.192754 -0.294696 -0.076002
v -0.183782 -0.294843 -0.076002
v -0.191222 -0.294954 -0.076002
v -0.185097 -0.295022 -0.076002
v -0.189606 -0.295113 -0.076002
v -0.186471 -0.295131 -0.076002
v -0.187904 -0.295167 -0.076002
v -0.151673 -0.205369 -0.076002
v -0.151673 -0.294168 -0.076002
v -0.140974 -0.205369 -0.076002
v -0.140974 -0.244166 -0.076002
v -0.121247 -0.205369 -0.076002
v -0.121247 -0.244166 -0.076002
v -0.110528 -0.205369 -0.076002
v -0.110528 -0.294168 -0.076002
v -0.140974 -0.253756 -0.076002
v -0.121247 -0.253756 -0.076002
v -0.140974 -0.294168 -0.076002
v -0.121247 -0.294168 -0.076002
v -0.073305 -0.204608 -0.076002
v -0.074749 -0.204647 -0.076002
v -0.071715 -0.204647 -0.076002
v -0.076146 -0.204763 -0.076002
v -0.070193 -0.204763 -0.076002
v -0.077495 -0.204953 -0.076002
v -0.068738 -0.204953 -0.076002
v -0.078795 -0.205216 -0.076002
v -0.067349 -0.205216 -0.076002
v -0.080047 -0.205550 -0.076002
v -0.066027 -0.205550 -0.076002
v -0.081249 -0.205954 -0.076002
v -0.064770 -0.205954 -0.076002
v -0.082401 -0.206424 -0.076002
v -0.063579 -0.206424 -0.076002
v -0.083504 -0.206960 -0.076002
v -0.062452 -0.206960 -0.076002
v -0.084557 -0.207559 -0.076002
v -0.061388 -0.207559 -0.076002
v -0.085560 -0.208220 -0.076002
v -0.060389 -0.208220 -0.076002
v -0.086511 -0.208940 -0.076002
v -0.059452 -0.208940 -0.076002
v -0.087412 -0.209718 -0.076002
v -0.058577 -0.209718 -0.076002
v -0.088486 -0.210798 -0.076002
v -0.057522 -0.210841 -0.076002
v -0.089466 -0.211966 -0.076002
v -0.056590 -0.212024 -0.076002
v -0.090354 -0.213222 -0.076002
v -0.055775 -0.213271 -0.076002
v -0.091148 -0.214560 -0.076002
v -0.073431 -0.214215 -0.076002
v -0.055071 -0.214585 -0.076002
v -0.074192 -0.214239 -0.076002
v -0.072612 -0.214239 -0.076002
v -0.071833 -0.214307 -0.076002
v -0.075608 -0.214416 -0.076002
v -0.070394 -0.214576 -0.076002
v -0.091849 -0.215980 -0.076002
v -0.054472 -0.215970 -0.076002
v -0.077471 -0.214978 -0.076002
v -0.069112 -0.215011 -0.076002
v -0.067985 -0.215601 -0.076002
v -0.079032 -0.215838 -0.076002
v -0.067013 -0.216337 -0.076002
v -0.053972 -0.217430 -0.076002
v -0.092457 -0.217478 -0.076002
v -0.079911 -0.216546 -0.076002
v -0.066194 -0.217207 -0.076002
v -0.080811 -0.217558 -0.076002
v -0.065667 -0.217902 -0.076002
v -0.053566 -0.218967 -0.076002
v -0.092971 -0.219050 -0.076002
v -0.081271 -0.218232 -0.076002
v -0.065209 -0.218620 -0.076002
v -0.081686 -0.218956 -0.076002
v -0.064815 -0.219367 -0.076002
v -0.082054 -0.219729 -0.076002
v -0.053247 -0.220586 -0.076002
v -0.093392 -0.220695 -0.076002
v -0.064480 -0.220145 -0.076002
v -0.082378 -0.220549 -0.076002
v -0.064201 -0.220958 -0.076002
v -0.082657 -0.221417 -0.076002
v -0.053009 -0.222289 -0.076002
v -0.093720 -0.222410 -0.076002
v -0.063973 -0.221811 -0.076002
v -0.082892 -0.222330 -0.076002
v -0.063791 -0.222705 -0.076002
v -0.052846 -0.224080 -0.076002
v -0.083084 -0.223289 -0.076002
v -0.093954 -0.224190 -0.076002
v -0.063653 -0.223646 -0.076002
v -0.083232 -0.224292 -0.076002
v -0.063552 -0.224636 -0.076002
v -0.052753 -0.225963 -0.076002
v -0.094094 -0.226035 -0.076002
v -0.083337 -0.225338 -0.076002
v -0.063486 -0.225679 -0.076002
v -0.083399 -0.226426 -0.076002
v -0.063449 -0.226780 -0.076002
v -0.052723 -0.227940 -0.076002
v -0.094141 -0.227940 -0.076002
v -0.083420 -0.227557 -0.076002
v -0.063438 -0.227940 -0.076002
v -0.083389 -0.229618 -0.076002
v -0.094077 -0.231135 -0.076002
v -0.062644 -0.227940 -0.076002
v -0.061764 -0.227940 -0.076002
v -0.060660 -0.227940 -0.076002
v -0.059407 -0.227940 -0.076002
v -0.058081 -0.227940 -0.076002
v -0.056754 -0.227940 -0.076002
v -0.055501 -0.227940 -0.076002
v -0.054398 -0.227940 -0.076002
v -0.053517 -0.227940 -0.076002
v -0.083284 -0.231446 -0.076002
v -0.093877 -0.234000 -0.076002
v -0.083091 -0.233065 -0.076002
v -0.082796 -0.234496 -0.076002
v -0.093530 -0.236562 -0.076002
v -0.082382 -0.235762 -0.076002
v -0.081836 -0.236886 -0.076002
v -0.093027 -0.238847 -0.076002
v -0.081142 -0.237891 -0.076002
v -0.080285 -0.238799 -0.076002
v -0.079251 -0.239633 -0.076002
v -0.092355 -0.240878 -0.076002
v -0.078025 -0.240416 -0.076002
v -0.076591 -0.241170 -0.076002
v -0.091504 -0.242682 -0.076002
v -0.074935 -0.241918 -0.076002
v -0.074193 -0.242222 -0.076002
v -0.073371 -0.242558 -0.076002
v -0.072339 -0.242980 -0.076002
v -0.090462 -0.244284 -0.076002
v -0.071169 -0.243459 -0.076002
v -0.069929 -0.243966 -0.076002
v -0.068690 -0.244474 -0.076002
v -0.089220 -0.245709 -0.076002
v -0.067519 -0.244953 -0.076002
v -0.066488 -0.245374 -0.076002
v -0.065666 -0.245711 -0.076002
v -0.087767 -0.246983 -0.076002
v -0.064924 -0.246014 -0.076002
v -0.062561 -0.247095 -0.076002
v -0.086090 -0.248131 -0.076002
v -0.060500 -0.248283 -0.076002
v -0.084180 -0.249178 -0.076002
v -0.058723 -0.249597 -0.076002
v -0.082026 -0.250149 -0.076002
v -0.057212 -0.251058 -0.076002
v -0.081278 -0.250454 -0.076002
v -0.080448 -0.250792 -0.076002
v -0.079408 -0.251216 -0.076002
v -0.055948 -0.252684 -0.076002
v -0.078227 -0.251697 -0.076002
v -0.076977 -0.252207 -0.076002
v -0.075726 -0.252716 -0.076002
v -0.054913 -0.254495 -0.076002
v -0.074546 -0.253198 -0.076002
v -0.073505 -0.253621 -0.076002
v -0.072675 -0.253960 -0.076002
v -0.071927 -0.254264 -0.076002
v -0.070236 -0.255019 -0.076002
v -0.054087 -0.256511 -0.076002
v -0.068768 -0.255802 -0.076002
v -0.067511 -0.256640 -0.076002
v -0.053454 -0.258751 -0.076002
v -0.066449 -0.257556 -0.076002
v -0.065568 -0.258574 -0.076002
v -0.064852 -0.259719 -0.076002
v -0.052993 -0.261235 -0.076002
v -0.064286 -0.261014 -0.076002
v -0.063857 -0.262484 -0.076002
v -0.052687 -0.263982 -0.076002
v -0.063549 -0.264154 -0.076002
v -0.052516 -0.267012 -0.076002
v -0.063347 -0.266047 -0.076002
v -0.063237 -0.268187 -0.076002
v -0.052464 -0.270344 -0.076002
v -0.063204 -0.270599 -0.076002
v -0.052491 -0.272587 -0.076002
v -0.063215 -0.272016 -0.076002
v -0.094565 -0.270960 -0.076002
v -0.094746 -0.273246 -0.076002
v -0.093101 -0.270960 -0.076002
v -0.091997 -0.270960 -0.076002
v -0.090744 -0.270960 -0.076002
v -0.089417 -0.270960 -0.076002
v -0.088089 -0.270960 -0.076002
v -0.086836 -0.270960 -0.076002
v -0.085732 -0.270960 -0.076002
v -0.084851 -0.270960 -0.076002
v -0.084057 -0.270960 -0.076002
v -0.084043 -0.272375 -0.076002
v -0.063252 -0.273335 -0.076002
v -0.083999 -0.273687 -0.076002
v -0.052578 -0.274694 -0.076002
v -0.094653 -0.275360 -0.076002
v -0.063320 -0.274562 -0.076002
v -0.083921 -0.274903 -0.076002
v -0.063423 -0.275703 -0.076002
v -0.052728 -0.276672 -0.076002
v -0.083804 -0.276028 -0.076002
v -0.094494 -0.277315 -0.076002
v -0.063565 -0.276764 -0.076002
v -0.083646 -0.277070 -0.076002
v -0.052950 -0.278527 -0.076002
v -0.063752 -0.277751 -0.076002
v -0.083442 -0.278035 -0.076002
v -0.094263 -0.279123 -0.076002
v -0.063988 -0.278670 -0.076002
v -0.083189 -0.278929 -0.076002
v -0.053247 -0.280265 -0.076002
v -0.064278 -0.279527 -0.076002
v -0.082883 -0.279758 -0.076002
v -0.093955 -0.280794 -0.076002
v -0.064626 -0.280327 -0.076002
v -0.082519 -0.280530 -0.076002
v -0.053627 -0.281892 -0.076002
v -0.065037 -0.281078 -0.076002
v -0.082095 -0.281251 -0.076002
v -0.093568 -0.282341 -0.076002
v -0.065516 -0.281785 -0.076002
v -0.081605 -0.281926 -0.076002
v -0.066067 -0.282454 -0.076002
v -0.054095 -0.283414 -0.076002
v -0.093095 -0.283776 -0.076002
v -0.080651 -0.282961 -0.076002
v -0.066941 -0.283272 -0.076002
v -0.054657 -0.284838 -0.076002
v -0.067957 -0.283972 -0.076002
v -0.079219 -0.284004 -0.076002
v -0.092533 -0.285109 -0.076002
v -0.069128 -0.284541 -0.076002
v -0.078067 -0.284554 -0.076002
v -0.076758 -0.284968 -0.076002
v -0.055319 -0.286170 -0.076002
v -0.071199 -0.285117 -0.076002
v -0.091876 -0.286354 -0.076002
v -0.071979 -0.285228 -0.076002
v -0.075297 -0.285229 -0.076002
v -0.072807 -0.285296 -0.076002
v -0.074509 -0.285296 -0.076002
v -0.073684 -0.285319 -0.076002
v -0.056086 -0.287416 -0.076002
v -0.091122 -0.287522 -0.076002
v -0.056965 -0.288581 -0.076002
v -0.090264 -0.288624 -0.076002
v -0.057961 -0.289673 -0.076002
v -0.089300 -0.289673 -0.076002
v -0.088384 -0.290514 -0.076002
v -0.058844 -0.290460 -0.076002
v -0.059803 -0.291197 -0.076002
v -0.087398 -0.291286 -0.076002
v -0.060839 -0.291880 -0.076002
v -0.086340 -0.291989 -0.076002
v -0.061954 -0.292506 -0.076002
v -0.085211 -0.292620 -0.076002
v -0.063146 -0.293071 -0.076002
v -0.084012 -0.293181 -0.076002
v -0.064416 -0.293572 -0.076002
v -0.082743 -0.293669 -0.076002
v -0.065764 -0.294006 -0.076002
v -0.081405 -0.294084 -0.076002
v -0.067191 -0.294368 -0.076002
v -0.079998 -0.294425 -0.076002
v -0.068696 -0.294656 -0.076002
v -0.078521 -0.294692 -0.076002
v -0.070280 -0.294866 -0.076002
v -0.076977 -0.294884 -0.076002
v -0.071942 -0.294995 -0.076002
v -0.075364 -0.295000 -0.076002
v -0.073684 -0.295038 -0.076002
v -0.017177 -0.204385 -0.076002
v -0.018878 -0.204438 -0.076002
v -0.015648 -0.204423 -0.076002
v -0.014196 -0.204538 -0.076002
v -0.020493 -0.204595 -0.076002
v -0.012817 -0.204727 -0.076002
v -0.022024 -0.204850 -0.076002
v -0.011507 -0.204990 -0.076002
v -0.023474 -0.205200 -0.076002
v -0.010264 -0.205325 -0.076002
v -0.024843 -0.205640 -0.076002
v -0.009081 -0.205731 -0.076002
v -0.026136 -0.206164 -0.076002
v -0.007957 -0.206207 -0.076002
v -0.027353 -0.206769 -0.076002
v -0.006887 -0.206751 -0.076002
v -0.005867 -0.207363 -0.076002
v -0.028498 -0.207451 -0.076002
v -0.004893 -0.208042 -0.076002
v -0.029571 -0.208203 -0.076002
v -0.003962 -0.208785 -0.076002
v -0.030576 -0.209022 -0.076002
v -0.003069 -0.209592 -0.076002
v -0.031515 -0.209903 -0.076002
v -0.002081 -0.210642 -0.076002
v -0.032389 -0.210842 -0.076002
v -0.001176 -0.211784 -0.076002
v -0.033747 -0.212556 -0.076002
v -0.000355 -0.213013 -0.076002
v -0.034904 -0.214362 -0.076002
v -0.017177 -0.213962 -0.076002
v 0.000384 -0.214325 -0.076002
v -0.018024 -0.213991 -0.076002
v -0.016352 -0.213991 -0.076002
v -0.015575 -0.214073 -0.076002
v -0.018826 -0.214073 -0.076002
v -0.014156 -0.214384 -0.076002
v -0.020298 -0.214392 -0.076002
v 0.001040 -0.215713 -0.076002
v -0.035875 -0.216316 -0.076002
v -0.012914 -0.214869 -0.076002
v -0.021599 -0.214898 -0.076002
v -0.011842 -0.215498 -0.076002
v -0.023243 -0.215957 -0.076002
v 0.001612 -0.217174 -0.076002
v -0.010932 -0.216244 -0.076002
v -0.036675 -0.218473 -0.076002
v -0.010176 -0.217078 -0.076002
v -0.024541 -0.217314 -0.076002
v -0.009676 -0.217754 -0.076002
v 0.002101 -0.218703 -0.076002
v -0.025267 -0.218445 -0.076002
v -0.009234 -0.218474 -0.076002
v -0.025891 -0.219734 -0.076002
v -0.037322 -0.220890 -0.076002
v -0.008848 -0.219233 -0.076002
v 0.002507 -0.220293 -0.076002
v -0.008514 -0.220028 -0.076002
v -0.026422 -0.221218 -0.076002
v -0.008229 -0.220854 -0.076002
v 0.002830 -0.221941 -0.076002
v -0.007989 -0.221707 -0.076002
v -0.037831 -0.223622 -0.076002
v -0.026866 -0.222936 -0.076002
v -0.007790 -0.222584 -0.076002
v 0.003069 -0.223642 -0.076002
v -0.007631 -0.223481 -0.076002
v -0.027230 -0.224928 -0.076002
v -0.007506 -0.224392 -0.076002
v -0.038218 -0.226726 -0.076002
v 0.003226 -0.225389 -0.076002
v -0.007414 -0.225315 -0.076002
v -0.027522 -0.227232 -0.076002
v -0.007350 -0.226245 -0.076002
v 0.003299 -0.227179 -0.076002
v -0.007312 -0.227179 -0.076002
v -0.038499 -0.230256 -0.076002
v -0.006526 -0.227179 -0.076002
v -0.005654 -0.227179 -0.076002
v -0.004561 -0.227179 -0.076002
v -0.003321 -0.227179 -0.076002
v -0.002006 -0.227179 -0.076002
v -0.000692 -0.227179 -0.076002
v 0.000548 -0.227179 -0.076002
v 0.001641 -0.227179 -0.076002
v 0.002513 -0.227179 -0.076002
v -0.027749 -0.229886 -0.076002
v -0.027918 -0.232929 -0.076002
v -0.038689 -0.234270 -0.076002
v -0.028037 -0.236400 -0.076002
v -0.038806 -0.238822 -0.076002
v -0.028114 -0.240337 -0.076002
v -0.038864 -0.243968 -0.076002
v -0.028154 -0.244779 -0.076002
v -0.038880 -0.249765 -0.076002
v -0.028166 -0.249765 -0.076002
v -0.038864 -0.255567 -0.076002
v -0.028154 -0.254752 -0.076002
v -0.028114 -0.259195 -0.076002
v -0.038806 -0.260717 -0.076002
v -0.028037 -0.263133 -0.076002
v -0.038690 -0.265271 -0.076002
v -0.027918 -0.266604 -0.076002
v -0.038499 -0.269285 -0.076002
v -0.027749 -0.269646 -0.076002
v -0.038219 -0.272816 -0.076002
v -0.027522 -0.272300 -0.076002
v -0.007312 -0.272212 -0.076002
v -0.007353 -0.273153 -0.076002
v 0.003299 -0.272212 -0.076002
v 0.003223 -0.274069 -0.076002
v -0.027230 -0.274602 -0.076002
v -0.037832 -0.275919 -0.076002
v -0.007423 -0.274093 -0.076002
v 0.003059 -0.275883 -0.076002
v -0.007524 -0.275030 -0.076002
v -0.026866 -0.276592 -0.076002
v -0.007659 -0.275957 -0.076002
v 0.002806 -0.277648 -0.076002
v -0.037323 -0.278650 -0.076002
v -0.007829 -0.276870 -0.076002
v -0.026422 -0.278309 -0.076002
v -0.008036 -0.277763 -0.076002
v 0.002464 -0.279357 -0.076002
v -0.008283 -0.278633 -0.076002
v -0.025891 -0.279791 -0.076002
v -0.008570 -0.279474 -0.076002
v -0.036676 -0.281065 -0.076002
v 0.002034 -0.281004 -0.076002
v -0.008902 -0.280282 -0.076002
v -0.025267 -0.281076 -0.076002
v -0.009278 -0.281051 -0.076002
v 0.001516 -0.282583 -0.076002
v -0.009702 -0.281777 -0.076002
v -0.035875 -0.283221 -0.076002
v -0.010176 -0.282454 -0.076002
v -0.024145 -0.282688 -0.076002
v 0.000909 -0.284088 -0.076002
v -0.010931 -0.283290 -0.076002
v -0.023242 -0.283570 -0.076002
v -0.034905 -0.285173 -0.076002
v -0.012357 -0.284368 -0.076002
v 0.000214 -0.285513 -0.076002
v -0.021598 -0.284634 -0.076002
v -0.014156 -0.285150 -0.076002
v -0.019584 -0.285324 -0.076002
v -0.033748 -0.286978 -0.076002
v -0.018826 -0.285459 -0.076002
v -0.015574 -0.285461 -0.076002
v -0.018024 -0.285542 -0.076002
v -0.016352 -0.285542 -0.076002
v -0.000569 -0.286852 -0.076002
v -0.017177 -0.285570 -0.076002
v -0.001441 -0.288099 -0.076002
v -0.032389 -0.288691 -0.076002
v -0.002401 -0.289247 -0.076002
v -0.031514 -0.289626 -0.076002
v -0.003449 -0.290290 -0.076002
v -0.030575 -0.290505 -0.076002
v -0.004334 -0.291041 -0.076002
v -0.029570 -0.291325 -0.076002
v -0.005260 -0.291734 -0.076002
v -0.028497 -0.292079 -0.076002
v -0.006228 -0.292367 -0.076002
v -0.027352 -0.292762 -0.076002
v -0.007241 -0.292940 -0.076002
v -0.026135 -0.293371 -0.076002
v -0.008300 -0.293450 -0.076002
v -0.024843 -0.293899 -0.076002
v -0.009407 -0.293897 -0.076002
v -0.010565 -0.294279 -0.076002
v -0.023473 -0.294342 -0.076002
v -0.011775 -0.294595 -0.076002
v -0.022024 -0.294696 -0.076002
v -0.013039 -0.294843 -0.076002
v -0.020493 -0.294954 -0.076002
v -0.014360 -0.295022 -0.076002
v -0.018878 -0.295113 -0.076002
v -0.015738 -0.295131 -0.076002
v -0.017177 -0.295167 -0.076002
v 0.018385 -0.205369 -0.076002
v 0.018385 -0.294168 -0.076002
v 0.029118 -0.205369 -0.076002
v 0.029118 -0.244166 -0.076002
v 0.048833 -0.205369 -0.076002
v 0.048833 -0.244166 -0.076002
v 0.059549 -0.205369 -0.076002
v 0.059549 -0.294168 -0.076002
v 0.029118 -0.253756 -0.076002
v 0.048833 -0.253756 -0.076002
v 0.029118 -0.294168 -0.076002
v 0.048833 -0.294168 -0.076002
v 0.077430 -0.205369 -0.076002
v 0.077430 -0.273975 -0.076002
v 0.088129 -0.205369 -0.076002
v 0.088129 -0.206731 -0.076002
v 0.107727 -0.205369 -0.076002
v 0.107727 -0.274590 -0.076002
v 0.118465 -0.205369 -0.076002
v 0.118465 -0.273975 -0.076002
v 0.088129 -0.210497 -0.076002
v 0.088129 -0.216185 -0.076002
v 0.088129 -0.223315 -0.076002
v 0.088129 -0.231407 -0.076002
v 0.088129 -0.239980 -0.076002
v 0.088129 -0.248552 -0.076002
v 0.088129 -0.256644 -0.076002
v 0.088129 -0.263774 -0.076002
v 0.088129 -0.269463 -0.076002
v 0.088129 -0.273228 -0.076002
v 0.088129 -0.274590 -0.076002
v 0.077473 -0.275574 -0.076002
v 0.118421 -0.275574 -0.076002
v 0.088218 -0.276272 -0.076002
v 0.107636 -0.276272 -0.076002
v 0.077601 -0.277118 -0.076002
v 0.118290 -0.277118 -0.076002
v 0.088477 -0.277827 -0.076002
v 0.107370 -0.277827 -0.076002
v 0.077813 -0.278606 -0.076002
v 0.118074 -0.278606 -0.076002
v 0.088895 -0.279250 -0.076002
v 0.106941 -0.279250 -0.076002
v 0.078106 -0.280037 -0.076002
v 0.117776 -0.280037 -0.076002
v 0.089459 -0.280539 -0.076002
v 0.106363 -0.280539 -0.076002
v 0.078478 -0.281410 -0.076002
v 0.117399 -0.281410 -0.076002
v 0.090159 -0.281689 -0.076002
v 0.105648 -0.281689 -0.076002
v 0.078929 -0.282723 -0.076002
v 0.116944 -0.282723 -0.076002
v 0.090983 -0.282698 -0.076002
v 0.104809 -0.282698 -0.076002
v 0.091918 -0.283562 -0.076002
v 0.103857 -0.283562 -0.076002
v 0.079455 -0.283977 -0.076002
v 0.116413 -0.283977 -0.076002
v 0.092953 -0.284276 -0.076002
v 0.102807 -0.284276 -0.076002
v 0.080055 -0.285169 -0.076002
v 0.115810 -0.285170 -0.076002
v 0.094078 -0.284838 -0.076002
v 0.101670 -0.284838 -0.076002
v 0.095279 -0.285243 -0.076002
v 0.100459 -0.285244 -0.076002
v 0.080728 -0.286300 -0.076002
v 0.115137 -0.286300 -0.076002
v 0.096545 -0.285490 -0.076002
v 0.099186 -0.285490 -0.076002
v 0.097865 -0.285572 -0.076002
v 0.081471 -0.287368 -0.076002
v 0.114395 -0.287368 -0.076002
v 0.082283 -0.288371 -0.076002
v 0.113588 -0.288371 -0.076002
v 0.083161 -0.289310 -0.076002
v 0.112717 -0.289310 -0.076002
v 0.084151 -0.290237 -0.076002
v 0.111723 -0.290237 -0.076002
v 0.110675 -0.291085 -0.076002
v 0.085192 -0.291086 -0.076002
v 0.109577 -0.291855 -0.076002
v 0.086281 -0.291856 -0.076002
v 0.108430 -0.292545 -0.076002
v 0.087415 -0.292546 -0.076002
v 0.107238 -0.293156 -0.076002
v 0.088593 -0.293157 -0.076002
v 0.106004 -0.293687 -0.076002
v 0.089811 -0.293688 -0.076002
v 0.104730 -0.294137 -0.076002
v 0.091069 -0.294138 -0.076002
v 0.103419 -0.294507 -0.076002
v 0.092364 -0.294507 -0.076002
v 0.102074 -0.294795 -0.076002
v 0.093693 -0.294795 -0.076002
v 0.100699 -0.295001 -0.076002
v 0.095054 -0.295002 -0.076002
v 0.099294 -0.295125 -0.076002
v 0.096446 -0.295126 -0.076002
v 0.097865 -0.295167 -0.076002
v 0.136329 -0.205367 -0.076002
v 0.136329 -0.294166 -0.076002
v 0.147045 -0.205367 -0.076002
v 0.147045 -0.284577 -0.076002
v 0.170618 -0.284577 -0.076002
v 0.170618 -0.294168 -0.076002
v 0.185399 -0.205367 -0.076002
v 0.185399 -0.294166 -0.076002
v 0.196094 -0.214957 -0.076002
v 0.219689 -0.205367 -0.076002
v 0.219689 -0.214957 -0.076002
v 0.196094 -0.244781 -0.076002
v 0.196094 -0.254372 -0.076002
v 0.216426 -0.244781 -0.076002
v 0.216426 -0.254372 -0.076002
v 0.196094 -0.284577 -0.076002
v 0.219689 -0.284577 -0.076002
v 0.219689 -0.294168 -0.076002
v 0.263374 -0.205369 -0.076002
v 0.263374 -0.294168 -0.076002
v 0.273457 -0.205369 -0.076002
v 0.274094 -0.231944 -0.076002
v 0.291425 -0.254756 -0.076002
v 0.309272 -0.205369 -0.076002
v 0.319373 -0.205369 -0.076002
v 0.308673 -0.230949 -0.076002
v 0.319373 -0.294168 -0.076002
v 0.294542 -0.272450 -0.076002
v 0.308673 -0.294168 -0.076002
v 0.274094 -0.294168 -0.076002
v 0.287949 -0.272450 -0.076002
v 0.337232 -0.205369 -0.076002
v 0.337232 -0.294168 -0.076002
v 0.347931 -0.205369 -0.076002
v 0.347931 -0.294168 -0.076002
v 0.362654 -0.205367 -0.076002
v 0.362654 -0.214957 -0.076002
v 0.403203 -0.205367 -0.076002
v 0.403203 -0.214957 -0.076002
v 0.377634 -0.214957 -0.076002
v 0.377634 -0.294168 -0.076002
v 0.388351 -0.214957 -0.076002
v 0.388351 -0.294168 -0.076002
v 0.415225 -0.205367 -0.076002
v 0.415225 -0.214957 -0.076002
v 0.455755 -0.205367 -0.076002
v 0.455755 -0.214957 -0.076002
v 0.430201 -0.214957 -0.076002
v 0.430201 -0.294168 -0.076002
v 0.440922 -0.214957 -0.076002
v 0.440922 -0.294168 -0.076002
v 0.470501 -0.205367 -0.076002
v 0.470501 -0.294166 -0.076002
v 0.481200 -0.214957 -0.076002
v 0.504791 -0.205367 -0.076002
v 0.504791 -0.214957 -0.076002
v 0.481200 -0.244781 -0.076002
v 0.481200 -0.254372 -0.076002
v 0.501544 -0.244781 -0.076002
v 0.501544 -0.254372 -0.076002
v 0.481200 -0.284577 -0.076002
v 0.504791 -0.284577 -0.076002
v 0.504791 -0.294166 -0.076002
v 0.520750 -0.205367 -0.076002
v 0.520750 -0.294166 -0.076002
v 0.531466 -0.205367 -0.076002
v 0.531466 -0.284577 -0.076002
v 0.555039 -0.284577 -0.076002
v 0.555039 -0.294166 -0.076002
v 0.569818 -0.205369 -0.076002
v 0.569818 -0.294168 -0.076002
v 0.580534 -0.205369 -0.076002
v 0.580534 -0.244166 -0.076002
v 0.600242 -0.205369 -0.076002
v 0.600242 -0.244166 -0.076002
v 0.610963 -0.205369 -0.076002
v 0.610963 -0.294168 -0.076002
v 0.580534 -0.253756 -0.076002
v 0.600242 -0.253756 -0.076002
v 0.580534 -0.294168 -0.076002
v 0.600242 -0.294168 -0.076002
v 0.629260 -0.205367 -0.076002
v 0.629260 -0.294166 -0.076002
v 0.639980 -0.214957 -0.076002
v 0.663554 -0.205367 -0.076002
v 0.663554 -0.214957 -0.076002
v 0.639980 -0.244781 -0.076002
v 0.639980 -0.254372 -0.076002
v 0.660308 -0.244781 -0.076002
v 0.660308 -0.254372 -0.076002
v 0.639980 -0.284577 -0.076002
v 0.663554 -0.284577 -0.076002
v 0.663554 -0.294166 -0.076002
v 0.698656 -0.204608 -0.076002
v 0.697215 -0.204647 -0.076002
v 0.700250 -0.204647 -0.076002
v 0.695821 -0.204763 -0.076002
v 0.701775 -0.204763 -0.076002
v 0.694474 -0.204953 -0.076002
v 0.703231 -0.204953 -0.076002
v 0.693174 -0.205216 -0.076002
v 0.704621 -0.205216 -0.076002
v 0.691923 -0.205550 -0.076002
v 0.705943 -0.205550 -0.076002
v 0.690720 -0.205954 -0.076002
v 0.707200 -0.205954 -0.076002
v 0.689566 -0.206424 -0.076002
v 0.708392 -0.206424 -0.076002
v 0.688461 -0.206960 -0.076002
v 0.709519 -0.206960 -0.076002
v 0.687407 -0.207559 -0.076002
v 0.710583 -0.207559 -0.076002
v 0.686404 -0.208220 -0.076002
v 0.711585 -0.208220 -0.076002
v 0.685452 -0.208940 -0.076002
v 0.712525 -0.208940 -0.076002
v 0.684551 -0.209718 -0.076002
v 0.713403 -0.209718 -0.076002
v 0.683482 -0.210798 -0.076002
v 0.714454 -0.210841 -0.076002
v 0.682505 -0.211966 -0.076002
v 0.715383 -0.212024 -0.076002
v 0.681620 -0.213222 -0.076002
v 0.716195 -0.213271 -0.076002
v 0.680828 -0.214560 -0.076002
v 0.698570 -0.214215 -0.076002
v 0.716897 -0.214585 -0.076002
v 0.697801 -0.214239 -0.076002
v 0.699388 -0.214239 -0.076002
v 0.700166 -0.214307 -0.076002
v 0.695715 -0.214566 -0.076002
v 0.701599 -0.214576 -0.076002
v 0.680129 -0.215980 -0.076002
v 0.717494 -0.215970 -0.076002
v 0.694505 -0.214978 -0.076002
v 0.702874 -0.215011 -0.076002
v 0.692946 -0.215838 -0.076002
v 0.704498 -0.215952 -0.076002
v 0.717993 -0.217430 -0.076002
v 0.679522 -0.217478 -0.076002
v 0.691679 -0.216935 -0.076002
v 0.705788 -0.217207 -0.076002
v 0.691171 -0.217558 -0.076002
v 0.706314 -0.217902 -0.076002
v 0.718398 -0.218967 -0.076002
v 0.679008 -0.219050 -0.076002
v 0.690711 -0.218232 -0.076002
v 0.706771 -0.218620 -0.076002
v 0.690296 -0.218956 -0.076002
v 0.707163 -0.219367 -0.076002
v 0.689927 -0.219729 -0.076002
v 0.718717 -0.220586 -0.076002
v 0.678588 -0.220695 -0.076002
v 0.707496 -0.220145 -0.076002
v 0.689603 -0.220549 -0.076002
v 0.707772 -0.220958 -0.076002
v 0.689324 -0.221417 -0.076002
v 0.718955 -0.222289 -0.076002
v 0.678261 -0.222410 -0.076002
v 0.707998 -0.221811 -0.076002
v 0.689089 -0.222330 -0.076002
v 0.708177 -0.222705 -0.076002
v 0.719117 -0.224080 -0.076002
v 0.688898 -0.223289 -0.076002
v 0.678027 -0.224190 -0.076002
v 0.708313 -0.223646 -0.076002
v 0.688751 -0.224292 -0.076002
v 0.708412 -0.224636 -0.076002
v 0.719210 -0.225963 -0.076002
v 0.677886 -0.226035 -0.076002
v 0.688646 -0.225338 -0.076002
v 0.708477 -0.225679 -0.076002
v 0.688583 -0.226426 -0.076002
v 0.708512 -0.226780 -0.076002
v 0.719240 -0.227940 -0.076002
v 0.677839 -0.227940 -0.076002
v 0.688562 -0.227557 -0.076002
v 0.708523 -0.227940 -0.076002
v 0.688593 -0.229618 -0.076002
v 0.677903 -0.231135 -0.076002
v 0.709317 -0.227940 -0.076002
v 0.710198 -0.227940 -0.076002
v 0.711302 -0.227940 -0.076002
v 0.712554 -0.227940 -0.076002
v 0.713881 -0.227940 -0.076002
v 0.715209 -0.227940 -0.076002
v 0.716461 -0.227940 -0.076002
v 0.717565 -0.227940 -0.076002
v 0.718446 -0.227940 -0.076002
v 0.688696 -0.231446 -0.076002
v 0.678103 -0.234000 -0.076002
v 0.688886 -0.233065 -0.076002
v 0.689178 -0.234496 -0.076002
v 0.678449 -0.236562 -0.076002
v 0.689588 -0.235762 -0.076002
v 0.690132 -0.236886 -0.076002
v 0.678952 -0.238847 -0.076002
v 0.690823 -0.237891 -0.076002
v 0.691679 -0.238799 -0.076002
v 0.692714 -0.239633 -0.076002
v 0.679622 -0.240878 -0.076002
v 0.693943 -0.240416 -0.076002
v 0.695382 -0.241170 -0.076002
v 0.680471 -0.242682 -0.076002
v 0.697045 -0.241918 -0.076002
v 0.697784 -0.242222 -0.076002
v 0.698603 -0.242558 -0.076002
v 0.699630 -0.242980 -0.076002
v 0.681510 -0.244284 -0.076002
v 0.700796 -0.243459 -0.076002
v 0.702030 -0.243966 -0.076002
v 0.703265 -0.244474 -0.076002
v 0.682748 -0.245709 -0.076002
v 0.704430 -0.244953 -0.076002
v 0.705458 -0.245374 -0.076002
v 0.706277 -0.245711 -0.076002
v 0.684197 -0.246983 -0.076002
v 0.707015 -0.246014 -0.076002
v 0.709388 -0.247095 -0.076002
v 0.685868 -0.248131 -0.076002
v 0.711456 -0.248283 -0.076002
v 0.687771 -0.249178 -0.076002
v 0.713239 -0.249597 -0.076002
v 0.689918 -0.250149 -0.076002
v 0.714755 -0.251058 -0.076002
v 0.690667 -0.250454 -0.076002
v 0.691499 -0.250792 -0.076002
v 0.692541 -0.251216 -0.076002
v 0.716023 -0.252684 -0.076002
v 0.693724 -0.251697 -0.076002
v 0.694977 -0.252207 -0.076002
v 0.696230 -0.252716 -0.076002
v 0.717062 -0.254495 -0.076002
v 0.697412 -0.253198 -0.076002
v 0.698455 -0.253621 -0.076002
v 0.699286 -0.253960 -0.076002
v 0.700036 -0.254264 -0.076002
v 0.701732 -0.255019 -0.076002
v 0.717889 -0.256511 -0.076002
v 0.703204 -0.255802 -0.076002
v 0.704466 -0.256640 -0.076002
v 0.718525 -0.258751 -0.076002
v 0.705532 -0.257556 -0.076002
v 0.706417 -0.258574 -0.076002
v 0.707137 -0.259719 -0.076002
v 0.718986 -0.261235 -0.076002
v 0.707705 -0.261014 -0.076002
v 0.708137 -0.262484 -0.076002
v 0.719293 -0.263982 -0.076002
v 0.708447 -0.264154 -0.076002
v 0.719464 -0.267012 -0.076002
v 0.708651 -0.266047 -0.076002
v 0.708762 -0.268187 -0.076002
v 0.719516 -0.270344 -0.076002
v 0.708796 -0.270599 -0.076002
v 0.719489 -0.272587 -0.076002
v 0.708784 -0.272016 -0.076002
v 0.677221 -0.270960 -0.076002
v 0.677251 -0.273246 -0.076002
v 0.678016 -0.270960 -0.076002
v 0.678896 -0.270960 -0.076002
v 0.680001 -0.270960 -0.076002
v 0.681254 -0.270960 -0.076002
v 0.682582 -0.270960 -0.076002
v 0.683909 -0.270960 -0.076002
v 0.685163 -0.270960 -0.076002
v 0.686267 -0.270960 -0.076002
v 0.687731 -0.270960 -0.076002
v 0.687956 -0.272375 -0.076002
v 0.708746 -0.273335 -0.076002
v 0.687999 -0.273687 -0.076002
v 0.719402 -0.274694 -0.076002
v 0.677343 -0.275360 -0.076002
v 0.708676 -0.274562 -0.076002
v 0.688076 -0.274903 -0.076002
v 0.708572 -0.275703 -0.076002
v 0.719251 -0.276672 -0.076002
v 0.688190 -0.276028 -0.076002
v 0.677501 -0.277315 -0.076002
v 0.708427 -0.276764 -0.076002
v 0.688346 -0.277070 -0.076002
v 0.719029 -0.278527 -0.076002
v 0.708237 -0.277751 -0.076002
v 0.688547 -0.278035 -0.076002
v 0.677731 -0.279123 -0.076002
v 0.707999 -0.278670 -0.076002
v 0.688798 -0.278929 -0.076002
v 0.718731 -0.280265 -0.076002
v 0.707707 -0.279527 -0.076002
v 0.689102 -0.279758 -0.076002
v 0.678037 -0.280794 -0.076002
v 0.707357 -0.280327 -0.076002
v 0.689463 -0.280530 -0.076002
v 0.718351 -0.281892 -0.076002
v 0.706944 -0.281078 -0.076002
v 0.689886 -0.281251 -0.076002
v 0.678423 -0.282341 -0.076002
v 0.706464 -0.281785 -0.076002
v 0.690373 -0.281926 -0.076002
v 0.717883 -0.283414 -0.076002
v 0.678895 -0.283776 -0.076002
v 0.705490 -0.282877 -0.076002
v 0.691328 -0.282961 -0.076002
v 0.704545 -0.283637 -0.076002
v 0.692244 -0.283684 -0.076002
v 0.717320 -0.284838 -0.076002
v 0.679457 -0.285109 -0.076002
v 0.703457 -0.284274 -0.076002
v 0.693319 -0.284295 -0.076002
v 0.702209 -0.284771 -0.076002
v 0.694550 -0.284779 -0.076002
v 0.716658 -0.286170 -0.076002
v 0.700788 -0.285117 -0.076002
v 0.695935 -0.285119 -0.076002
v 0.680114 -0.286354 -0.076002
v 0.700007 -0.285228 -0.076002
v 0.699177 -0.285296 -0.076002
v 0.697471 -0.285296 -0.076002
v 0.698296 -0.285319 -0.076002
v 0.715891 -0.287416 -0.076002
v 0.680870 -0.287522 -0.076002
v 0.715012 -0.288581 -0.076002
v 0.681729 -0.288624 -0.076002
v 0.714016 -0.289673 -0.076002
v 0.682698 -0.289673 -0.076002
v 0.683609 -0.290514 -0.076002
v 0.713135 -0.290460 -0.076002
v 0.712175 -0.291197 -0.076002
v 0.684592 -0.291286 -0.076002
v 0.711137 -0.291880 -0.076002
v 0.685646 -0.291989 -0.076002
v 0.710021 -0.292506 -0.076002
v 0.686770 -0.292620 -0.076002
v 0.708828 -0.293071 -0.076002
v 0.687966 -0.293181 -0.076002
v 0.707556 -0.293572 -0.076002
v 0.689231 -0.293669 -0.076002
v 0.706207 -0.294006 -0.076002
v 0.690567 -0.294084 -0.076002
v 0.704780 -0.294368 -0.076002
v 0.691973 -0.294425 -0.076002
v 0.703275 -0.294656 -0.076002
v 0.693449 -0.294692 -0.076002
v 0.701692 -0.294866 -0.076002
v 0.694995 -0.294884 -0.076002
v 0.700032 -0.294995 -0.076002
v 0.696610 -0.295000 -0.076002
v 0.698294 -0.295038 -0.076002
v 0.755419 -0.204608 -0.076002
v 0.753973 -0.204647 -0.076002
v 0.757008 -0.204647 -0.076002
v 0.752576 -0.204763 -0.076002
v 0.758529 -0.204763 -0.076002
v 0.751227 -0.204953 -0.076002
v 0.759985 -0.204953 -0.076002
v 0.749927 -0.205216 -0.076002
v 0.761374 -0.205216 -0.076002
v 0.748676 -0.205550 -0.076002
v 0.762697 -0.205550 -0.076002
v 0.747474 -0.205954 -0.076002
v 0.763955 -0.205954 -0.076002
v 0.746323 -0.206424 -0.076002
v 0.765147 -0.206424 -0.076002
v 0.745221 -0.206960 -0.076002
v 0.766274 -0.206960 -0.076002
v 0.744171 -0.207559 -0.076002
v 0.767337 -0.207559 -0.076002
v 0.743171 -0.208220 -0.076002
v 0.768335 -0.208220 -0.076002
v 0.742223 -0.208940 -0.076002
v 0.769269 -0.208940 -0.076002
v 0.741326 -0.209718 -0.076002
v 0.770140 -0.209718 -0.076002
v 0.740250 -0.210798 -0.076002
v 0.771196 -0.210841 -0.076002
v 0.739267 -0.211966 -0.076002
v 0.772130 -0.212024 -0.076002
v 0.738378 -0.213222 -0.076002
v 0.772946 -0.213271 -0.076002
v 0.737584 -0.214560 -0.076002
v 0.755310 -0.214215 -0.076002
v 0.773651 -0.214585 -0.076002
v 0.756128 -0.214239 -0.076002
v 0.753815 -0.214306 -0.076002
v 0.757643 -0.214420 -0.076002
v 0.736883 -0.215980 -0.076002
v 0.751846 -0.214754 -0.076002
v 0.774250 -0.215970 -0.076002
v 0.759617 -0.215011 -0.076002
v 0.750705 -0.215234 -0.076002
v 0.760738 -0.215601 -0.076002
v 0.749240 -0.216180 -0.076002
v 0.761706 -0.216337 -0.076002
v 0.774750 -0.217430 -0.076002
v 0.736276 -0.217478 -0.076002
v 0.748418 -0.216935 -0.076002
v 0.762523 -0.217207 -0.076002
v 0.747911 -0.217558 -0.076002
v 0.763050 -0.217902 -0.076002
v 0.775157 -0.218967 -0.076002
v 0.735763 -0.219050 -0.076002
v 0.747451 -0.218232 -0.076002
v 0.763508 -0.218620 -0.076002
v 0.747036 -0.218956 -0.076002
v 0.763903 -0.219367 -0.076002
v 0.746667 -0.219729 -0.076002
v 0.775476 -0.220586 -0.076002
v 0.735343 -0.220695 -0.076002
v 0.764238 -0.220145 -0.076002
v 0.746342 -0.220549 -0.076002
v 0.764517 -0.220958 -0.076002
v 0.746063 -0.221417 -0.076002
v 0.775714 -0.222289 -0.076002
v 0.735017 -0.222410 -0.076002
v 0.764745 -0.221811 -0.076002
v 0.745827 -0.222330 -0.076002
v 0.764926 -0.222705 -0.076002
v 0.775877 -0.224080 -0.076002
v 0.745635 -0.223289 -0.076002
v 0.734784 -0.224190 -0.076002
v 0.765065 -0.223646 -0.076002
v 0.745486 -0.224292 -0.076002
v 0.765165 -0.224636 -0.076002
v 0.775970 -0.225963 -0.076002
v 0.734644 -0.226035 -0.076002
v 0.745381 -0.225338 -0.076002
v 0.765231 -0.225679 -0.076002
v 0.745318 -0.226426 -0.076002
v 0.765268 -0.226780 -0.076002
v 0.734598 -0.227940 -0.076002
v 0.745297 -0.227557 -0.076002
v 0.765279 -0.227940 -0.076002
v 0.745328 -0.229618 -0.076002
v 0.734661 -0.231135 -0.076002
v 0.766074 -0.227940 -0.076002
v 0.766955 -0.227940 -0.076002
v 0.768059 -0.227940 -0.076002
v 0.769312 -0.227940 -0.076002
v 0.770640 -0.227940 -0.076002
v 0.771967 -0.227940 -0.076002
v 0.773221 -0.227940 -0.076002
v 0.774325 -0.227940 -0.076002
v 0.745433 -0.231446 -0.076002
v 0.734860 -0.234000 -0.076002
v 0.745627 -0.233065 -0.076002
v 0.745923 -0.234496 -0.076002
v 0.735205 -0.236562 -0.076002
v 0.746338 -0.235762 -0.076002
v 0.746886 -0.236886 -0.076002
v 0.735707 -0.238847 -0.076002
v 0.747582 -0.237891 -0.076002
v 0.748441 -0.238799 -0.076002
v 0.749478 -0.239633 -0.076002
v 0.736377 -0.240878 -0.076002
v 0.750707 -0.240416 -0.076002
v 0.752145 -0.241170 -0.076002
v 0.737226 -0.242682 -0.076002
v 0.754002 -0.241999 -0.076002
v 0.755366 -0.242558 -0.076002
v 0.756395 -0.242980 -0.076002
v 0.738265 -0.244284 -0.076002
v 0.757563 -0.243459 -0.076002
v 0.758799 -0.243966 -0.076002
v 0.760036 -0.244474 -0.076002
v 0.739505 -0.245709 -0.076002
v 0.761204 -0.244953 -0.076002
v 0.762232 -0.245374 -0.076002
v 0.763053 -0.245711 -0.076002
v 0.740957 -0.246983 -0.076002
v 0.763793 -0.246014 -0.076002
v 0.766157 -0.247095 -0.076002
v 0.742633 -0.248131 -0.076002
v 0.768218 -0.248283 -0.076002
v 0.744543 -0.249178 -0.076002
v 0.769995 -0.249597 -0.076002
v 0.746697 -0.250149 -0.076002
v 0.771506 -0.251058 -0.076002
v 0.747446 -0.250454 -0.076002
v 0.748276 -0.250792 -0.076002
v 0.749316 -0.251216 -0.076002
v 0.772770 -0.252684 -0.076002
v 0.750497 -0.251697 -0.076002
v 0.751748 -0.252207 -0.076002
v 0.752999 -0.252716 -0.076002
v 0.773805 -0.254495 -0.076002
v 0.754179 -0.253198 -0.076002
v 0.755220 -0.253621 -0.076002
v 0.756599 -0.254184 -0.076002
v 0.758489 -0.255019 -0.076002
v 0.774630 -0.256511 -0.076002
v 0.759956 -0.255802 -0.076002
v 0.761214 -0.256640 -0.076002
v 0.775264 -0.258751 -0.076002
v 0.762277 -0.257556 -0.076002
v 0.763161 -0.258574 -0.076002
v 0.763879 -0.259719 -0.076002
v 0.775724 -0.261235 -0.076002
v 0.764446 -0.261014 -0.076002
v 0.764878 -0.262484 -0.076002
v 0.776030 -0.263982 -0.076002
v 0.765188 -0.264154 -0.076002
v 0.776201 -0.267012 -0.076002
v 0.765392 -0.266047 -0.076002
v 0.765503 -0.268187 -0.076002
v 0.776253 -0.270344 -0.076002
v 0.765537 -0.270599 -0.076002
v 0.776226 -0.272587 -0.076002
v 0.765525 -0.272016 -0.076002
v 0.733965 -0.270960 -0.076002
v 0.733994 -0.273246 -0.076002
v 0.734759 -0.270960 -0.076002
v 0.735639 -0.270960 -0.076002
v 0.736743 -0.270960 -0.076002
v 0.737996 -0.270960 -0.076002
v 0.739323 -0.270960 -0.076002
v 0.740650 -0.270960 -0.076002
v 0.741903 -0.270960 -0.076002
v 0.743007 -0.270960 -0.076002
v 0.743887 -0.270960 -0.076002
v 0.744681 -0.270960 -0.076002
v 0.744695 -0.272375 -0.076002
v 0.765488 -0.273335 -0.076002
v 0.744738 -0.273687 -0.076002
v 0.776141 -0.274694 -0.076002
v 0.734086 -0.275360 -0.076002
v 0.765420 -0.274562 -0.076002
v 0.744815 -0.274903 -0.076002
v 0.765317 -0.275703 -0.076002
v 0.775991 -0.276672 -0.076002
v 0.744929 -0.276028 -0.076002
v 0.734245 -0.277315 -0.076002
v 0.765174 -0.276764 -0.076002
v 0.745085 -0.277070 -0.076002
v 0.775772 -0.278527 -0.076002
v 0.764986 -0.277751 -0.076002
v 0.745286 -0.278035 -0.076002
v 0.734475 -0.279123 -0.076002
v 0.764748 -0.278670 -0.076002
v 0.745537 -0.278929 -0.076002
v 0.775476 -0.280265 -0.076002
v 0.764456 -0.279527 -0.076002
v 0.745842 -0.279758 -0.076002
v 0.734782 -0.280794 -0.076002
v 0.764105 -0.280327 -0.076002
v 0.746204 -0.280530 -0.076002
v 0.775099 -0.281892 -0.076002
v 0.763690 -0.281078 -0.076002
v 0.746628 -0.281251 -0.076002
v 0.735169 -0.282341 -0.076002
v 0.763207 -0.281785 -0.076002
v 0.747117 -0.281926 -0.076002
v 0.762650 -0.282454 -0.076002
v 0.774634 -0.283414 -0.076002
v 0.747675 -0.282564 -0.076002
v 0.735643 -0.283776 -0.076002
v 0.761778 -0.283272 -0.076002
v 0.748510 -0.283335 -0.076002
v 0.774074 -0.284838 -0.076002
v 0.749506 -0.284004 -0.076002
v 0.736207 -0.285109 -0.076002
v 0.760202 -0.284274 -0.076002
v 0.750661 -0.284554 -0.076002
v 0.758953 -0.284771 -0.076002
v 0.751969 -0.284968 -0.076002
v 0.773415 -0.286170 -0.076002
v 0.757529 -0.285117 -0.076002
v 0.736866 -0.286354 -0.076002
v 0.756747 -0.285228 -0.076002
v 0.753428 -0.285229 -0.076002
v 0.755915 -0.285296 -0.076002
v 0.754212 -0.285296 -0.076002
v 0.755033 -0.285319 -0.076002
v 0.772650 -0.287416 -0.076002
v 0.737625 -0.287522 -0.076002
v 0.771773 -0.288581 -0.076002
v 0.738489 -0.288624 -0.076002
v 0.770779 -0.289673 -0.076002
v 0.739462 -0.289673 -0.076002
v 0.740369 -0.290514 -0.076002
v 0.769897 -0.290460 -0.076002
v 0.768937 -0.291197 -0.076002
v 0.741349 -0.291286 -0.076002
v 0.767899 -0.291880 -0.076002
v 0.742400 -0.291989 -0.076002
v 0.766783 -0.292506 -0.076002
v 0.743523 -0.292620 -0.076002
v 0.765589 -0.293071 -0.076002
v 0.744718 -0.293181 -0.076002
v 0.764316 -0.293572 -0.076002
v 0.745983 -0.293669 -0.076002
v 0.762965 -0.294006 -0.076002
v 0.747319 -0.294084 -0.076002
v 0.761536 -0.294368 -0.076002
v 0.748724 -0.294425 -0.076002
v 0.760029 -0.294656 -0.076002
v 0.750199 -0.294692 -0.076002
v 0.758443 -0.294866 -0.076002
v 0.751743 -0.294884 -0.076002
v 0.756778 -0.294995 -0.076002
v 0.753355 -0.295000 -0.076002
v 0.755035 -0.295038 -0.076002
v 0.792340 -0.205367 -0.076002
v 0.792340 -0.294166 -0.076002
v 0.803052 -0.214957 -0.076002
v 0.826630 -0.205367 -0.076002
v 0.826630 -0.214957 -0.076002
v 0.803052 -0.244781 -0.076002
v 0.803052 -0.254372 -0.076002
v 0.823385 -0.244781 -0.076002
v 0.823385 -0.254372 -0.076002
v 0.803052 -0.284577 -0.076002
v 0.826630 -0.284577 -0.076002
v 0.826630 -0.294166 -0.076002
v 0.842589 -0.205369 -0.076002
v 0.842589 -0.294168 -0.076002
v 0.852559 -0.205369 -0.076002
v 0.853288 -0.233435 -0.076002
v 0.875282 -0.266104 -0.076002
v 0.875282 -0.205369 -0.076002
v 0.885982 -0.205369 -0.076002
v 0.885982 -0.294168 -0.076002
v 0.853288 -0.294168 -0.076002
v 0.876263 -0.294168 -0.076002
v -0.885859 -0.038780 -0.076002
v -0.885859 -0.112760 -0.076002
v -0.811855 -0.038780 -0.076002
v -0.811855 -0.112760 -0.076002
v -0.885858 0.072203 -0.076002
v -0.885859 -0.001783 -0.076002
v -0.811855 0.072203 -0.076002
v -0.811855 -0.001783 -0.076002
v -0.885859 0.183178 -0.076002
v -0.885857 0.109198 -0.076002
v -0.811855 0.183178 -0.076002
v -0.811855 0.109198 -0.076002
v -0.774843 -0.038780 -0.076002
v -0.774843 -0.112760 -0.076002
v -0.700857 -0.038780 -0.076002
v -0.700857 -0.112760 -0.076002
v -0.774843 0.072203 -0.076002
v -0.774843 -0.001783 -0.076002
v -0.700857 0.072203 -0.076002
v -0.700857 -0.001783 -0.076002
v -0.774843 0.183178 -0.076002
v -0.774843 0.109198 -0.076002
v -0.700857 0.183178 -0.076002
v -0.700857 0.109198 -0.076002
v -0.774843 0.294159 -0.076002
v -0.774843 0.220182 -0.076002
v -0.700857 0.294159 -0.076002
v -0.700857 0.220182 -0.076002
v -0.663847 -0.038780 -0.076002
v -0.663847 -0.112760 -0.076002
v -0.589845 -0.038780 -0.076002
v -0.589845 -0.112760 -0.076002
v -0.663847 0.072203 -0.076002
v -0.663847 -0.001783 -0.076002
v -0.589845 0.072203 -0.076002
v -0.589845 -0.001783 -0.076002
v -0.663847 0.183178 -0.076002
v -0.663847 0.109198 -0.076002
v -0.589845 0.183178 -0.076002
v -0.589845 0.109198 -0.076002
v -0.663847 0.294159 -0.076002
v -0.663847 0.220182 -0.076002
v -0.589845 0.294159 -0.076002
v -0.589845 0.220182 -0.076002
v -0.293806 0.220182 -0.076002
v -0.293806 0.294168 -0.076002
v 0.009625 0.294168 -0.076002
v 0.009625 0.220182 -0.076002
v -0.183353 0.220182 -0.076002
v -0.183353 -0.112779 -0.076002
v -0.100827 0.220182 -0.076002
v -0.100827 -0.112779 -0.076002
v 0.102163 -0.112779 -0.076002
v 0.102163 0.294168 -0.076002
v 0.184674 0.294168 -0.076002
v 0.184674 0.130337 -0.076002
v 0.327785 0.130337 -0.076002
v 0.327785 0.294168 -0.076002
v 0.410333 0.294168 -0.076002
v 0.410333 -0.112779 -0.076002
v 0.184674 0.057282 -0.076002
v 0.327785 0.057282 -0.076002
v 0.184674 -0.112779 -0.076002
v 0.327785 -0.112779 -0.076002
v 0.502830 -0.112779 -0.076002
v 0.502830 0.294168 -0.076002
v 0.584198 0.294168 -0.076002
v 0.585376 0.117819 -0.076002
v 0.694634 0.065557 -0.076002
v 0.804507 0.294168 -0.076002
v 0.885858 0.294167 -0.076002
v 0.803312 0.117819 -0.076002
v 0.885857 -0.112779 -0.076002
v 0.585376 -0.112779 -0.076002
v 0.664768 -0.038770 -0.076002
v 0.724426 -0.038755 -0.076002
v 0.803312 -0.112779 -0.076002
v -0.741271 -0.227179 -0.076002
v 0.775789 -0.227940 -0.076002
vn -0.0000 -0.0000 1.0000
vn 0.0003 0.0001 1.0000
vn 0.0003 -0.0005 1.0000
vn 0.0002 -0.0003 1.0000
vn 0.0004 -0.0003 1.0000
vn -0.0002 -0.0003 1.0000
vn 0.0916 -0.8038 0.5878
vn -0.9239 -0.3827 -0.0000
vn -0.7071 0.7071 -0.0000
vn -0.7071 -0.7071 -0.0000
vn -0.0025 -0.0000 1.0000
vn -0.0000 -0.0021 1.0000
vn -0.0016 -0.0000 1.0000
vn -0.0000 -0.0013 1.0000
vn -0.0011 -0.0000 1.0000
vn -0.0000 -0.0018 1.0000
vn -0.0018 -0.0006 1.0000
vn 0.0001 -0.0003 1.0000
vn -0.0003 -0.0001 1.0000
vn -0.0003 0.0002 1.0000
vn 0.0003 -0.0001 1.0000
vn 0.0002 -0.0004 1.0000
vn 0.0003 -0.0002 1.0000
vn -0.0001 -0.0003 1.0000
vn 0.0773 -0.7518 0.6549
vn -0.0000 0.0003 1.0000
vn -0.0003 0.0001 1.0000
vn -0.0003 -0.0002 1.0000
vn 0.0003 -0.0004 1.0000
vn 0.0002 -0.0002 1.0000
vn -0.0002 -0.0002 1.0000
vn 0.0598 -0.5372 0.8413
vn -0.0017 -0.0000 1.0000
vn -0.0012 -0.0000 1.0000
vn -0.0019 -0.0006 1.0000
vn 0.0028 -0.0000 1.0000
vn -0.0000 0.0023 1.0000
vn -0.0000 -0.0023 1.0000
vn 0.0019 -0.0000 1.0000
vn -0.0000 0.0013 1.0000
vn -0.0000 -0.0015 1.0000
vn 0.0016 0.0005 1.0000
vn -0.0000 -0.0020 1.0000
vn -0.0002 0.0003 1.0000
vn 0.1506 -0.7406 0.6549
vn -0.9795 -0.2012 0.0005
vn -0.0000 -0.0035 1.0000
vn 0.0001 -0.0035 1.0000
vn -0.0000 -0.0003 1.0000
vn -0.0001 0.0003 1.0000
vn 0.0004 0.0002 1.0000
vn -0.0001 0.0005 1.0000
vn 0.0089 -0.2814 0.9595
vn 0.0003 -0.0000 1.0000
vn -0.0004 0.0002 1.0000
vn -0.0000 -0.0000 -1.0000
vn -0.0003 -0.0000 1.0000
vn 0.0001 0.0003 1.0000
vn 0.0006 0.0001 1.0000
vn -0.0002 0.0002 1.0000
vn -0.0002 0.0006 1.0000
vn -0.0153 -0.3085 0.9511
vn 0.0002 0.0004 1.0000
vn 1.0000 0.0001 -0.0000
vn 1.0000 -0.0001 -0.0000
vn -1.0000 -0.0000 -0.0000
vn -0.0000 1.0000 -0.0000
vn -0.0000 -1.0000 -0.0000
vn 1.0000 -0.0000 -0.0000
vn 0.9004 0.4350 -0.0000
vn -0.9013 0.4332 -0.0000
vn -0.8919 -0.4522 -0.0000
vn 0.8931 -0.4499 -0.0000
vn 0.0003 -1.0000 -0.0000
vn -0.0004 0.0002 -1.0000
vn -0.0002 -0.0004 -1.0000
vn -0.0003 -0.0002 -1.0000
vn -0.0003 0.0001 -1.0000
vn 0.0001 0.0003 -1.0000
vn 0.9239 0.3827 -0.0000
vn 0.7071 0.7071 -0.0000
vn -0.0026 -0.0000 -1.0000
vn -0.0000 0.0021 -1.0000
vn -0.0016 -0.0000 -1.0000
vn -0.0000 0.0013 -1.0000
vn -0.0012 -0.0000 -1.0000
vn -0.0000 0.0018 -1.0000
vn -0.0019 0.0006 -1.0000
vn -0.0025 -0.0000 -1.0000
vn 0.0002 0.0002 -1.0000
vn -0.0002 0.0003 -1.0000
vn 0.0003 -0.0001 -1.0000
vn -0.0001 0.0003 -1.0000
vn -0.0003 -0.0004 -1.0000
vn -0.0000 0.0003 -1.0000
vn -0.0003 -0.0000 -1.0000
vn 0.7071 -0.7071 -0.0000
vn 0.0003 0.0001 -1.0000
vn -0.0003 0.0002 -1.0000
vn -0.0017 -0.0000 -1.0000
vn -0.0000 0.0005 -1.0000
vn -0.0003 -0.0001 -1.0000
vn 0.0028 -0.0000 -1.0000
vn -0.0000 -0.0023 -1.0000
vn -0.0000 0.0023 -1.0000
vn 0.0019 -0.0000 -1.0000
vn -0.0000 -0.0013 -1.0000
vn -0.0000 0.0015 -1.0000
vn -0.0011 -0.0000 -1.0000
vn 0.0016 -0.0005 -1.0000
vn -0.0000 0.0019 -1.0000
vn -0.0018 0.0006 -1.0000
vn 0.0003 0.0002 -1.0000
vn 0.0002 0.0003 -1.0000
vn 0.0002 0.0004 -1.0000
vn 0.0001 0.0035 -1.0000
vn -0.0000 0.0035 -1.0000
vn 0.0005 -0.0000 -1.0000
vn 0.0002 -0.0003 -1.0000
vn -0.0000 -0.0003 -1.0000
vn 0.0005 0.0001 -1.0000
vn -0.0002 -0.0005 -1.0000
vn -0.0005 -0.0001 -1.0000
vn -0.0002 0.0002 -1.0000
vn 0.0004 -0.0002 -1.0000
vn 0.0003 -0.0002 -1.0000
vn -0.0003 -0.0005 -1.0000
vn -0.0002 -0.0003 -1.0000
vn 0.0003 -0.0000 -1.0000
vn -0.0004 -0.0003 -1.0000
vn 0.0001 -0.0005 -1.0000
vn -0.9853 -0.1709 -0.0000
vn -0.9729 -0.2312 -0.0000
vn -0.9361 -0.3516 -0.0000
vn -0.9032 -0.4291 -0.0000
vn -0.9362 -0.3513 0.0004
vn 0.4217 0.9067 -0.0000
vn 0.3576 0.9339 -0.0000
vn 0.4219 0.9066 -0.0002
vn 0.9721 -0.2344 -0.0000
vn 0.9848 -0.1739 -0.0000
vn 0.9570 0.2902 -0.0000
vn 0.9327 0.3608 -0.0000
vn 0.9570 0.2901 -0.0000
vn -0.4103 0.9120 -0.0000
vn -0.4783 0.8782 -0.0000
vn -0.4102 0.9120 -0.0000
vn -0.8790 0.4769 -0.0000
vn -0.9122 0.4096 -0.0000
vn -0.8790 0.4768 -0.0000
vn -0.9123 0.4094 -0.0000
vn -0.9393 0.3431 -0.0000
vn -0.9124 0.4094 -0.0000
vn 0.8872 0.4614 -0.0000
vn 0.9397 0.3420 -0.0000
vn 0.8742 -0.4856 -0.0000
vn 0.9137 -0.4065 -0.0000
vn 0.8741 -0.4857 -0.0000
vn -0.9369 0.3496 -0.0000
vn -0.8829 0.4697 -0.0000
vn 0.4842 0.8750 -0.0000
vn -0.9032 -0.4292 -0.0000
vn -0.8620 -0.5068 -0.0000
vn -0.9561 -0.2930 0.0004
vn -0.2045 0.9789 -0.0000
vn -0.1105 0.9939 0.0004
vn 0.5439 0.8392 -0.0000
vn 0.8017 -0.5977 0.0002
vn 0.7280 -0.6856 -0.0000
vn 0.8015 -0.5980 -0.0000
vn -0.4785 0.8781 -0.0002
vn -0.5425 0.8401 -0.0000
vn -0.7639 -0.6453 -0.0000
vn -0.8206 -0.5715 -0.0000
vn 0.9551 -0.2963 -0.0000
vn -0.1108 0.9938 -0.0000
vn -0.0537 0.9986 -0.0000
vn 0.9571 0.2899 -0.0000
vn 0.5988 0.8009 -0.0000
vn -0.9391 0.3436 -0.0000
vn 0.8163 0.5776 -0.0000
vn 0.9744 0.2248 -0.0000
vn -0.6021 0.7984 -0.0000
vn -0.8829 0.4696 -0.0000
vn -0.8110 0.5851 -0.0000
vn 0.0565 0.9984 -0.0000
vn 0.1307 0.9914 -0.0002
vn -0.9603 0.2789 -0.0000
vn 0.0010 1.0000 -0.0000
vn -0.9560 -0.2933 -0.0000
vn -0.9345 -0.3560 -0.0000
vn 0.6487 0.7611 -0.0000
vn -0.7636 -0.6457 -0.0000
vn 0.8476 -0.5307 -0.0004
vn 0.8474 -0.5310 -0.0000
vn -0.6570 0.7539 -0.0000
vn -0.8643 -0.5030 -0.0000
vn 0.9334 -0.3589 -0.0000
vn 0.9745 0.2245 -0.0000
vn 0.7009 0.7132 -0.0000
vn -0.9601 0.2795 -0.0000
vn 0.7284 0.6852 -0.0000
vn 0.8252 -0.5648 -0.0000
vn 0.8251 -0.5650 0.0003
vn 0.8857 -0.4643 -0.0000
vn 0.8856 -0.4644 -0.0000
vn -0.7068 0.7075 -0.0000
vn -0.7222 0.6916 -0.0000
vn -0.8620 -0.5069 -0.0000
vn -0.8137 -0.5813 -0.0000
vn -0.8642 -0.5031 -0.0000
vn -0.9020 -0.4317 -0.0000
vn 0.8476 -0.5306 -0.0006
vn 0.7882 -0.6154 -0.0000
vn 0.8474 -0.5309 -0.0000
vn -0.8645 -0.5026 -0.0000
vn 0.6246 0.7810 -0.0000
vn 0.6248 0.7808 -0.0000
vn 0.7682 -0.6402 -0.0000
vn 0.9167 -0.3995 -0.0004
vn 0.9166 -0.3999 -0.0000
vn -0.7223 0.6916 -0.0000
vn -0.6187 0.7856 -0.0000
vn -0.7609 -0.6489 -0.0000
vn 0.9861 0.1659 -0.0000
vn 0.9861 0.1660 -0.0000
vn 0.8859 -0.4639 -0.0000
vn -0.9082 -0.4185 -0.0000
vn -0.9603 0.2790 -0.0000
vn -0.9761 0.2171 -0.0000
vn -0.9022 -0.4313 -0.0000
vn 0.7031 -0.7111 -0.0000
vn 0.7031 -0.7110 -0.0000
vn -0.7609 -0.6488 -0.0000
vn -0.7078 -0.7064 -0.0000
vn -0.9020 -0.4318 -0.0000
vn -0.9328 -0.3603 -0.0000
vn 0.9072 -0.4208 -0.0000
vn 0.9070 -0.4210 -0.0002
vn 0.9170 -0.3989 -0.0000
vn -0.6513 -0.7588 -0.0000
vn 0.5086 0.8610 -0.0000
vn 0.9415 -0.3371 0.0003
vn 0.9412 -0.3378 -0.0003
vn -0.5039 0.8638 -0.0000
vn -0.9565 -0.2916 -0.0000
vn -0.9759 0.2180 -0.0000
vn 0.6390 -0.7692 -0.0000
vn -0.8768 -0.4808 -0.0000
vn -0.0001 -1.0000 -0.0000
vn 0.5805 -0.8143 -0.0000
vn 0.9605 -0.2783 -0.0000
vn 0.9604 -0.2786 0.0005
vn -0.5885 -0.8085 -0.0000
vn 0.8763 -0.4817 -0.0000
vn 0.9934 0.1145 -0.0000
vn 0.9934 0.1146 -0.0000
vn 0.9415 -0.3369 -0.0000
vn -0.9761 0.2172 -0.0000
vn -0.9874 0.1583 -0.0000
vn 0.3841 0.9233 -0.0000
vn 0.5201 -0.8541 -0.0000
vn -0.3814 0.9244 -0.0000
vn -0.5884 -0.8086 -0.0000
vn -0.5233 -0.8521 -0.0000
vn -0.9736 -0.2284 -0.0000
vn 0.9606 -0.2778 -0.0000
vn 0.9607 -0.2778 -0.0000
vn 0.2559 0.9667 -0.0003
vn 0.2561 0.9667 -0.0000
vn 0.4589 -0.8885 -0.0000
vn 0.9748 -0.2231 -0.0000
vn 0.9747 -0.2234 -0.0000
vn -0.2544 0.9671 -0.0000
vn -0.4576 -0.8892 -0.0000
vn -0.9850 -0.1723 -0.0000
vn -0.9873 0.1592 -0.0000
vn -0.8407 -0.5416 -0.0000
vn -0.9735 -0.2288 0.0003
vn 0.3972 -0.9177 -0.0000
vn 0.9975 0.0700 -0.0000
vn -0.3923 -0.9198 -0.0000
vn 0.8407 -0.5415 -0.0000
vn 0.9852 -0.1716 -0.0000
vn 0.9851 -0.1718 -0.0000
vn 0.9748 -0.2229 -0.0000
vn -0.9947 0.1028 -0.0000
vn -0.9734 -0.2291 -0.0003
vn -0.9850 -0.1724 -0.0000
vn 0.1265 0.9920 0.0004
vn 0.1275 0.9918 -0.0004
vn 0.3363 -0.9418 -0.0000
vn -0.1261 0.9920 -0.0000
vn -0.3281 -0.9446 -0.0000
vn -0.9924 -0.1233 -0.0000
vn 0.2759 -0.9612 -0.0000
vn 0.2760 -0.9612 -0.0000
vn 0.9924 -0.1234 -0.0000
vn 0.9923 -0.1235 -0.0000
vn 0.9852 -0.1712 -0.0000
vn -0.2660 -0.9640 -0.0000
vn -0.9966 -0.0819 -0.0000
vn -0.9947 0.1030 -0.0000
vn -0.0031 1.0000 -0.0000
vn -0.0640 0.9980 -0.0000
vn -0.9924 -0.1232 0.0003
vn -0.7996 -0.6006 -0.0000
vn 0.0521 0.9986 -0.0000
vn 0.2168 -0.9762 -0.0000
vn 0.9998 -0.0210 -0.0000
vn -0.2661 -0.9640 -0.0000
vn -0.2067 -0.9784 -0.0000
vn -0.9948 0.1023 -0.0000
vn -0.9988 0.0499 -0.0000
vn 0.1076 0.9942 -0.0000
vn 0.9924 -0.1230 -0.0000
vn 0.8007 -0.5991 -0.0000
vn -0.1306 0.9914 -0.0000
vn -0.9923 -0.1235 -0.0003
vn -0.9966 -0.0823 -0.0000
vn -0.7543 -0.6565 -0.0000
vn 0.1597 -0.9872 -0.0000
vn 0.9969 -0.0788 -0.0000
vn 0.9969 -0.0789 -0.0000
vn -0.1507 -0.9886 -0.0000
vn -0.9966 -0.0818 -0.0000
vn -0.9988 -0.0483 -0.0000
vn 0.1664 0.9861 -0.0000
vn 0.9995 0.0323 -0.0000
vn 0.7566 -0.6539 -0.0000
vn -0.1997 0.9799 -0.0000
vn -0.9987 0.0502 -0.0000
vn -0.7074 -0.7069 -0.0000
vn 0.1045 -0.9945 -0.0000
vn 0.9993 -0.0382 -0.0000
vn -0.0976 -0.9952 -0.0000
vn -0.9988 -0.0485 -0.0000
vn -0.9998 -0.0215 -0.0000
vn 0.2283 0.9736 -0.0000
vn 0.9969 -0.0784 -0.0000
vn 0.7081 -0.7061 -0.0000
vn 0.7081 -0.7062 -0.0000
vn -0.2706 0.9627 -0.0000
vn -1.0000 0.0022 -0.0000
vn -0.9966 -0.0826 0.0002
vn -0.9988 -0.0484 -0.0000
vn -0.6581 -0.7529 -0.0000
vn 0.0511 -0.9987 -0.0000
vn -0.0472 -0.9989 -0.0000
vn 0.2917 0.9565 -0.0000
vn 1.0000 -0.0017 -0.0000
vn 1.0000 -0.0018 -0.0000
vn 0.9993 -0.0377 -0.0000
vn 0.6559 -0.7548 -0.0000
vn 0.6558 -0.7550 0.0003
vn -0.3411 0.9400 -0.0000
vn 0.0011 -1.0000 -0.0000
vn -0.9998 -0.0216 -0.0000
vn -1.0000 -0.0095 -0.0000
vn 0.6020 -0.7985 -0.0000
vn 0.6019 -0.7985 -0.0000
vn -0.0030 1.0000 -0.0000
vn -0.0638 0.9980 -0.0000
vn 0.9993 0.0362 -0.0000
vn -0.6050 -0.7962 -0.0000
vn 0.3563 0.9344 -0.0000
vn -0.9990 -0.0445 -0.0000
vn 0.9999 0.0152 -0.0000
vn -0.3414 0.9399 0.0002
vn -0.4106 0.9118 0.0003
vn -1.0000 0.0023 -0.0000
vn 0.5452 -0.8383 -0.0000
vn 0.1077 0.9942 -0.0000
vn -0.5489 -0.8359 -0.0000
vn 0.4201 0.9075 -0.0000
vn -0.1303 0.9915 -0.0000
vn -0.4109 0.9117 -0.0000
vn -0.4793 0.8777 -0.0000
vn 0.4861 -0.8739 -0.0000
vn 0.1667 0.9860 -0.0000
vn -0.4904 -0.8715 -0.0000
vn 0.4822 0.8760 -0.0000
vn 0.4822 0.8761 -0.0000
vn -0.1994 0.9799 -0.0000
vn -0.9990 -0.0448 -0.0000
vn 0.5418 0.8405 -0.0000
vn 0.9961 0.0882 -0.0000
vn 0.9961 0.0881 -0.0000
vn 0.4259 -0.9047 -0.0000
vn 0.4260 -0.9047 -0.0000
vn -0.5439 0.8392 -0.0000
vn 0.2288 0.9735 -0.0000
vn -0.9948 -0.1015 -0.0000
vn -0.4303 -0.9027 -0.0000
vn -0.2702 0.9628 -0.0000
vn 0.5968 0.8024 -0.0000
vn 0.5967 0.8024 -0.0000
vn 0.9870 0.1610 -0.0000
vn 0.9870 0.1609 -0.0000
vn 0.3644 -0.9313 -0.0000
vn -0.5439 0.8391 -0.0000
vn -0.6041 0.7969 -0.0000
vn 0.2926 0.9562 -0.0000
vn -0.3684 -0.9297 -0.0000
vn -0.3408 0.9401 -0.0000
vn 0.9663 0.2574 -0.0000
vn -0.9948 -0.1014 -0.0000
vn -0.9847 -0.1742 -0.0000
vn 0.6466 0.7628 -0.0000
vn 0.3025 -0.9532 -0.0000
vn -0.6042 0.7968 -0.0000
vn -0.6595 0.7517 -0.0000
vn 0.3572 0.9340 -0.0000
vn -0.3056 -0.9522 -0.0000
vn -0.4107 0.9118 -0.0000
vn 0.9267 0.3758 -0.0000
vn 0.7007 0.7135 -0.0000
vn 0.8630 0.5053 -0.0000
vn 0.8630 0.5052 -0.0000
vn 0.2406 -0.9706 -0.0000
vn -0.7099 0.7043 -0.0000
vn 0.4214 0.9069 -0.0000
vn -0.9644 -0.2643 -0.0000
vn -0.2430 -0.9700 -0.0000
vn -0.4106 0.9118 -0.0000
vn -0.4791 0.8777 -0.0000
vn 0.7582 0.6520 -0.0000
vn 0.7765 0.6301 -0.0000
vn 0.1789 -0.9839 -0.0000
vn -0.7589 0.6512 0.0001
vn 0.4838 0.8752 -0.0000
vn -0.1812 -0.9835 -0.0000
vn 0.6781 0.7349 -0.0000
vn 0.5434 0.8395 -0.0000
vn 0.5433 0.8395 -0.0000
vn 0.9961 0.0879 -0.0000
vn 0.8094 0.5872 -0.0000
vn 0.8095 0.5872 -0.0000
vn -0.5437 0.8393 -0.0000
vn 0.5829 0.8126 -0.0000
vn 0.5829 0.8125 -0.0000
vn -0.9948 -0.1020 -0.0000
vn 0.1181 -0.9930 -0.0000
vn -0.7592 0.6508 -0.0000
vn -0.8139 0.5810 -0.0000
vn -0.9289 -0.3702 -0.0000
vn -0.1196 -0.9928 -0.0000
vn 0.5986 0.8011 -0.0000
vn 0.5985 0.8011 -0.0000
vn 0.9871 0.1603 -0.0000
vn 0.8529 0.5220 -0.0000
vn -0.6038 0.7971 -0.0000
vn 0.5013 0.8653 -0.0000
vn 0.0587 -0.9983 -0.0000
vn -0.8139 0.5809 -0.0000
vn -0.8701 0.4930 -0.0000
vn 0.9664 0.2570 0.0002
vn 0.9665 0.2568 -0.0000
vn -0.0588 -0.9983 -0.0000
vn 0.4362 0.8998 -0.0000
vn -0.9846 -0.1747 -0.0000
vn 0.6485 0.7612 -0.0000
vn 0.6485 0.7613 -0.0000
vn -0.9289 -0.3703 -0.0000
vn -0.8739 -0.4861 -0.0000
vn 0.0002 -1.0000 -0.0000
vn -0.6040 0.7970 -0.0001
vn -0.6596 0.7516 -0.0000
vn 0.9271 0.3747 -0.0000
vn 0.9271 0.3748 -0.0000
vn 0.8891 0.4578 -0.0000
vn 0.7000 0.7141 -0.0000
vn 0.8637 0.5040 -0.0000
vn 0.0683 -0.9977 -0.0004
vn -0.0005 -1.0000 -0.0000
vn 0.0677 -0.9977 0.0007
vn 0.3795 0.9252 -0.0000
vn 0.3793 0.9253 -0.0000
vn 0.3794 0.9252 -0.0000
vn -0.9643 -0.2649 -0.0000
vn -0.0703 -0.9975 0.0002
vn -0.7986 -0.6018 -0.0000
vn -0.0701 -0.9975 -0.0000
vn -0.1598 -0.9872 -0.0000
vn 0.7558 0.6547 -0.0000
vn 0.7773 0.6291 -0.0000
vn -0.7590 0.6510 -0.0000
vn 0.6791 0.7341 -0.0000
vn 0.1392 -0.9903 0.0002
vn 0.1386 -0.9903 -0.0002
vn 0.3797 0.9251 -0.0000
vn 0.8076 0.5897 -0.0000
vn 0.5839 0.8118 -0.0000
vn 0.2322 -0.9727 -0.0000
vn -0.7591 0.6510 -0.0000
vn -0.8142 0.5806 -0.0000
vn -0.9286 -0.3711 -0.0000
vn -0.7987 -0.6018 -0.0000
vn -0.7085 -0.7057 -0.0000
vn 0.9188 0.3948 -0.0000
vn 0.9187 0.3949 -0.0000
vn 0.8517 0.5240 -0.0000
vn 0.5023 0.8647 -0.0000
vn -0.8701 0.4929 -0.0000
vn -0.9178 0.3971 -0.0000
vn -0.8703 0.4924 -0.0000
vn 0.3792 0.9253 -0.0000
vn 0.4387 0.8986 -0.0000
vn -0.8734 -0.4871 -0.0000
vn 0.9426 0.3339 -0.0000
vn 0.8884 0.4591 -0.0000
vn 0.8884 0.4590 -0.0000
vn -0.7086 -0.7056 -0.0000
vn -0.6134 -0.7898 -0.0000
vn 0.3954 0.9185 -0.0000
vn 0.0683 -0.9977 -0.0006
vn -0.0010 -1.0000 -0.0001
vn 0.0677 -0.9977 0.0005
vn -0.9528 0.3037 -0.0000
vn -0.0002 -1.0000 0.0002
vn -0.0710 -0.9975 0.0002
vn 0.3784 0.9256 -0.0000
vn 0.3788 0.9255 -0.0000
vn 0.4581 0.8889 -0.0000
vn 0.3974 0.9176 -0.0000
vn -0.0708 -0.9975 -0.0000
vn -0.1795 -0.9838 -0.0000
vn -0.6134 -0.7897 -0.0000
vn -0.5235 -0.8520 -0.0000
vn 0.3787 0.9255 -0.0000
vn -0.7980 -0.6026 -0.0000
vn -0.7736 -0.6336 -0.0000
vn -0.8288 -0.5595 -0.0000
vn -0.7736 -0.6337 -0.0000
vn 0.1386 -0.9903 -0.0000
vn 0.5479 0.8366 -0.0000
vn -0.4462 -0.8949 -0.0000
vn 0.9613 0.2756 -0.0000
vn 0.2316 -0.9728 -0.0000
vn 0.9184 0.3956 -0.0000
vn 0.3789 0.9254 -0.0000
vn 0.8721 -0.4893 -0.0000
vn 0.7975 -0.6034 -0.0000
vn 0.8720 -0.4894 -0.0000
vn -0.9180 0.3966 -0.0000
vn 0.6462 0.7632 -0.0000
vn 0.6463 0.7631 -0.0000
vn -0.8289 -0.5593 -0.0000
vn -0.8724 -0.4887 -0.0000
vn -0.4461 -0.8950 -0.0000
vn -0.3941 -0.9191 -0.0000
vn 0.3790 0.9254 -0.0000
vn -0.7082 -0.7061 -0.0000
vn 0.9397 0.3419 -0.0000
vn -0.9405 0.3399 -0.0000
vn 0.9221 -0.3869 -0.0000
vn 0.7442 0.6680 -0.0000
vn -0.9753 0.2210 -0.0000
vn 0.3783 0.9257 -0.0000
vn -0.3772 -0.9261 -0.0000
vn -0.3773 -0.9261 -0.0000
vn -0.3776 -0.9260 -0.0000
vn -0.8725 -0.4885 -0.0000
vn -0.9072 -0.4207 -0.0000
vn -0.9180 0.3965 -0.0000
vn -0.9530 0.3029 -0.0000
vn -0.3774 -0.9261 -0.0000
vn 0.9756 0.2194 -0.0000
vn -0.6132 -0.7899 -0.0000
vn -0.9073 -0.4206 -0.0000
vn -0.9339 -0.3575 -0.0000
vn 0.8309 0.5564 -0.0000
vn 0.8309 0.5563 -0.0000
vn 0.9466 -0.3223 -0.0000
vn -0.7718 -0.6359 -0.0000
vn -0.8313 -0.5558 -0.0000
vn -0.7718 -0.6358 -0.0000
vn 0.9559 -0.2936 -0.0000
vn 0.4582 0.8888 -0.0000
vn 0.3971 0.9178 -0.0000
vn -0.9539 -0.3001 -0.0000
vn 0.9614 0.2753 -0.0000
vn -0.5234 -0.8521 -0.0000
vn -0.3775 -0.9260 -0.0000
vn -0.9462 -0.3236 -0.0000
vn 0.8722 -0.4891 -0.0000
vn 0.9862 0.1655 -0.0000
vn -0.8742 -0.4855 -0.0000
vn -0.9538 -0.3005 -0.0004
vn -0.9690 -0.2471 -0.0000
vn 0.8988 0.4384 -0.0000
vn -0.4462 -0.8950 -0.0000
vn -0.9753 0.2211 -0.0000
vn -0.9881 0.1535 -0.0000
vn -0.9754 0.2203 -0.0000
vn 0.6462 0.7631 -0.0000
vn -0.3943 -0.9190 -0.0000
vn 0.9766 -0.2152 -0.0000
vn 0.9766 -0.2151 -0.0000
vn -0.9084 -0.4182 -0.0000
vn -0.9689 -0.2475 0.0002
vn -0.9799 -0.1993 0.0003
vn 0.9454 0.3261 -0.0000
vn 0.9934 0.1144 -0.0000
vn 0.9934 0.1143 -0.0000
vn -0.9083 -0.4182 -0.0000
vn -0.9346 -0.3557 0.0003
vn -0.4378 -0.8991 -0.0000
vn -0.5133 -0.8582 -0.0000
vn -0.9799 -0.1996 -0.0000
vn -0.9874 -0.1580 -0.0000
vn -0.5132 -0.8583 -0.0000
vn -0.6047 -0.7964 -0.0000
vn 0.9559 -0.2935 -0.0000
vn 0.9883 -0.1528 -0.0000
vn -0.9345 -0.3559 -0.0000
vn -0.9545 -0.2981 -0.0000
vn -0.9875 -0.1579 -0.0000
vn -0.9927 -0.1203 -0.0000
vn 0.9738 0.2275 -0.0000
vn 0.9738 0.2274 -0.0000
vn -0.7057 -0.7085 -0.0000
vn -0.9948 0.1015 -0.0000
vn 0.9863 0.1652 -0.0000
vn 0.9863 0.1649 0.0003
vn -0.9544 -0.2984 0.0002
vn -0.9694 -0.2454 0.0003
vn -0.7058 -0.7084 -0.0000
vn -0.8035 -0.5953 -0.0000
vn 1.0000 0.0069 -0.0000
vn -0.9883 0.1528 -0.0000
vn -0.8036 -0.5952 -0.0000
vn -0.8840 -0.4675 -0.0000
vn -0.9962 -0.0868 0.0001
vn 0.9892 0.1465 -0.0000
vn 0.8987 0.4386 -0.0000
vn 0.9944 -0.1055 -0.0000
vn -0.9694 -0.2457 -0.0000
vn -0.9800 -0.1990 -0.0000
vn -0.8840 -0.4674 -0.0000
vn -0.9396 -0.3422 -0.0000
vn -0.9962 -0.0875 -0.0001
vn -0.9983 -0.0585 0.0005
vn -0.9726 -0.2326 -0.0000
vn -0.9983 -0.0589 -0.0000
vn -0.9990 -0.0455 -0.0000
vn 0.9935 0.1138 -0.0000
vn -0.9948 0.1016 -0.0000
vn -0.9980 0.0634 -0.0000
vn -0.9876 -0.1569 -0.0000
vn 0.9965 0.0836 -0.0000
vn 0.9965 0.0835 -0.0000
vn -0.9726 -0.2325 -0.0000
vn -0.9894 -0.1450 -0.0000
vn -0.3919 -0.9200 0.0002
vn -0.4394 -0.8983 -0.0000
vn -0.3922 -0.9199 -0.0000
vn -0.9876 -0.1568 -0.0000
vn -0.9928 -0.1197 -0.0000
vn 0.9994 0.0360 -0.0000
vn -0.9882 0.1529 -0.0000
vn -0.9949 0.1009 -0.0000
vn -0.9894 -0.1449 -0.0000
vn -0.9968 -0.0795 -0.0000
vn 0.9453 0.3261 -0.0000
vn -0.4392 -0.8984 -0.0003
vn -0.5135 -0.8581 -0.0002
vn -0.9995 -0.0330 -0.0000
vn 0.9979 0.0651 -0.0000
vn -0.6051 -0.7962 -0.0000
vn 0.9975 -0.0705 -0.0000
vn -0.9961 -0.0877 -0.0000
vn 1.0000 0.0018 -0.0000
vn 0.9990 -0.0450 -0.0000
vn 0.9990 -0.0451 -0.0000
vn -1.0000 -0.0028 -0.0000
vn -0.9980 0.0635 -0.0000
vn -0.9993 0.0366 -0.0000
vn -0.7065 -0.7077 -0.0000
vn -0.9962 -0.0876 -0.0000
vn -0.9983 -0.0586 -0.0002
vn 0.9997 -0.0262 -0.0000
vn -0.8044 -0.5941 -0.0000
vn 0.9996 -0.0266 -0.0000
vn 0.9996 -0.0267 -0.0000
vn -0.9998 0.0183 -0.0000
vn -0.9998 0.0185 -0.0000
vn 0.9991 0.0413 -0.0000
vn -0.8845 -0.4666 -0.0000
vn -0.9990 -0.0450 0.0003
vn -0.9999 -0.0127 -0.0000
vn -0.9996 -0.0281 -0.0000
vn 0.9999 -0.0141 0.0026
vn 0.9999 -0.0141 -0.0025
vn -0.9949 0.1010 -0.0000
vn -0.9980 0.0629 -0.0000
vn 0.9892 0.1467 -0.0000
vn -1.0000 0.0091 -0.0000
vn -0.9401 -0.3410 -0.0000
vn -0.9729 -0.2311 -0.0000
vn 1.0000 -0.0057 0.0016
vn 1.0000 -0.0057 -0.0016
vn -1.0000 0.0049 -0.0000
vn -1.0000 0.0013 -0.0000
vn -0.9896 -0.1438 -0.0000
vn 1.0000 0.0001 0.0012
vn 1.0000 0.0001 -0.0011
vn -1.0000 -0.0013 -0.0000
vn -1.0000 -0.0051 -0.0000
vn -0.9969 -0.0788 -0.0000
vn 1.0000 0.0051 0.0019
vn 1.0000 0.0063 -0.0018
vn -0.9969 -0.0787 -0.0000
vn -0.9995 -0.0325 -0.0000
vn 0.9999 0.0142 0.0026
vn 0.9999 0.0141 -0.0025
vn -1.0000 -0.0089 -0.0000
vn -0.9998 -0.0185 -0.0000
vn -1.0000 -0.0030 -0.0000
vn 0.9996 0.0266 -0.0000
vn 0.9998 0.0213 -0.0000
vn 1.0000 0.0099 -0.0000
vn -0.9993 -0.0365 -0.0000
vn -0.9991 0.0416 -0.0000
vn -0.9998 0.0179 -0.0000
vn 0.9990 0.0453 0.0002
vn 0.9990 0.0449 -0.0000
vn 0.9988 0.0480 -0.0000
vn 0.9989 0.0479 -0.0000
vn -0.9980 -0.0633 -0.0000
vn -0.9993 0.0363 -0.0000
vn -0.9969 0.0789 -0.0000
vn -0.9998 0.0175 -0.0000
vn 0.9983 -0.0580 -0.0000
vn -0.9981 -0.0623 -0.0000
vn 0.9975 0.0705 -0.0000
vn 0.9996 -0.0268 -0.0000
vn -0.9948 -0.1016 -0.0000
vn -0.9991 0.0417 -0.0000
vn -0.9974 0.0726 -0.0000
vn 0.9944 0.1056 -0.0000
vn 0.9944 0.1055 -0.0000
vn 0.9999 -0.0141 0.0025
vn 0.9999 -0.0142 -0.0025
vn 0.9966 0.0820 -0.0000
vn -0.9989 0.0478 -0.0000
vn -0.9980 0.0626 -0.0000
vn -1.0000 0.0089 -0.0000
vn -0.9974 0.0727 -0.0000
vn -0.9937 0.1118 -0.0000
vn 1.0000 -0.0057 0.0017
vn 1.0000 -0.0057 -0.0017
vn 0.9953 -0.0964 -0.0000
vn 0.9953 -0.0965 -0.0000
vn 0.9979 -0.0655 -0.0000
vn 0.9992 -0.0409 -0.0000
vn -1.0000 0.0048 -0.0000
vn 0.9922 0.1245 -0.0000
vn 0.9882 0.1529 -0.0000
vn -0.9946 -0.1037 -0.0000
vn -0.9881 -0.1535 -0.0000
vn 1.0000 -0.0000 0.0012
vn 1.0000 -0.0000 -0.0012
vn -1.0000 -0.0052 -0.0000
vn -0.9870 0.1604 -0.0000
vn -0.9956 0.0934 -0.0000
vn 0.9998 0.0217 -0.0000
vn 1.0000 0.0051 0.0020
vn 1.0000 0.0063 -0.0019
vn 0.9844 0.1760 -0.0000
vn 0.9933 -0.1158 -0.0000
vn 0.9933 -0.1157 -0.0000
vn -0.9956 0.0933 -0.0000
vn -0.9919 0.1267 -0.0000
vn 0.9898 -0.1426 -0.0000
vn -1.0000 -0.0086 -0.0000
vn -0.9998 -0.0183 -0.0000
vn -0.9757 0.2190 -0.0000
vn 0.9988 0.0488 -0.0000
vn 0.9766 0.2152 -0.0000
vn 0.9765 0.2153 -0.0000
vn 0.9983 -0.0584 -0.0000
vn -0.9919 0.1268 -0.0000
vn -0.9864 0.1642 0.0001
vn 0.9996 0.0268 -0.0000
vn 0.9714 0.2373 -0.0000
vn 0.9715 0.2372 -0.0000
vn -0.9980 -0.0625 -0.0000
vn -0.9993 -0.0361 -0.0000
vn -0.9882 -0.1535 -0.0000
vn 0.9857 -0.1686 -0.0000
vn -0.9580 0.2868 -0.0000
vn -0.9881 -0.1536 -0.0000
vn -0.9752 -0.2212 -0.0000
vn 0.9990 0.0450 -0.0000
vn -0.9993 -0.0362 -0.0000
vn -0.9980 -0.0629 -0.0000
vn 0.9965 0.0837 -0.0000
vn -0.9866 0.1632 -0.0001
vn -0.9787 0.2055 -0.0004
vn 0.9514 0.3081 -0.0000
vn 0.9514 0.3080 -0.0000
vn -0.9938 0.1113 -0.0000
vn 0.9804 -0.1969 -0.0000
vn -0.0013 1.0000 -0.0000
vn -0.0550 0.9985 -0.0000
vn 0.9559 0.2938 -0.0000
vn 0.9558 0.2939 -0.0000
vn -0.9949 -0.1010 -0.0000
vn -0.9320 0.3625 -0.0000
vn 0.9953 -0.0972 -0.0000
vn -0.9788 0.2047 0.0002
vn -0.9683 0.2498 0.0003
vn 0.0502 0.9987 -0.0000
vn 0.9919 0.1267 -0.0000
vn -0.1111 0.9938 -0.0002
vn 0.9228 0.3853 -0.0000
vn -0.9946 -0.1039 -0.0000
vn 0.9746 -0.2240 -0.0000
vn 0.9746 -0.2239 -0.0000
vn -0.9989 0.0466 -0.0005
vn -0.9981 0.0621 -0.0000
vn -0.9989 0.0467 -0.0000
vn -0.9773 -0.2118 -0.0000
vn -0.9684 0.2492 -0.0004
vn -0.9545 0.2981 -0.0000
vn -0.9938 0.1111 -0.0003
vn -0.9872 0.1595 -0.0000
vn 0.1027 0.9947 -0.0000
vn -0.8965 0.4431 -0.0000
vn -0.1113 0.9938 -0.0000
vn -0.1691 0.9856 -0.0000
vn 0.9218 0.3877 -0.0000
vn 0.9218 0.3876 -0.0000
vn 0.9840 0.1784 -0.0000
vn 0.9839 0.1784 -0.0000
vn -0.9358 0.3526 -0.0000
vn 0.8847 0.4662 -0.0000
vn 0.1577 0.9875 -0.0000
vn 0.9896 -0.1437 -0.0000
vn -0.2282 0.9736 -0.0000
vn -0.9752 -0.2211 -0.0000
vn -0.9527 -0.3039 -0.0000
vn -0.9882 -0.1529 -0.0000
vn 0.9658 -0.2591 -0.0000
vn 0.9659 -0.2591 -0.0000
vn -0.9760 0.2176 -0.0000
vn -0.8964 0.4432 -0.0000
vn -0.8514 0.5244 -0.0000
vn -0.9981 0.0620 -0.0000
vn 0.2155 0.9765 -0.0000
vn 0.9595 -0.2818 -0.0000
vn 0.9595 -0.2817 -0.0000
vn 0.9708 0.2397 -0.0000
vn -0.2883 0.9575 -0.0000
vn -0.9115 0.4113 -0.0000
vn 0.8369 0.5474 -0.0000
vn -0.9881 -0.1541 -0.0000
vn -0.9605 -0.2784 -0.0000
vn -0.9760 0.2175 -0.0000
vn -0.9586 0.2848 -0.0000
vn 0.2756 0.9613 -0.0000
vn 0.8714 0.4907 -0.0000
vn 0.8714 0.4906 -0.0000
vn -0.8516 0.5242 -0.0004
vn -0.7980 0.6027 -0.0000
vn -0.3475 0.9377 -0.0002
vn -0.8805 0.4740 -0.0000
vn 0.9509 0.3095 -0.0000
vn -0.9865 0.1636 -0.0000
vn 0.7819 0.6234 -0.0004
vn 0.7821 0.6231 -0.0000
vn 0.3366 0.9417 -0.0000
vn 0.9397 -0.3420 -0.0000
vn -0.7981 0.6026 -0.0000
vn -0.7277 0.6859 -0.0000
vn 0.9802 -0.1980 -0.0000
vn -0.3480 0.9375 -0.0000
vn -0.4067 0.9136 0.0001
vn -0.8806 0.4739 -0.0000
vn -0.8312 0.5560 -0.0000
vn -0.9329 0.3600 -0.0000
vn 0.9858 -0.1681 -0.0000
vn 0.9858 -0.1680 -0.0000
vn -0.9177 -0.3974 -0.0000
vn -0.9754 -0.2205 -0.0000
vn 0.9442 -0.3294 -0.0000
vn 0.9442 -0.3293 -0.0000
vn 0.3984 0.9172 -0.0000
vn 0.9222 0.3867 -0.0000
vn -0.4070 0.9134 -0.0000
vn -0.4655 0.8850 -0.0000
vn -0.9790 0.2039 -0.0000
vn 0.7163 0.6978 0.0002
vn 0.7170 0.6971 -0.0004
vn -0.9773 -0.2121 -0.0000
vn 0.7868 0.6173 -0.0000
vn -0.9360 -0.3520 -0.0000
vn -0.9331 0.3597 -0.0001
vn -0.8979 0.4401 0.0003
vn 0.4603 0.8878 -0.0000
vn 0.4603 0.8877 -0.0000
vn -0.5225 0.8527 -0.0000
vn 0.9143 -0.4051 -0.0000
vn 0.9142 -0.4052 -0.0000
vn -0.9688 0.2480 -0.0000
vn 0.9145 -0.4047 0.0002
vn 0.8842 0.4672 -0.0000
vn -0.9176 -0.3974 -0.0000
vn -0.8699 -0.4932 -0.0000
vn 0.5209 0.8536 -0.0000
vn 0.5210 0.8536 -0.0000
vn 0.9748 -0.2232 -0.0000
vn -0.9360 -0.3519 -0.0000
vn 0.9654 -0.2608 -0.0000
vn -0.5770 0.8167 -0.0000
vn -0.9550 0.2966 -0.0000
vn -0.8980 0.4399 -0.0000
vn -0.8535 0.5211 -0.0000
vn 0.5797 0.8148 -0.0000
vn 0.8822 -0.4709 -0.0000
vn 0.9217 0.3880 0.0002
vn 0.8363 0.5483 0.0004
vn 0.8369 0.5473 -0.0004
vn -0.5771 0.8167 -0.0000
vn -0.6284 0.7779 0.0001
vn -0.9367 0.3502 -0.0000
vn -0.9772 -0.2124 0.0001
vn -0.9606 -0.2781 -0.0000
vn 0.8752 -0.4838 -0.0000
vn 0.8751 -0.4839 -0.0000
vn -0.9754 -0.2204 -0.0000
vn -0.9530 -0.3031 -0.0000
vn -0.8008 0.5990 -0.0000
vn 0.6358 0.7718 -0.0004
vn 0.6360 0.7717 -0.0000
vn -0.6287 0.7776 -0.0000
vn -0.6826 0.7308 -0.0000
vn -0.1886 0.9821 -0.0000
vn -0.1110 0.9938 -0.0000
vn 0.9596 -0.2812 -0.0000
vn 0.9597 -0.2812 -0.0000
vn 0.7736 0.6337 -0.0000
vn -0.9128 0.4084 -0.0000
vn -0.7291 0.6844 -0.0000
vn 0.6974 0.7167 -0.0000
vn 0.0681 0.9977 -0.0000
vn 0.1579 0.9875 -0.0000
vn -0.0538 0.9986 -0.0000
vn -0.6827 0.7307 -0.0000
vn -0.7395 0.6731 -0.0000
vn -0.1592 0.9873 -0.0000
vn -0.0684 0.9977 0.0003
vn -0.1589 0.9873 -0.0002
vn 0.8715 0.4904 -0.0000
vn 0.8715 0.4903 -0.0000
vn 0.9437 -0.3308 -0.0000
vn -0.8820 0.4712 -0.0000
vn 0.0562 0.9984 -0.0005
vn 0.1308 0.9914 -0.0000
vn 0.0566 0.9984 -0.0000
vn -0.9364 -0.3511 -0.0000
vn 0.7590 0.6511 -0.0000
vn 0.8429 -0.5380 -0.0000
vn 0.0013 1.0000 0.0003
vn -0.7929 0.6093 -0.0000
vn -0.0005 1.0000 -0.0000
vn 0.9398 -0.3417 -0.0000
vn -0.0688 0.9976 -0.0000
vn -0.8316 0.5554 -0.0000
vn 0.8130 0.5822 -0.0000
vn -0.8397 0.5431 -0.0000
vn -0.9179 -0.3968 -0.0000
vn -0.9038 -0.4280 -0.0000
vn 0.8265 -0.5629 -0.0000
vn 0.8265 -0.5630 -0.0000
vn 0.7953 -0.6062 -0.0000
vn -0.8135 -0.5815 -0.0000
vn 0.8608 0.5089 -0.0000
vn -0.7583 -0.6519 -0.0000
vn 0.7866 0.6175 -0.0000
vn -0.8795 0.4759 -0.0000
vn 0.7701 -0.6380 -0.0000
vn 0.7700 -0.6380 -0.0000
vn 0.8744 -0.4851 -0.0000
vn 0.7384 -0.6744 -0.0000
vn 0.9144 -0.4049 -0.0000
vn -0.7607 -0.6491 -0.0000
vn -0.7583 -0.6518 -0.0000
vn -0.7087 -0.7055 -0.0000
vn -0.8631 -0.5050 -0.0000
vn -0.8702 -0.4927 -0.0000
vn -0.2049 0.9788 -0.0000
vn -0.1114 0.9938 -0.0000
vn 0.9010 0.4339 -0.0000
vn 0.7036 -0.7106 -0.0000
vn 0.6764 -0.7365 -0.0000
vn -0.7608 -0.6490 -0.0000
vn -0.7070 -0.7072 -0.0000
vn 0.0935 -0.9956 -0.0005
vn 0.0004 -1.0000 -0.0003
vn 0.0930 -0.9957 0.0004
vn -0.7088 -0.7055 -0.0000
vn -0.6593 -0.7519 -0.0000
vn 0.8823 -0.4707 -0.0000
vn -0.0540 0.9985 -0.0000
vn 0.0015 -1.0000 0.0003
vn -0.0585 -0.9983 0.0005
vn -0.7071 -0.7072 -0.0000
vn -0.6499 -0.7600 -0.0000
vn -0.0579 -0.9983 -0.0006
vn -0.1366 -0.9906 -0.0004
vn 0.6215 -0.7834 -0.0000
vn 0.0561 0.9984 -0.0002
vn 0.1309 0.9914 -0.0004
vn 0.0563 0.9984 -0.0000
vn -0.6049 -0.7963 -0.0000
vn 0.6378 -0.7702 -0.0000
vn 0.0008 1.0000 -0.0000
vn -0.8140 -0.5808 -0.0000
vn 0.5797 -0.8149 -0.0000
vn 0.5797 -0.8148 -0.0000
vn -0.9126 0.4089 -0.0000
vn 0.5721 -0.8202 -0.0000
vn -0.5878 -0.8090 -0.0000
vn -0.5447 -0.8386 -0.0000
vn 0.9330 0.3599 -0.0000
vn 0.0676 0.9977 0.0003
vn 0.1576 0.9875 -0.0000
vn 0.0680 0.9977 -0.0000
vn -0.1605 0.9870 0.0002
vn -0.0694 0.9976 -0.0000
vn -0.1600 0.9871 -0.0002
vn 0.5198 -0.8543 -0.0000
vn 0.8259 -0.5639 -0.0000
vn 0.5191 -0.8547 -0.0000
vn -0.5875 -0.8092 0.0002
vn -0.5233 -0.8522 -0.0000
vn -0.8154 -0.5789 -0.0000
vn -0.5447 -0.8387 -0.0000
vn -0.4807 -0.8769 -0.0000
vn 0.8427 -0.5384 -0.0000
vn 0.8426 -0.5385 -0.0000
vn 0.9572 0.2893 -0.0000
vn 0.4588 -0.8886 -0.0000
vn 0.4587 -0.8886 -0.0000
vn 0.7694 -0.6388 -0.0000
vn -0.9128 0.4085 0.0002
vn -0.9392 0.3433 -0.0000
vn 0.4627 -0.8865 -0.0000
vn 0.4626 -0.8865 -0.0000
vn -0.0007 1.0000 -0.0000
vn -0.5231 -0.8522 -0.0003
vn -0.4577 -0.8891 -0.0000
vn -0.7633 -0.6460 -0.0000
vn -0.4133 -0.9106 -0.0000
vn 0.7030 -0.7112 -0.0000
vn 0.8014 -0.5981 0.0002
vn 0.7175 -0.6966 -0.0000
vn 0.8010 -0.5987 -0.0002
vn 0.4038 -0.9149 -0.0000
vn 0.4037 -0.9149 -0.0000
vn -0.3927 -0.9197 -0.0000
vn -0.7069 -0.7073 -0.0000
vn -0.7495 -0.6620 -0.0000
vn -0.8212 -0.5707 -0.0000
vn -0.4134 -0.9106 -0.0000
vn -0.3433 -0.9392 -0.0000
vn 0.7946 -0.6072 -0.0000
vn 0.7945 -0.6072 -0.0000
vn -0.8140 -0.5809 -0.0000
vn -0.7068 -0.7074 -0.0004
vn -0.6469 -0.7626 -0.0000
vn 0.3362 -0.9418 -0.0000
vn 0.9746 0.2242 -0.0000
vn 0.3436 -0.9391 -0.0000
vn -0.3285 -0.9445 -0.0000
vn -0.9392 0.3434 -0.0000
vn -0.9602 0.2792 -0.0000
vn 0.7372 -0.6757 -0.0000
vn 0.2829 -0.9591 -0.0000
vn -0.7583 -0.6520 -0.0000
vn -0.2728 -0.9621 -0.0000
vn 0.2758 -0.9612 -0.0000
vn 0.5803 -0.8144 -0.0000
vn -0.2664 -0.9639 -0.0000
vn -0.5854 -0.8107 -0.0000
vn -0.8209 -0.5710 -0.0003
vn -0.8655 -0.5009 -0.0003
vn 0.6751 -0.7377 -0.0000
vn 0.6748 -0.7380 -0.0002
vn 0.2226 -0.9749 -0.0000
vn -0.2019 -0.9794 -0.0000
vn 0.2167 -0.9762 -0.0000
vn 0.5203 -0.8540 -0.0000
vn -0.2658 -0.9640 -0.0001
vn -0.2071 -0.9783 -0.0000
vn -0.5210 -0.8535 -0.0000
vn -0.8652 -0.5015 0.0002
vn -0.9031 -0.4294 -0.0000
vn 0.6206 -0.7841 -0.0000
vn 0.6203 -0.7844 0.0001
vn 0.1635 -0.9865 -0.0000
vn -0.6594 -0.7518 -0.0000
vn -0.6047 -0.7965 -0.0000
vn -0.1321 -0.9912 -0.0000
vn 0.1595 -0.9872 -0.0000
vn 0.1596 -0.9872 -0.0000
vn 0.4592 -0.8883 -0.0000
vn 0.9168 -0.3994 -0.0000
vn -0.1508 -0.9886 -0.0000
vn -0.5209 -0.8536 -0.0003
vn -0.4561 -0.8899 -0.0000
vn 0.5717 -0.8204 -0.0000
vn 0.5717 -0.8205 -0.0000
vn 0.1066 -0.9943 -0.0000
vn -0.5445 -0.8387 -0.0000
vn -0.9761 0.2174 -0.0000
vn -0.1322 -0.9912 -0.0000
vn -0.0649 -0.9979 -0.0000
vn 0.1043 -0.9945 -0.0000
vn 0.3979 -0.9174 -0.0000
vn -0.3916 -0.9201 -0.0000
vn -0.9340 -0.3574 -0.0003
vn 0.5195 -0.8544 0.0002
vn 0.5193 -0.8546 -0.0000
vn 0.0520 -0.9986 -0.0000
vn -0.5443 -0.8389 -0.0004
vn -0.4804 -0.8771 -0.0000
vn -0.0034 -1.0000 -0.0000
vn 0.0510 -0.9987 -0.0000
vn 0.3369 -0.9415 -0.0000
vn 0.9416 -0.3369 -0.0000
vn -0.3278 -0.9448 -0.0000
vn -0.9336 -0.3582 0.0004
vn -0.9574 -0.2887 0.0004
vn 0.4634 -0.8862 -0.0000
vn 0.4631 -0.8863 0.0004
vn -0.4130 -0.9107 -0.0000
vn 0.0010 -1.0000 -0.0000
vn 0.2763 -0.9611 -0.0000
vn 0.9607 -0.2777 -0.0000
vn 0.9606 -0.2780 0.0003
vn 0.4045 -0.9145 -0.0000
vn -0.4131 -0.9107 -0.0000
vn -0.3430 -0.9393 -0.0000
vn -0.9873 0.1589 -0.0000
vn 0.2170 -0.9762 -0.0000
vn -0.2068 -0.9784 -0.0000
vn -0.9574 -0.2889 -0.0000
vn -0.9741 -0.2263 -0.0000
vn 0.3445 -0.9388 -0.0000
vn 0.2838 -0.9589 -0.0000
vn 0.1598 -0.9872 -0.0000
vn 0.9750 -0.2224 -0.0000
vn -0.2724 -0.9622 -0.0000
vn -0.9855 -0.1697 -0.0000
vn 0.2232 -0.9748 -0.0000
vn 0.1044 -0.9945 -0.0000
vn 0.9976 0.0698 -0.0000
vn 0.9976 0.0697 -0.0000
vn -0.2016 -0.9795 -0.0000
vn 0.9854 -0.1702 -0.0000
vn 0.9854 -0.1703 -0.0000
vn -0.9946 0.1033 -0.0000
vn 0.1639 -0.9865 -0.0000
vn -0.1319 -0.9913 -0.0000
vn -0.9855 -0.1698 -0.0000
vn -0.9926 -0.1212 -0.0000
vn 0.1069 -0.9943 -0.0000
vn 0.9925 -0.1224 -0.0000
vn 0.9925 -0.1225 -0.0000
vn -0.0647 -0.9979 -0.0000
vn -0.0032 1.0000 -0.0000
vn -0.9926 -0.1216 -0.0003
vn -0.9967 -0.0808 -0.0000
vn 0.0519 0.9987 -0.0000
vn 0.9995 0.0322 -0.0000
vn 0.9366 0.3504 -0.0000
vn -0.0033 -1.0000 -0.0000
vn 0.1074 0.9942 -0.0000
vn -0.9947 0.1033 -0.0000
vn -0.9987 0.0505 -0.0000
vn -0.9967 -0.0810 -0.0000
vn -0.9989 -0.0470 -0.0000
vn -0.1996 0.9799 -0.0000
vn -0.9353 -0.3538 -0.0000
vn 0.2287 0.9735 -0.0000
vn -0.9998 -0.0207 -0.0000
vn -0.2705 0.9627 -0.0000
vn 0.9999 0.0151 -0.0000
vn -0.2709 0.9626 -0.0003
vn -0.3410 0.9401 -0.0000
vn -0.0012 1.0000 -0.0000
vn -0.0549 0.9985 -0.0000
vn 0.3575 0.9339 -0.0000
vn -0.9998 -0.0206 -0.0000
vn -0.4104 0.9119 0.0002
vn 0.0503 0.9987 -0.0000
vn -0.1112 0.9938 -0.0000
vn 0.9994 0.0357 -0.0000
vn 0.4218 0.9067 -0.0000
vn -1.0000 0.0024 -0.0000
vn -0.9990 -0.0449 -0.0000
vn -0.4788 0.8779 -0.0000
vn -0.1690 0.9856 -0.0000
vn 0.4841 0.8750 -0.0000
vn 0.5435 0.8394 -0.0000
vn -0.5432 0.8396 -0.0000
vn 0.2154 0.9765 -0.0000
vn 0.2153 0.9765 -0.0000
vn 0.5981 0.8014 -0.0000
vn 0.7569 0.6536 -0.0000
vn -0.6032 0.7976 -0.0000
vn -0.7582 0.6521 -0.0000
vn 0.2753 0.9613 -0.0000
vn 0.2753 0.9614 -0.0000
vn 0.6474 0.7621 -0.0000
vn -0.3482 0.9374 -0.0000
vn 0.8083 0.5888 -0.0000
vn -0.6584 0.7527 -0.0000
vn -0.7581 0.6521 -0.0000
vn -0.8150 0.5794 -0.0000
vn 0.3363 0.9417 -0.0000
vn 0.3366 0.9416 -0.0002
vn 0.7000 0.7142 -0.0000
vn -0.4072 0.9134 0.0001
vn 0.8522 0.5233 -0.0000
vn 0.8522 0.5232 -0.0000
vn -0.7085 0.7057 -0.0000
vn 0.9963 0.0865 -0.0000
vn 0.9963 0.0864 -0.0000
vn -0.8710 0.4912 -0.0000
vn -0.9948 -0.1018 -0.0000
vn 0.3983 0.9173 -0.0000
vn 0.3982 0.9173 -0.0000
vn 0.7567 0.6538 -0.0000
vn -0.4075 0.9132 -0.0000
vn -0.4659 0.8849 -0.0000
vn -0.7585 0.6517 -0.0000
vn 0.9874 0.1584 -0.0000
vn 0.8885 0.4588 -0.0000
vn 0.4605 0.8877 -0.0000
vn 0.9671 0.2544 -0.0000
vn -0.4658 0.8849 -0.0000
vn -0.5229 0.8524 -0.0000
vn -0.9846 -0.1745 -0.0000
vn 0.0679 -0.9977 -0.0005
vn 0.0673 -0.9977 0.0005
vn -0.0004 -1.0000 0.0001
vn -0.0704 -0.9975 -0.0000
vn 0.5219 0.8530 -0.0000
vn 0.9279 0.3728 -0.0000
vn -0.0702 -0.9975 -0.0003
vn -0.1604 -0.9871 -0.0000
vn 0.8520 0.5235 -0.0000
vn -0.5228 0.8524 -0.0000
vn -0.5773 0.8166 -0.0000
vn 0.8646 0.5025 -0.0000
vn 0.8645 0.5026 -0.0000
vn -0.9644 -0.2645 -0.0000
vn 0.1567 -0.9877 0.0002
vn 0.1561 -0.9877 -0.0002
vn 0.5815 0.8135 -0.0000
vn -0.5772 0.8166 -0.0000
vn 0.7781 0.6281 -0.0000
vn 0.8883 0.4593 -0.0000
vn 0.9183 0.3959 -0.0000
vn 0.6388 0.7694 -0.0000
vn 0.6791 0.7340 -0.0000
vn -0.9186 0.3952 -0.0000
vn 0.0682 -0.9977 -0.0004
vn -0.6287 0.7777 -0.0000
vn 0.5833 0.8123 -0.0000
vn 0.6982 0.7159 -0.0000
vn 0.5012 0.8653 -0.0000
vn 0.9423 0.3348 -0.0000
vn 0.1576 -0.9875 -0.0000
vn 0.1567 -0.9876 -0.0002
vn 0.7577 0.6526 -0.0000
vn 0.7577 0.6525 -0.0000
vn 0.4374 0.8993 -0.0000
vn 0.4373 0.8993 -0.0000
vn -0.9533 0.3020 -0.0000
vn -0.7931 0.6091 -0.0000
vn 0.9182 0.3962 -0.0000
vn -0.0641 0.9979 -0.0000
vn -0.7721 -0.6355 0.0002
vn -0.8294 -0.5586 -0.0000
vn -0.7723 -0.6353 -0.0000
vn -0.9178 0.3969 -0.0000
vn 0.8119 0.5838 -0.0000
vn 0.3953 0.9185 -0.0000
vn -0.7933 0.6089 -0.0004
vn -0.8398 0.5429 -0.0000
vn 0.0640 0.9979 -0.0000
vn -0.1314 0.9913 -0.0000
vn 0.9611 0.2761 -0.0000
vn 0.3798 0.9251 -0.0000
vn 0.3800 0.9250 -0.0000
vn 0.8599 0.5104 -0.0000
vn -0.8730 -0.4878 -0.0000
vn 0.1312 0.9914 -0.0000
vn -0.7989 -0.6015 -0.0000
vn -0.2007 0.9797 -0.0000
vn 0.9231 -0.3846 -0.0000
vn 0.8642 -0.5032 -0.0000
vn -0.9528 0.3035 -0.0000
vn -0.9756 0.2196 -0.0000
vn 0.2004 0.9797 -0.0000
vn -0.2006 0.9797 -0.0000
vn -0.2717 0.9624 -0.0000
vn -0.8730 -0.4877 -0.0000
vn -0.9077 -0.4197 -0.0000
vn -0.7734 -0.6339 -0.0000
vn -0.8289 -0.5594 -0.0000
vn 0.0160 -0.9999 -0.0000
vn -0.0580 -0.9983 0.0005
vn 0.3802 0.9249 -0.0000
vn 0.3803 0.9248 -0.0000
vn 0.3804 0.9248 -0.0000
vn 0.2713 0.9625 -0.0000
vn 0.9755 0.2200 -0.0003
vn 0.9757 0.2193 0.0003
vn -0.0574 -0.9984 -0.0006
vn -0.1518 -0.9884 -0.0000
vn -0.7092 -0.7050 -0.0000
vn -0.3432 0.9393 -0.0000
vn -0.9077 -0.4196 -0.0000
vn -0.9344 -0.3563 0.0003
vn 0.8724 -0.4888 -0.0000
vn 0.7857 -0.6186 -0.0000
vn -0.8727 -0.4882 -0.0000
vn 0.3798 0.9251 0.0005
vn 0.3796 0.9251 -0.0000
vn 0.3428 0.9394 -0.0000
vn 0.9566 -0.2914 -0.0000
vn -0.3431 0.9393 -0.0000
vn -0.4127 0.9109 -0.0000
vn -0.9343 -0.3564 -0.0000
vn -0.9544 -0.2986 -0.0000
vn 0.3798 0.9251 0.0003
vn 0.9327 0.3607 -0.0000
vn 0.4124 0.9110 -0.0000
vn 0.9861 0.1662 0.0002
vn 0.9862 0.1658 -0.0000
vn -0.6144 -0.7890 -0.0000
vn -0.4796 0.8775 -0.0000
vn -0.9692 -0.2461 -0.0000
vn -0.8725 -0.4886 -0.0000
vn -0.9072 -0.4206 -0.0000
vn -0.9884 0.1522 -0.0000
vn 0.4794 0.8776 -0.0000
vn 0.9755 0.2200 -0.0000
vn 0.4568 0.8896 -0.0000
vn 0.3973 0.9177 -0.0000
vn 0.4568 0.8895 -0.0000
vn -0.5427 0.8399 -0.0000
vn -0.9341 -0.3569 -0.0000
vn -0.5248 -0.8512 -0.0000
vn 0.9771 -0.2129 0.0002
vn 0.9770 -0.2131 -0.0000
vn -0.9801 -0.1987 -0.0002
vn 0.5425 0.8400 -0.0000
vn 0.9558 -0.2939 -0.0000
vn 0.5466 0.8374 -0.0000
vn -0.6010 0.7993 -0.0000
vn -0.4474 -0.8943 -0.0000
vn 0.7311 -0.6823 -0.0000
vn -0.9875 -0.1574 -0.0000
vn -0.7624 -0.6471 0.0003
vn -0.8209 -0.5711 -0.0000
vn -0.7627 -0.6468 -0.0000
vn 0.6010 0.7993 -0.0000
vn 0.6450 0.7642 -0.0000
vn -0.6009 0.7993 -0.0000
vn -0.6538 0.7567 -0.0000
vn -0.3947 -0.9188 -0.0000
vn 0.9885 -0.1512 -0.0000
vn -0.9926 -0.1213 -0.0000
vn 0.6539 0.7566 -0.0000
vn 0.7431 0.6692 -0.0000
vn -0.6537 0.7567 -0.0000
vn -0.7009 0.7132 -0.0000
vn -0.9949 0.1005 -0.0000
vn -0.3767 -0.9263 -0.0000
vn -0.3766 -0.9264 -0.0000
vn -0.3768 -0.9263 -0.0000
vn -0.9691 -0.2465 -0.0005
vn -0.9803 -0.1977 -0.0002
vn -0.8208 -0.5712 -0.0003
vn -0.8650 -0.5018 -0.0003
vn 0.7011 0.7130 -0.0000
vn 0.7011 0.7131 -0.0000
vn 0.9979 0.0649 -0.0000
vn -0.7496 0.6619 -0.0000
vn -0.9960 -0.0892 -0.0000
vn 0.9935 0.1141 -0.0001
vn -0.9802 -0.1982 0.0002
vn -0.9879 -0.1553 -0.0000
vn -0.8648 -0.5022 -0.0000
vn -0.9029 -0.4298 -0.0000
vn 0.8301 0.5577 -0.0000
vn 0.8300 0.5577 -0.0000
vn 0.7498 0.6617 -0.0000
vn 0.9946 -0.1041 -0.0000
vn -0.8084 0.5886 -0.0000
vn -0.9960 -0.0897 0.0003
vn -0.9981 -0.0619 0.0003
vn -0.9878 -0.1555 -0.0004
vn -0.9931 -0.1176 -0.0000
vn 0.8082 0.5889 -0.0000
vn 0.9992 0.0408 -0.0000
vn 0.9992 0.0407 -0.0000
vn 0.9861 0.1662 -0.0000
vn -0.3770 -0.9262 -0.0000
vn -0.9980 -0.0626 -0.0005
vn -0.9988 -0.0498 -0.0000
vn 0.8683 0.4960 -0.0000
vn -0.8684 0.4959 -0.0000
vn -0.9980 0.0628 -0.0000
vn -0.9028 -0.4300 -0.0000
vn -0.9335 -0.3587 -0.0000
vn 0.8982 0.4395 -0.0000
vn -0.9965 -0.0839 -0.0000
vn 0.9415 -0.3370 -0.0000
vn -0.9334 -0.3588 -0.0000
vn -0.9571 -0.2896 -0.0002
vn 0.0677 -0.9977 -0.0000
vn -0.2899 -0.9570 -0.0000
vn -0.0682 -0.9977 -0.0000
vn -0.9985 -0.0547 -0.0000
vn 0.3822 -0.9241 -0.0000
vn 0.3823 -0.9241 -0.0000
vn -0.4364 -0.8998 -0.0000
vn -0.3910 -0.9204 0.0002
vn -0.4386 -0.8987 0.0003
vn -0.3915 -0.9202 -0.0003
vn 0.1383 -0.9904 -0.0000
vn 0.5597 -0.8287 -0.0000
vn -0.1403 -0.9901 -0.0000
vn -0.5718 -0.8204 -0.0000
vn -0.9985 -0.0549 0.0002
vn -0.9992 -0.0407 0.0003
vn 0.9451 0.3269 -0.0000
vn 0.9451 0.3268 -0.0000
vn -0.5717 -0.8204 -0.0000
vn -0.6896 -0.7242 -0.0000
vn -0.9980 0.0633 -0.0000
vn -0.9570 -0.2900 -0.0000
vn -0.9740 -0.2264 -0.0000
vn -0.4384 -0.8988 -0.0000
vn -0.5123 -0.8588 -0.0000
vn 0.2311 -0.9729 -0.0000
vn 0.2307 -0.9730 -0.0000
vn 0.6969 -0.7171 -0.0000
vn -0.2349 -0.9720 -0.0000
vn 0.7975 -0.6033 -0.0000
vn -0.5120 -0.8590 -0.0000
vn -0.6036 -0.7973 -0.0000
vn 0.9177 0.3972 -0.0000
vn -0.9854 -0.1703 -0.0000
vn -0.9177 0.3972 -0.0000
vn 0.9971 -0.0757 -0.0000
vn 0.9971 -0.0758 -0.0000
vn 0.9736 0.2281 -0.0000
vn 0.9737 0.2280 -0.0000
vn -0.7051 -0.7091 -0.0000
vn 0.9976 -0.0693 -0.0000
vn -0.7051 -0.7092 -0.0000
vn -0.8030 -0.5959 -0.0000
vn 0.9853 -0.1707 -0.0000
vn 0.9853 -0.1708 -0.0000
vn 0.9990 -0.0441 -0.0000
vn -0.8030 -0.5960 -0.0000
vn -0.8836 -0.4683 -0.0000
vn -0.9993 0.0361 -0.0000
vn -0.9854 -0.1702 -0.0000
vn -0.9926 -0.1218 -0.0000
vn 0.9529 0.3031 -0.0000
vn 0.9530 0.3031 -0.0000
vn 0.9892 0.1469 -0.0000
vn 0.9997 -0.0261 -0.0000
vn -0.9395 -0.3425 -0.0000
vn -0.9993 0.0362 -0.0000
vn -0.9998 0.0217 -0.0000
vn 0.9924 -0.1229 -0.0000
vn -0.8314 0.5556 -0.0000
vn -0.7466 0.6653 -0.0000
vn -0.9967 -0.0809 -0.0000
vn 0.6401 0.7683 -0.0000
vn -0.7465 0.6653 -0.0000
vn -0.6333 0.7739 -0.0000
vn 0.9999 -0.0138 0.0024
vn 0.9999 -0.0138 -0.0025
vn 0.7977 -0.6031 -0.0000
vn -0.4875 0.8731 0.0004
vn -0.9999 0.0147 -0.0000
vn 0.9965 0.0838 -0.0000
vn -0.7993 -0.6010 -0.0000
vn -0.8696 -0.4937 -0.0000
vn -0.7993 -0.6009 -0.0000
vn 0.4566 0.8897 -0.0000
vn 0.9975 -0.0703 -0.0000
vn 0.2889 0.9574 -0.0000
vn -0.4878 0.8730 -0.0000
vn -0.3080 0.9514 -0.0000
vn 1.0000 -0.0056 0.0015
vn 1.0000 -0.0056 -0.0016
vn 0.9990 -0.0449 -0.0000
vn 0.9753 0.2209 -0.0000
vn -0.9993 0.0365 -0.0000
vn 0.9993 0.0362 -0.0002
vn -0.9531 0.3026 0.0001
vn -0.9753 0.2209 -0.0000
vn -0.9989 -0.0475 -0.0000
vn 0.1421 -0.9899 -0.0000
vn 1.0000 -0.0000 0.0011
vn 1.0000 -0.0000 -0.0011
vn 0.9996 -0.0269 -0.0000
vn 0.9223 -0.3864 -0.0004
vn 0.9223 -0.3866 -0.0000
vn -1.0000 -0.0050 -0.0000
vn -0.9194 -0.3933 -0.0000
vn 0.3231 -0.9464 -0.0000
vn -0.9998 -0.0210 -0.0000
vn -0.1517 -0.9884 -0.0000
vn -0.3247 -0.9458 -0.0000
vn 0.4994 -0.8664 -0.0000
vn 0.4992 -0.8665 0.0004
vn 1.0000 0.0050 0.0018
vn 1.0000 0.0062 -0.0018
vn 0.9999 -0.0143 0.0025
vn 0.9999 -0.0143 -0.0025
vn 0.9561 -0.2930 -0.0000
vn -0.5192 -0.8547 -0.0000
vn -0.9537 -0.3009 -0.0000
vn 0.6303 -0.7763 -0.0000
vn 0.6303 -0.7764 -0.0000
vn 0.9999 0.0138 0.0025
vn 0.9999 0.0138 -0.0025
vn -1.0000 0.0020 -0.0000
vn -0.6671 -0.7450 -0.0000
vn -0.9999 -0.0146 -0.0000
vn -0.6670 -0.7450 -0.0000
vn 1.0000 -0.0057 -0.0018
vn -0.9998 0.0186 -0.0000
vn 0.9880 0.1541 -0.0000
vn -0.9881 0.1540 -0.0000
vn 0.9997 0.0261 -0.0000
vn -0.9998 -0.0211 -0.0000
vn -1.0000 -0.0094 -0.0000
vn -0.9999 -0.0131 -0.0000
vn -0.9996 -0.0283 -0.0000
vn 0.3955 0.9185 -0.0000
vn -0.9998 -0.0217 -0.0000
vn 0.9768 -0.2141 -0.0000
vn 0.3963 0.9181 -0.0000
vn 0.3962 0.9181 -0.0000
vn 0.9994 0.0356 -0.0000
vn -0.9750 -0.2224 -0.0000
vn 0.4557 0.8901 -0.0000
vn 0.9990 0.0441 -0.0000
vn -1.0000 0.0021 -0.0000
vn -0.3948 -0.9188 -0.0000
vn -0.9980 -0.0628 -0.0000
vn -0.3919 -0.9200 -0.0000
vn 1.0000 0.0051 0.0018
vn 1.0000 0.0063 -0.0020
vn 0.9884 -0.1517 -0.0000
vn -0.9872 -0.1596 -0.0000
vn 0.9976 0.0693 -0.0000
vn 0.9999 0.0143 0.0025
vn 0.9999 0.0143 -0.0025
vn -0.7887 0.6148 -0.0000
vn -0.6748 0.7380 -0.0000
vn -0.9949 -0.1005 -0.0000
vn -0.9998 -0.0184 -0.0000
vn 0.9947 0.1029 -0.0000
vn -0.9947 0.1029 -0.0000
vn 0.6668 0.7453 -0.0000
vn 0.7762 0.6305 -0.0000
vn 0.6668 0.7452 -0.0000
vn 0.9946 0.1042 -0.0000
vn 0.9996 0.0269 -0.0000
vn -0.5198 0.8543 -0.0000
vn -0.9986 0.0526 -0.0000
vn -0.9977 0.0674 -0.0000
vn -0.9986 0.0531 -0.0000
vn 0.9945 -0.1045 -0.0000
vn 0.5112 0.8594 -0.0000
vn -0.9872 -0.1595 -0.0000
vn -0.9938 -0.1115 -0.0000
vn -0.3546 0.9350 -0.0000
vn 0.3660 0.9306 -0.0000
vn -0.9998 0.0187 -0.0000
vn -0.9991 0.0428 -0.0000
vn 0.9885 0.1514 -0.0000
vn 0.9885 0.1513 -0.0000
vn -0.9979 0.0652 -0.0000
vn 0.2388 0.9711 -0.0000
vn -0.9883 -0.1522 -0.0000
vn 0.9975 0.0704 -0.0000
vn 0.9955 0.0951 -0.0000
vn 0.1304 0.9915 -0.0000
vn -0.9978 0.0669 -0.0001
vn -0.9952 0.0976 -0.0000
vn 0.9976 -0.0696 -0.0000
vn -0.1795 -0.9837 -0.0000
vn -0.3635 -0.9316 -0.0000
vn 0.9983 -0.0587 -0.0000
vn -0.9972 -0.0754 -0.0000
vn -0.9981 -0.0620 -0.0000
vn -0.9991 0.0435 -0.0000
vn -0.9983 0.0589 -0.0000
vn 0.3811 -0.9245 -0.0000
vn -0.9914 0.1309 -0.0000
vn -0.9991 0.0426 0.0002
vn -0.9973 0.0738 -0.0000
vn 0.9990 -0.0442 -0.0000
vn -0.5526 -0.8334 -0.0000
vn -0.9988 -0.0489 -0.0000
vn 0.5582 -0.8297 -0.0000
vn 0.9873 0.1587 -0.0000
vn 0.9770 0.2133 -0.0000
vn -0.6842 -0.7293 0.0004
vn -0.9859 0.1673 -0.0000
vn 0.9670 0.2547 -0.0000
vn -0.9973 0.0739 -0.0000
vn -0.9936 0.1131 -0.0000
vn 0.9993 0.0382 -0.0000
vn 0.6960 -0.7180 -0.0000
vn 0.6960 -0.7181 -0.0000
vn -0.9847 -0.1744 -0.0000
vn -0.9993 0.0381 -0.0000
vn -0.6840 -0.7295 -0.0000
vn 0.9952 -0.0975 -0.0000
vn -0.0003 -1.0000 -0.0000
vn -0.9756 -0.2197 -0.0000
vn -0.9959 0.0907 -0.0000
vn 0.9279 0.3727 -0.0000
vn 0.9997 -0.0264 -0.0000
vn -0.8316 0.5553 -0.0000
vn -0.7306 0.6828 -0.0000
vn -0.9996 -0.0297 -0.0000
vn 0.6389 0.7693 -0.0000
vn -0.9783 0.2071 -0.0000
vn 0.8643 0.5030 -0.0003
vn 0.8644 0.5029 -0.0000
vn -0.9946 -0.1034 -0.0000
vn -0.7307 0.6827 -0.0000
vn -0.5839 0.8118 -0.0000
vn 0.9932 -0.1160 -0.0000
vn -0.9643 -0.2647 -0.0000
vn 0.4551 0.8904 -0.0000
vn -0.9921 0.1257 -0.0000
vn -0.9867 0.1623 -0.0000
vn 0.9998 0.0196 -0.0000
vn -0.4358 0.9001 -0.0000
vn 0.9565 0.2916 -0.0000
vn 0.9565 0.2917 -0.0000
vn -0.9998 0.0197 -0.0000
vn -0.9681 0.2506 -0.0000
vn 0.7779 0.6284 -0.0000
vn -0.2906 0.9569 -0.0000
vn 0.9766 0.2153 -0.0000
vn 0.9844 0.1761 -0.0000
vn 0.2880 0.9576 -0.0000
vn 0.9999 -0.0139 0.0025
vn 0.9999 -0.0139 -0.0025
vn 0.9896 -0.1440 -0.0000
vn 0.9896 -0.1439 -0.0000
vn -0.9999 -0.0160 -0.0027
vn -0.9544 0.2986 -0.0000
vn -0.9868 0.1620 -0.0000
vn -0.9755 0.2200 -0.0000
vn 0.9856 -0.1691 -0.0000
vn -0.9289 -0.3704 -0.0000
vn 1.0000 0.0054 -0.0000
vn 0.9228 0.3854 -0.0000
vn -1.0000 0.0100 -0.0000
vn 0.3630 -0.9318 -0.0000
vn -0.9544 0.2987 -0.0000
vn -0.9363 0.3512 -0.0000
vn -0.9789 0.2045 -0.0000
vn -0.9882 -0.1532 -0.0000
vn -0.3891 -0.9212 -0.0000
vn -0.9533 -0.3021 -0.0000
vn -0.9756 0.2197 -0.0004
vn 1.0000 -0.0055 0.0016
vn 1.0000 -0.0055 -0.0015
vn 0.5253 -0.8509 -0.0000
vn 0.9558 0.2941 -0.0000
vn -0.9289 -0.3705 -0.0000
vn -0.8740 -0.4859 -0.0000
vn -0.9999 -0.0160 0.0028
vn -1.0000 -0.0066 -0.0018
vn -0.5691 -0.8222 -0.0000
vn -0.9684 0.2495 -0.0000
vn 0.6821 -0.7312 -0.0000
vn 0.6822 -0.7312 -0.0000
vn 0.9515 0.3075 -0.0000
vn -0.7048 -0.7094 -0.0000
vn -0.9130 0.4079 -0.0000
vn 1.0000 0.0012 -0.0000
vn 1.0000 -0.0012 -0.0000
vn 0.7976 -0.6031 -0.0000
vn 0.9745 -0.2245 -0.0000
vn 0.9801 -0.1983 -0.0000
vn -1.0000 0.0054 -0.0000
vn -1.0000 0.0015 -0.0000
vn -0.9545 0.2983 0.0003
vn -0.9580 0.2867 -0.0000
vn -0.9322 0.3620 -0.0000
vn 0.8639 0.5037 -0.0000
vn 0.3799 0.9250 -0.0000
vn 0.7640 0.6452 -0.0000
vn 0.8629 0.5054 -0.0000
vn -0.8830 0.4694 -0.0000
vn -0.8613 0.5081 -0.0000
vn -0.7680 0.6404 -0.0000
vn -0.8612 0.5082 0.0003
vn 0.9232 0.3843 -0.0000
vn -1.0000 -0.0066 0.0018
vn -1.0000 -0.0005 -0.0016
vn -0.9546 0.2979 -0.0004
vn -0.9360 0.3519 -0.0002
vn -0.7990 -0.6013 -0.0000
vn -0.9774 -0.2112 -0.0000
vn -0.6509 0.7592 -0.0000
vn 0.9396 -0.3423 -0.0000
vn -1.0000 -0.0015 -0.0000
vn -1.0000 -0.0058 -0.0000
vn 0.6413 0.7673 -0.0000
vn -0.8832 0.4691 -0.0001
vn -0.8443 0.5359 -0.0003
vn -0.9322 0.3619 -0.0000
vn -0.8971 0.4419 -0.0000
vn 0.5098 0.8603 -0.0000
vn -0.5011 0.8654 -0.0000
vn -0.9185 -0.3955 -0.0000
vn 1.0000 0.0049 0.0018
vn 1.0000 0.0061 -0.0018
vn 0.3636 0.9315 -0.0000
vn 0.9593 -0.2823 -0.0000
vn 0.3801 0.9250 -0.0000
vn 0.8851 0.4653 -0.0000
vn 0.8852 0.4653 -0.0000
vn -1.0000 0.0005 0.0016
vn -1.0000 0.0066 -0.0019
vn -0.3125 0.9499 -0.0000
vn -0.8447 0.5352 0.0003
vn -0.7819 0.6234 -0.0000
vn -0.9362 0.3514 0.0002
vn -0.9120 0.4101 0.0005
vn 0.2314 0.9729 -0.0000
vn -0.7091 -0.7051 -0.0000
vn -0.8971 0.4417 -0.0000
vn -0.8527 0.5224 -0.0000
vn 1.0000 -0.0054 -0.0000
vn 1.0000 -0.0099 -0.0000
vn -0.1589 0.9873 -0.0000
vn 0.9141 -0.4054 -0.0000
vn 0.8628 0.5056 -0.0000
vn 0.2873 -0.9578 -0.0000
vn -0.9122 0.4097 -0.0004
vn -0.8815 0.4721 -0.0000
vn 0.9999 0.0139 0.0025
vn 0.9999 0.0139 -0.0024
vn -0.2905 -0.9569 -0.0000
vn -0.8709 -0.4915 -0.0000
vn 0.8377 0.5461 -0.0000
vn 0.8377 0.5462 -0.0000
vn -1.0000 0.0066 0.0019
vn -0.9999 0.0160 -0.0028
vn -0.4360 -0.9000 -0.0000
vn -0.9607 -0.2774 -0.0000
vn 0.4538 -0.8911 -0.0000
vn 0.9393 -0.3431 -0.0000
vn -0.5702 -0.8215 -0.0000
vn -0.8421 0.5394 -0.0000
vn -0.6142 -0.7891 -0.0000
vn -0.8527 0.5223 -0.0000
vn -0.7885 0.6150 -0.0000
vn 0.9998 -0.0196 -0.0000
vn 0.6221 -0.7830 -0.0000
vn 0.6218 -0.7832 0.0004
vn -1.0000 -0.0096 -0.0000
vn -0.9998 -0.0197 -0.0000
vn -0.9177 -0.3972 -0.0000
vn -0.6867 -0.7270 -0.0000
vn 0.7743 0.6328 -0.0000
vn 0.7744 0.6328 -0.0000
vn -0.8422 0.5391 -0.0000
vn -0.7822 0.6231 -0.0000
vn 0.9436 -0.3310 -0.0000
vn 0.9997 0.0264 -0.0000
vn 0.7630 -0.6463 -0.0000
vn -0.8149 -0.5796 -0.0000
vn -0.9607 -0.2775 -0.0000
vn -0.9365 -0.3507 -0.0000
vn -0.9999 0.0160 0.0028
vn -0.9996 0.0296 -0.0000
vn 0.5469 0.8372 -0.0000
vn -0.4475 -0.8943 -0.0000
vn -0.0000 -1.0000 -0.0003
vn 0.1386 0.9903 -0.0000
vn 0.2497 0.9683 -0.0000
vn 0.1387 0.9903 -0.0000
vn 0.7514 0.6598 -0.0000
vn -0.9993 -0.0381 -0.0000
vn -0.8700 -0.4931 -0.0000
vn 0.6454 0.7638 -0.0000
vn 0.6455 0.7638 -0.0000
vn -0.6871 0.7265 -0.0000
vn 0.0677 0.9977 -0.0000
vn 0.9136 -0.4067 -0.0000
vn 0.9135 -0.4068 -0.0000
vn -0.1598 0.9871 -0.0000
vn -0.0692 0.9976 -0.0000
vn -0.9364 -0.3508 -0.0000
vn -0.9038 -0.4279 -0.0000
vn 0.9990 0.0442 -0.0000
vn 0.9990 0.0443 -0.0000
vn 0.5926 0.8055 -0.0000
vn -0.9988 0.0489 -0.0000
vn -0.6873 0.7264 -0.0004
vn -0.5706 0.8212 -0.0000
vn 0.8816 -0.4719 -0.0000
vn 0.7437 0.6685 -0.0000
vn 0.8428 -0.5382 -0.0000
vn 0.4177 0.9086 -0.0001
vn 0.4185 0.9082 0.0001
vn 0.9979 -0.0651 -0.0000
vn -0.4357 0.9001 -0.0000
vn 0.8745 -0.4851 -0.0000
vn 0.8744 -0.4852 -0.0000
vn -0.9979 -0.0651 -0.0000
vn -0.2900 0.9570 -0.0000
vn -0.0696 0.9976 -0.0001
vn -0.3767 -0.9264 -0.0000
vn -0.3769 -0.9263 -0.0000
vn -0.8628 -0.5055 -0.0000
vn 0.9976 0.0696 -0.0000
vn 0.2072 -0.9783 -0.0000
vn 0.0777 -0.9970 0.0003
vn 0.1392 0.9903 -0.0000
vn 0.2505 0.9681 -0.0000
vn 0.8307 0.5567 -0.0000
vn -0.9972 0.0754 -0.0000
vn -0.1353 -0.9908 0.0002
vn -0.2532 -0.9674 -0.0000
vn -0.1355 -0.9908 -0.0000
vn 0.7950 -0.6066 -0.0000
vn -0.3769 -0.9262 -0.0000
vn -0.1889 0.9820 -0.0000
vn -0.1110 0.9938 0.0002
vn -0.7574 -0.6530 -0.0000
vn 0.3878 -0.9217 -0.0000
vn -0.0539 0.9985 -0.0000
vn 0.9947 -0.1029 -0.0000
vn -0.1591 0.9873 -0.0000
vn -0.1588 0.9873 -0.0003
vn -0.9979 -0.0652 -0.0000
vn -0.9947 -0.1029 -0.0000
vn -0.3937 -0.9192 -0.0000
vn 0.7380 -0.6747 -0.0000
vn 0.7380 -0.6748 -0.0000
vn 0.5570 -0.8305 -0.0000
vn -0.7056 -0.7086 -0.0000
vn 0.0009 1.0000 -0.0000
vn -0.5356 -0.8445 -0.0000
vn 0.8421 -0.5394 -0.0000
vn 0.9945 0.1045 -0.0000
vn -0.6682 -0.7439 -0.0000
vn 0.8986 0.4388 -0.0000
vn -0.9938 0.1115 -0.0000
vn 0.6756 -0.7372 -0.0000
vn -0.0004 1.0000 -0.0000
vn 0.0712 0.9975 -0.0000
vn 0.6896 -0.7242 -0.0000
vn -0.6568 -0.7540 -0.0000
vn -0.0691 0.9976 -0.0001
vn 0.9884 0.1518 -0.0000
vn 0.8258 -0.5639 -0.0000
vn -0.9872 0.1597 -0.0000
vn -0.8628 -0.5056 -0.0000
vn -0.8149 -0.5797 -0.0000
vn -0.6029 -0.7979 -0.0000
vn 0.7941 -0.6078 -0.0000
vn -0.7574 -0.6529 -0.0000
vn 0.9880 -0.1542 -0.0000
vn -0.3913 -0.9203 0.0004
vn -0.4393 -0.8983 -0.0000
vn -0.7623 -0.6472 -0.0000
vn -0.5433 -0.8396 -0.0000
vn 0.7370 -0.6759 -0.0000
vn -0.7072 -0.7071 -0.0000
vn 0.9768 0.2143 -0.0000
vn -0.5130 -0.8584 -0.0000
vn 0.7034 -0.7108 -0.0000
vn 0.7035 -0.7107 -0.0000
vn -0.9749 0.2226 -0.0000
vn 0.6652 0.7466 -0.0000
vn 0.5189 -0.8548 -0.0000
vn -0.6271 0.7790 -0.0000
vn -0.5433 -0.8395 -0.0000
vn -0.4798 -0.8774 -0.0000
vn 0.6767 -0.7362 -0.0000
vn -0.5129 -0.8584 -0.0000
vn -0.6044 -0.7967 -0.0000
vn 0.5120 0.8590 -0.0000
vn -0.6582 -0.7529 -0.0000
vn -0.6485 -0.7612 -0.0000
vn 0.9753 -0.2210 -0.0000
vn -0.9881 -0.1540 -0.0000
vn -0.9753 -0.2210 -0.0000
vn -0.5036 0.8639 -0.0000
vn 0.4628 -0.8864 -0.0000
vn 0.9739 0.2271 -0.0000
vn -0.3540 0.9353 -0.0000
vn -0.4127 -0.9109 -0.0000
vn 0.6234 -0.7819 -0.0000
vn 0.6380 -0.7700 -0.0000
vn 0.6381 -0.7700 -0.0000
vn 0.3671 0.9302 -0.0000
vn -0.6040 -0.7970 -0.0000
vn 0.9560 0.2933 -0.0000
vn -0.9536 0.3012 -0.0000
vn 0.4042 -0.9147 -0.0000
vn 0.4039 -0.9148 0.0001
vn -0.5867 -0.8098 -0.0000
vn 0.2392 0.9710 -0.0000
vn -0.3429 -0.9394 -0.0000
vn 0.5735 -0.8192 -0.0000
vn -0.8839 -0.4677 -0.0000
vn -0.5442 -0.8390 0.0003
vn 0.9219 0.3873 -0.0000
vn 0.9219 0.3874 -0.0000
vn -0.9191 0.3941 -0.0000
vn 0.2880 -0.9576 -0.0000
vn 0.3444 -0.9388 -0.0000
vn 0.9892 0.1463 -0.0000
vn -0.5226 -0.8526 -0.0000
vn -0.2898 -0.9571 -0.0000
vn 0.4543 -0.8908 -0.0000
vn -0.5437 -0.8393 -0.0004
vn -0.4802 -0.8771 -0.0000
vn 0.9529 -0.3033 -0.0000
vn -0.4363 -0.8998 -0.0000
vn -0.2725 -0.9622 -0.0000
vn -0.9396 -0.3423 -0.0000
vn -0.9727 -0.2322 -0.0000
vn -0.9529 -0.3031 -0.0000
vn -0.4574 -0.8893 -0.0000
vn 0.6365 -0.7713 -0.0000
vn 0.4632 -0.8863 0.0003
vn -0.5715 -0.8206 0.0002
vn -0.6893 -0.7245 -0.0000
vn -0.4132 -0.9106 -0.0000
vn 0.9965 0.0832 -0.0000
vn -0.2018 -0.9794 -0.0000
vn -0.9726 -0.2323 -0.0000
vn 0.3975 -0.9176 -0.0000
vn -0.3925 -0.9197 -0.0000
vn 0.4044 -0.9146 -0.0000
vn 0.9176 -0.3974 -0.0000
vn 0.9176 -0.3975 -0.0000
vn 0.1640 -0.9865 -0.0000
vn -0.3432 -0.9392 -0.0000
vn 0.3365 -0.9417 -0.0000
vn 0.7632 0.6462 -0.0000
vn -0.6756 0.7373 -0.0000
vn 0.3440 -0.9390 -0.0000
vn -0.9995 -0.0329 -0.0000
vn 0.1070 -0.9943 -0.0000
vn 0.6241 0.7813 -0.0000
vn 0.2831 -0.9591 -0.0000
vn 0.2762 -0.9611 -0.0000
vn -0.5044 0.8635 -0.0000
vn -0.3432 -0.9393 -0.0000
vn -0.2727 -0.9621 -0.0000
vn -0.2663 -0.9639 -0.0000
vn 0.8682 -0.4962 -0.0000
vn 0.4370 0.8995 -0.0000
vn -0.8682 -0.4962 -0.0000
vn -0.3079 0.9514 -0.0000
vn 0.0523 -0.9986 -0.0003
vn 0.0519 -0.9987 0.0003
vn -0.0648 -0.9979 -0.0000
vn 0.2227 -0.9749 -0.0000
vn -0.2069 -0.9784 -0.0000
vn 0.2395 -0.9709 -0.0000
vn 0.1598 -0.9871 -0.0000
vn -0.1356 -0.9908 0.0003
vn -0.2544 -0.9671 -0.0000
vn 0.8081 -0.5890 -0.0000
vn -0.8082 -0.5890 -0.0000
vn -0.4141 -0.9102 -0.0000
vn 0.5719 -0.8203 -0.0000
vn -0.0975 -0.9952 -0.0000
vn 0.1389 0.9903 -0.0000
vn -0.6039 -0.7970 -0.0000
vn 0.0519 -0.9986 -0.0000
vn -0.0471 -0.9989 -0.0000
vn -0.0682 0.9977 -0.0000
vn -0.6039 -0.7971 -0.0000
vn -0.0001 1.0000 -0.0000
vn 0.7490 -0.6626 -0.0000
vn 0.9876 0.1570 -0.0000
vn -0.8082 -0.5889 -0.0000
vn -0.7488 -0.6628 -0.0000
vn -0.7887 0.6148 -0.0004
vn -0.6888 0.7249 -0.0000
vn 0.1028 0.9947 -0.0000
vn 1.0000 0.0098 -0.0000
vn -0.6999 -0.7142 -0.0000
vn -0.9998 0.0182 -0.0000
vn -0.9991 0.0413 -0.0000
vn 0.6793 0.7338 -0.0000
vn 0.6794 0.7338 -0.0000
vn -0.5676 0.8233 -0.0000
vn 0.1578 0.9875 -0.0000
vn 0.7003 -0.7138 -0.0000
vn 0.5584 0.8295 -0.0000
vn 0.5587 0.8294 -0.0002
vn 0.9988 0.0492 -0.0000
vn -0.7000 -0.7142 -0.0000
vn -0.6535 -0.7569 -0.0000
vn -0.5678 0.8232 -0.0004
vn -0.4389 0.8986 -0.0000
vn 0.1025 0.9947 0.0002
vn 0.4311 0.9023 -0.0000
vn -0.9981 -0.0622 -0.0000
vn 0.6537 -0.7567 -0.0000
vn 0.3028 0.9530 -0.0000
vn -0.2884 0.9575 -0.0000
vn -0.6534 -0.7570 -0.0003
vn -0.6014 -0.7989 -0.0000
vn -0.4392 0.8984 0.0003
vn -0.3037 0.9528 0.0005
vn -0.9974 0.0722 -0.0000
vn -0.3040 0.9527 -0.0000
vn -0.2281 0.9736 -0.0000
vn 0.2754 0.9613 -0.0000
vn 0.6014 -0.7989 -0.0000
vn 0.6015 -0.7989 -0.0000
vn 0.1765 0.9843 0.0002
vn 0.1768 0.9842 -0.0000
vn -0.9999 -0.0134 -0.0000
vn 0.9965 0.0839 -0.0002
vn -0.3485 0.9373 -0.0000
vn -0.6015 -0.7989 -0.0000
vn -0.5439 -0.8391 -0.0000
vn 0.2156 0.9765 -0.0000
vn 0.1418 -0.9899 -0.0000
vn 0.0157 -0.9999 -0.0000
vn -0.0741 -0.9973 -0.0000
vn -0.2035 -0.9791 -0.0000
vn 0.3365 0.9417 -0.0000
vn 0.5438 -0.8392 -0.0000
vn -0.4079 0.9130 -0.0000
vn -0.4815 -0.8765 -0.0000
vn 0.3060 -0.9520 -0.0000
vn -0.9996 0.0270 -0.0000
vn -0.3780 -0.9258 -0.0000
vn -0.2886 0.9574 -0.0004
vn -0.3483 0.9374 -0.0000
vn 0.9921 0.1258 -0.0000
vn 0.4811 -0.8766 -0.0000
vn 0.4669 -0.8843 -0.0000
vn -0.4667 0.8844 -0.0000
vn -0.4148 -0.9099 -0.0000
vn -0.5373 -0.8434 -0.0000
vn 0.3367 0.9416 -0.0000
vn 0.9999 -0.0138 -0.0000
vn -0.9937 0.1117 -0.0000
vn -0.9871 0.1600 -0.0000
vn 0.6117 -0.7911 -0.0000
vn 0.6116 -0.7911 -0.0000
vn -0.4076 0.9131 -0.0000
vn -0.6694 -0.7429 -0.0000
vn 0.4145 -0.9100 -0.0000
vn 0.9841 0.1775 -0.0000
vn -0.5237 0.8519 -0.0000
vn -0.3450 -0.9386 -0.0000
vn 0.3985 0.9172 -0.0000
vn -0.4660 0.8848 -0.0000
vn 0.9958 -0.0912 -0.0000
vn -0.9871 0.1599 -0.0000
vn 0.3450 -0.9386 -0.0000
vn -0.5784 0.8157 -0.0000
vn -0.2742 -0.9617 -0.0000
vn -0.5226 0.8525 -0.0000
vn 0.9711 0.2387 -0.0000
vn 0.9712 0.2385 0.0002
vn -0.9882 -0.1533 -0.0000
vn 0.5818 0.8134 -0.0000
vn 0.5817 0.8134 -0.0000
vn 0.2739 -0.9618 -0.0000
vn -0.6303 0.7763 -0.0000
vn -0.2029 -0.9792 -0.0000
vn 0.5215 0.8532 -0.0000
vn -0.5226 0.8526 -0.0000
vn 0.6387 0.7694 -0.0000
vn 0.2022 -0.9793 -0.0000
vn 0.9512 0.3086 -0.0000
vn 0.9512 0.3085 -0.0000
vn -0.6304 0.7763 -0.0000
vn -0.6821 0.7313 0.0003
vn -0.1326 -0.9912 -0.0000
vn 0.5809 0.8140 -0.0000
vn 0.3935 0.9193 -0.0000
vn -0.6289 0.7775 -0.0000
vn 0.9803 -0.1975 -0.0000
vn 0.3794 0.9253 -0.0000
vn -0.9586 0.2849 -0.0000
vn -0.9330 0.3600 -0.0000
vn 0.6980 0.7161 -0.0000
vn 0.6982 0.7159 0.0004
vn 0.1324 -0.9912 -0.0000
vn 0.3975 0.9176 -0.0000
vn -0.6825 0.7309 -0.0004
vn -0.7374 0.6754 -0.0000
vn -0.0650 -0.9979 -0.0000
vn 0.6373 0.7706 -0.0000
vn -0.3911 -0.9204 -0.0000
vn -0.6818 0.7315 -0.0000
vn 0.9230 0.3848 -0.0000
vn -0.9773 -0.2119 -0.0000
vn 0.7574 0.6530 -0.0000
vn 0.7577 0.6526 -0.0002
vn 0.0649 -0.9979 -0.0000
vn -0.9985 -0.0548 -0.0000
vn -0.7374 0.6755 -0.0000
vn -0.7914 0.6114 -0.0000
vn -0.9329 0.3601 -0.0000
vn -0.6130 0.7901 -0.0000
vn -0.7382 0.6745 -0.0000
vn -0.0639 0.9980 -0.0000
vn 0.6198 0.7848 -0.0000
vn 0.6198 0.7847 -0.0000
vn 0.9984 -0.0561 -0.0000
vn 0.9984 -0.0560 -0.0000
vn 0.8116 0.5842 -0.0000
vn 0.8854 0.4648 -0.0000
vn 0.8854 0.4649 -0.0000
vn -0.8388 0.5445 -0.0000
vn 0.0520 0.9986 -0.0000
vn -0.4551 0.8904 -0.0000
vn 0.7579 0.6524 -0.0000
vn 0.9941 0.1087 -0.0000
vn 0.4951 0.8688 -0.0000
vn -0.7382 0.6746 -0.0000
vn -0.7920 0.6105 -0.0000
vn 0.9655 -0.2603 -0.0000
vn -0.3035 0.9528 0.0003
vn -0.8980 0.4400 -0.0000
vn -0.8535 0.5210 -0.0000
vn 0.8598 0.5106 -0.0000
vn 0.8598 0.5107 -0.0000
vn -0.1305 0.9914 -0.0000
vn 0.3667 0.9303 -0.0000
vn -0.9937 -0.1119 -0.0000
vn -0.8388 0.5444 -0.0000
vn 0.2394 0.9709 -0.0000
vn 0.8121 0.5835 -0.0000
vn -0.3036 0.9528 -0.0000
vn -0.7920 0.6106 -0.0000
vn -0.8389 0.5442 -0.0000
vn 0.8383 0.5453 -0.0000
vn 0.8382 0.5454 -0.0000
vn 0.9935 -0.1142 -0.0000
vn -0.1995 0.9799 -0.0000
vn 0.8601 0.5102 -0.0000
vn 0.9747 0.2235 -0.0000
vn 0.9003 0.4352 -0.0000
vn 0.9003 0.4353 -0.0000
vn -0.9734 0.2291 -0.0000
vn -0.2703 0.9628 -0.0000
vn 0.7760 0.6307 -0.0004
vn 0.9439 -0.3302 -0.0000
vn -0.9605 -0.2783 -0.0000
vn 0.9849 -0.1734 -0.0001
vn -0.3407 0.9402 -0.0000
vn 0.0779 -0.9970 -0.0000
vn 0.0008 -1.0000 -0.0001
vn 0.9137 -0.4064 -0.0000
vn 0.0017 -1.0000 0.0003
vn -0.0585 -0.9983 0.0006
vn -0.0578 -0.9983 -0.0005
vn -0.9989 -0.0458 -0.0000
vn -0.9987 -0.0500 0.0005
vn -0.9992 -0.0407 -0.0000
vn -0.0000 1.0000 0.0005
vt 0.027355 0.766016
vt 0.045846 0.784501
vt 0.027355 0.784501
vt 0.045846 0.766016
vt 0.027355 0.793746
vt 0.045846 0.812232
vt 0.027355 0.812232
vt 0.045846 0.793746
vt 0.027355 0.821477
vt 0.045846 0.839962
vt 0.027355 0.839962
vt 0.045846 0.821477
vt 0.055094 0.766016
vt 0.073581 0.784501
vt 0.055094 0.784501
vt 0.073581 0.766016
vt 0.055094 0.793746
vt 0.073581 0.812232
vt 0.055094 0.812232
vt 0.073581 0.793746
vt 0.055094 0.821477
vt 0.073581 0.839962
vt 0.055094 0.839962
vt 0.073581 0.821477
vt 0.055094 0.849208
vt 0.073581 0.867692
vt 0.055094 0.867692
vt 0.073581 0.849208
vt 0.082828 0.766016
vt 0.101319 0.784501
vt 0.082828 0.784501
vt 0.101319 0.766016
vt 0.082828 0.793746
vt 0.101319 0.812232
vt 0.082828 0.812232
vt 0.101319 0.793746
vt 0.082828 0.821477
vt 0.101319 0.839962
vt 0.082828 0.839962
vt 0.101319 0.821477
vt 0.082828 0.849208
vt 0.101319 0.867692
vt 0.082828 0.867692
vt 0.101319 0.849208
vt 0.175290 0.849208
vt 0.251108 0.867695
vt 0.175290 0.867695
vt 0.251108 0.849208
vt 0.202889 0.766011
vt 0.223510 0.849208
vt 0.202889 0.849208
vt 0.223510 0.766011
vt 0.274231 0.766011
vt 0.294847 0.867695
vt 0.274231 0.867695
vt 0.294847 0.826758
vt 0.330606 0.826758
vt 0.351232 0.867695
vt 0.330606 0.867695
vt 0.351232 0.766011
vt 0.294847 0.808504
vt 0.330606 0.808504
vt 0.294847 0.766011
vt 0.330606 0.766011
vt 0.374345 0.766011
vt 0.394676 0.867695
vt 0.374345 0.867695
vt 0.394970 0.823631
vt 0.422271 0.810572
vt 0.470051 0.867694
vt 0.449724 0.867695
vt 0.449426 0.823631
vt 0.470051 0.766011
vt 0.394970 0.766011
vt 0.414808 0.784504
vt 0.429715 0.784508
vt 0.449426 0.766011
vt 0.541860 0.722980
vt 0.551987 0.725376
vt 0.541860 0.725376
vt 0.551987 0.722980
vt 0.545599 0.722980
vt 0.545599 0.703188
vt 0.548276 0.722980
vt 0.548276 0.703188
vt 0.555667 0.703188
vt 0.558344 0.722980
vt 0.555667 0.725376
vt 0.564230 0.725376
vt 0.564230 0.722980
vt 0.558344 0.715528
vt 0.558344 0.713131
vt 0.563424 0.715528
vt 0.563424 0.713131
vt 0.558344 0.705584
vt 0.564230 0.705584
vt 0.564230 0.703188
vt 0.572505 0.725608
vt 0.573310 0.725612
vt 0.572930 0.725621
vt 0.573672 0.725583
vt 0.572101 0.725569
vt 0.574016 0.725536
vt 0.571719 0.725505
vt 0.574344 0.725470
vt 0.571357 0.725418
vt 0.574655 0.725387
vt 0.571015 0.725308
vt 0.574952 0.725285
vt 0.570692 0.725177
vt 0.575234 0.725166
vt 0.570388 0.725026
vt 0.575503 0.725030
vt 0.575759 0.724877
vt 0.570103 0.724855
vt 0.576003 0.724708
vt 0.569835 0.724667
vt 0.576236 0.724522
vt 0.569584 0.724463
vt 0.576460 0.724320
vt 0.569351 0.724243
vt 0.576705 0.724058
vt 0.569133 0.724008
vt 0.576931 0.723773
vt 0.568794 0.723580
vt 0.577135 0.723466
vt 0.568505 0.723128
vt 0.572930 0.723228
vt 0.577319 0.723138
vt 0.572718 0.723221
vt 0.573136 0.723221
vt 0.573330 0.723201
vt 0.572518 0.723201
vt 0.573685 0.723123
vt 0.572329 0.723167
vt 0.571984 0.723063
vt 0.577482 0.722791
vt 0.568262 0.722640
vt 0.573995 0.723002
vt 0.571545 0.722827
vt 0.574263 0.722845
vt 0.577625 0.722426
vt 0.574490 0.722658
vt 0.571301 0.722624
vt 0.568062 0.722101
vt 0.571095 0.722391
vt 0.574679 0.722450
vt 0.574804 0.722281
vt 0.577746 0.722044
vt 0.570913 0.722108
vt 0.574914 0.722101
vt 0.570757 0.721786
vt 0.567900 0.721497
vt 0.575011 0.721911
vt 0.577848 0.721646
vt 0.575094 0.721713
vt 0.570625 0.721416
vt 0.575166 0.721506
vt 0.577928 0.721235
vt 0.575226 0.721293
vt 0.567773 0.720815
vt 0.570514 0.720986
vt 0.575276 0.721074
vt 0.577988 0.720810
vt 0.575316 0.720850
vt 0.570423 0.720488
vt 0.575348 0.720622
vt 0.567676 0.720039
vt 0.578027 0.720373
vt 0.575372 0.720392
vt 0.570350 0.719913
vt 0.575388 0.720159
vt 0.577993 0.719926
vt 0.575399 0.719926
vt 0.567606 0.719157
vt 0.575595 0.719926
vt 0.575813 0.719926
vt 0.576085 0.719926
vt 0.576394 0.719926
vt 0.576722 0.719926
vt 0.577050 0.719926
vt 0.577359 0.719926
vt 0.577632 0.719926
vt 0.570293 0.719250
vt 0.570251 0.718489
vt 0.567559 0.718154
vt 0.570221 0.717622
vt 0.567529 0.717017
vt 0.570202 0.716638
vt 0.567515 0.715731
vt 0.570192 0.715528
vt 0.567511 0.714282
vt 0.570189 0.714282
vt 0.567515 0.712833
vt 0.570192 0.713036
vt 0.570202 0.711926
vt 0.567529 0.711546
vt 0.570221 0.710942
vt 0.567558 0.710408
vt 0.570251 0.710075
vt 0.567606 0.709405
vt 0.570293 0.709315
vt 0.567676 0.708523
vt 0.570350 0.708652
vt 0.575388 0.708439
vt 0.578045 0.708674
vt 0.575399 0.708674
vt 0.578026 0.708210
vt 0.570423 0.708076
vt 0.567773 0.707747
vt 0.575370 0.708204
vt 0.577985 0.707756
vt 0.575344 0.707970
vt 0.570514 0.707579
vt 0.575310 0.707738
vt 0.577922 0.707315
vt 0.567900 0.707065
vt 0.575268 0.707510
vt 0.570625 0.707150
vt 0.575216 0.707286
vt 0.577837 0.706888
vt 0.575154 0.707069
vt 0.570757 0.706780
vt 0.575082 0.706859
vt 0.568062 0.706461
vt 0.577730 0.706477
vt 0.574999 0.706657
vt 0.570913 0.706459
vt 0.574905 0.706465
vt 0.577601 0.706082
vt 0.574798 0.706284
vt 0.568262 0.705923
vt 0.571095 0.706177
vt 0.574589 0.706008
vt 0.577450 0.705706
vt 0.571418 0.705836
vt 0.568505 0.705435
vt 0.574381 0.705809
vt 0.574134 0.705636
vt 0.571827 0.705570
vt 0.577277 0.705350
vt 0.572151 0.705443
vt 0.573684 0.705441
vt 0.573330 0.705363
vt 0.568794 0.704984
vt 0.572518 0.705364
vt 0.572718 0.705343
vt 0.573136 0.705343
vt 0.577082 0.705015
vt 0.572930 0.705336
vt 0.576865 0.704704
vt 0.569133 0.704556
vt 0.576626 0.704417
vt 0.569351 0.704322
vt 0.576365 0.704156
vt 0.569584 0.704103
vt 0.576143 0.703969
vt 0.569835 0.703898
vt 0.575910 0.703796
vt 0.570103 0.703710
vt 0.575668 0.703638
vt 0.570388 0.703539
vt 0.575414 0.703494
vt 0.570692 0.703387
vt 0.575149 0.703367
vt 0.571015 0.703255
vt 0.574872 0.703255
vt 0.574582 0.703160
vt 0.571357 0.703144
vt 0.574280 0.703081
vt 0.571719 0.703056
vt 0.573964 0.703019
vt 0.572101 0.702991
vt 0.573634 0.702974
vt 0.572505 0.702951
vt 0.573289 0.702947
vt 0.572930 0.702938
vt 0.581983 0.703188
vt 0.584661 0.725376
vt 0.581983 0.725376
vt 0.584661 0.715681
vt 0.589595 0.715681
vt 0.592264 0.725376
vt 0.589595 0.725376
vt 0.592264 0.703188
vt 0.584661 0.713285
vt 0.589595 0.713285
vt 0.584661 0.703188
vt 0.589595 0.703188
vt 0.596840 0.703188
vt 0.599328 0.725376
vt 0.596840 0.725376
vt 0.599514 0.718363
vt 0.605006 0.710200
vt 0.607683 0.725376
vt 0.605006 0.725376
vt 0.607683 0.703188
vt 0.599514 0.703188
vt 0.605254 0.703188
vt 0.612614 0.703188
vt 0.615287 0.725376
vt 0.612614 0.725376
vt 0.615287 0.703188
vt 0.624227 0.725556
vt 0.624986 0.725556
vt 0.624588 0.725566
vt 0.623878 0.725527
vt 0.625366 0.725527
vt 0.623541 0.725480
vt 0.625730 0.725480
vt 0.623217 0.725414
vt 0.626077 0.725414
vt 0.622904 0.725330
vt 0.626408 0.725330
vt 0.622603 0.725230
vt 0.626722 0.725230
vt 0.622315 0.725112
vt 0.627020 0.725112
vt 0.622040 0.724978
vt 0.627302 0.724978
vt 0.621777 0.724828
vt 0.627568 0.724828
vt 0.621526 0.724663
vt 0.627817 0.724663
vt 0.621288 0.724483
vt 0.628051 0.724483
vt 0.621063 0.724289
vt 0.628268 0.724289
vt 0.620796 0.724019
vt 0.628532 0.724008
vt 0.620552 0.723727
vt 0.628765 0.723713
vt 0.620331 0.723413
vt 0.628969 0.723401
vt 0.620133 0.723079
vt 0.624557 0.723165
vt 0.629145 0.723073
vt 0.624186 0.723143
vt 0.624764 0.723159
vt 0.624959 0.723142
vt 0.623694 0.723031
vt 0.625485 0.723026
vt 0.619958 0.722724
vt 0.629294 0.722727
vt 0.623280 0.722839
vt 0.625921 0.722819
vt 0.623046 0.722674
vt 0.626163 0.722635
vt 0.629419 0.722362
vt 0.619807 0.722350
vt 0.626369 0.722418
vt 0.622844 0.722486
vt 0.622718 0.722330
vt 0.626501 0.722244
vt 0.629521 0.721978
vt 0.619679 0.721957
vt 0.622602 0.722161
vt 0.626615 0.722064
vt 0.622499 0.721981
vt 0.626713 0.721878
vt 0.622407 0.721788
vt 0.629601 0.721573
vt 0.619574 0.721546
vt 0.626797 0.721684
vt 0.622326 0.721583
vt 0.626866 0.721480
vt 0.622256 0.721366
vt 0.629660 0.721148
vt 0.619492 0.721118
vt 0.626923 0.721267
vt 0.622197 0.721138
vt 0.626967 0.721044
vt 0.629701 0.720700
vt 0.622150 0.720898
vt 0.619433 0.720673
vt 0.627002 0.720809
vt 0.622113 0.720647
vt 0.627026 0.720561
vt 0.629724 0.720230
vt 0.619398 0.720212
vt 0.622086 0.720386
vt 0.627043 0.720301
vt 0.622071 0.720114
vt 0.627051 0.720026
vt 0.629731 0.719736
vt 0.619387 0.719736
vt 0.622065 0.719832
vt 0.627054 0.719736
vt 0.622073 0.719317
vt 0.619403 0.718938
vt 0.627253 0.719736
vt 0.627473 0.719736
vt 0.627748 0.719736
vt 0.628061 0.719736
vt 0.628393 0.719736
vt 0.628724 0.719736
vt 0.629037 0.719736
vt 0.629313 0.719736
vt 0.629533 0.719736
vt 0.622099 0.718860
vt 0.619453 0.718222
vt 0.622146 0.718455
vt 0.622220 0.718098
vt 0.619539 0.717581
vt 0.622322 0.717781
vt 0.622458 0.717500
vt 0.619665 0.717011
vt 0.622631 0.717249
vt 0.622845 0.717022
vt 0.623103 0.716814
vt 0.619832 0.716503
vt 0.623410 0.716618
vt 0.623770 0.716430
vt 0.620044 0.716052
vt 0.624186 0.716243
vt 0.624370 0.716167
vt 0.624575 0.716083
vt 0.624832 0.715978
vt 0.620304 0.715652
vt 0.625123 0.715858
vt 0.625431 0.715731
vt 0.625740 0.715605
vt 0.620613 0.715296
vt 0.626031 0.715485
vt 0.626288 0.715379
vt 0.626628 0.715240
vt 0.620975 0.714978
vt 0.627269 0.714950
vt 0.621393 0.714691
vt 0.627786 0.714653
vt 0.621868 0.714429
vt 0.628231 0.714324
vt 0.622405 0.714186
vt 0.628609 0.713959
vt 0.622592 0.714110
vt 0.622800 0.714026
vt 0.623060 0.713920
vt 0.628925 0.713553
vt 0.623356 0.713800
vt 0.623669 0.713672
vt 0.623982 0.713545
vt 0.629184 0.713100
vt 0.624277 0.713425
vt 0.624537 0.713319
vt 0.624745 0.713234
vt 0.624932 0.713158
vt 0.625355 0.712970
vt 0.629390 0.712597
vt 0.625722 0.712774
vt 0.626037 0.712565
vt 0.629549 0.712037
vt 0.626302 0.712336
vt 0.626523 0.712081
vt 0.626703 0.711795
vt 0.629663 0.711416
vt 0.626845 0.711472
vt 0.626952 0.711104
vt 0.629740 0.710730
vt 0.627030 0.710687
vt 0.629782 0.709973
vt 0.627081 0.710214
vt 0.627108 0.709679
vt 0.629795 0.709140
vt 0.627117 0.709077
vt 0.629788 0.708580
vt 0.627114 0.708723
vt 0.619235 0.708415
vt 0.619426 0.708987
vt 0.619228 0.708987
vt 0.619646 0.708987
vt 0.619922 0.708987
vt 0.620235 0.708987
vt 0.620567 0.708987
vt 0.620898 0.708987
vt 0.621211 0.708987
vt 0.621487 0.708987
vt 0.621707 0.708987
vt 0.621906 0.708987
vt 0.621909 0.708633
vt 0.627105 0.708393
vt 0.621920 0.708305
vt 0.629767 0.708053
vt 0.619258 0.707887
vt 0.627088 0.708086
vt 0.621940 0.708001
vt 0.627062 0.707801
vt 0.629730 0.707559
vt 0.621969 0.707720
vt 0.619298 0.707398
vt 0.627027 0.707536
vt 0.622008 0.707460
vt 0.629675 0.707096
vt 0.626980 0.707290
vt 0.622059 0.707219
vt 0.619355 0.706947
vt 0.626921 0.707060
vt 0.622122 0.706995
vt 0.629601 0.706661
vt 0.626848 0.706846
vt 0.622198 0.706788
vt 0.619432 0.706529
vt 0.626761 0.706646
vt 0.622288 0.706595
vt 0.629506 0.706255
vt 0.626659 0.706458
vt 0.622394 0.706415
vt 0.619528 0.706143
vt 0.626539 0.706282
vt 0.622515 0.706246
vt 0.626295 0.706009
vt 0.629390 0.705875
vt 0.622752 0.705988
vt 0.619647 0.705784
vt 0.625928 0.705735
vt 0.623109 0.705727
vt 0.629249 0.705519
vt 0.619788 0.705451
vt 0.625636 0.705593
vt 0.623398 0.705590
vt 0.625118 0.705449
vt 0.623726 0.705486
vt 0.629084 0.705186
vt 0.619952 0.705140
vt 0.624923 0.705421
vt 0.624092 0.705421
vt 0.624714 0.705404
vt 0.624288 0.705404
vt 0.624493 0.705398
vt 0.628892 0.704875
vt 0.620142 0.704848
vt 0.628671 0.704583
vt 0.620358 0.704573
vt 0.628421 0.704311
vt 0.620601 0.704311
vt 0.620826 0.704101
vt 0.628202 0.704114
vt 0.627963 0.703930
vt 0.621070 0.703908
vt 0.627704 0.703759
vt 0.621333 0.703732
vt 0.627425 0.703603
vt 0.621614 0.703574
vt 0.627127 0.703462
vt 0.621912 0.703434
vt 0.626809 0.703336
vt 0.622229 0.703312
vt 0.626471 0.703228
vt 0.622563 0.703209
vt 0.626114 0.703137
vt 0.622915 0.703123
vt 0.625738 0.703066
vt 0.623284 0.703056
vt 0.625342 0.703013
vt 0.623670 0.703009
vt 0.624927 0.702981
vt 0.624073 0.702980
vt 0.624493 0.702970
vt 0.638191 0.725608
vt 0.638997 0.725612
vt 0.638617 0.725621
vt 0.639359 0.725583
vt 0.637787 0.725569
vt 0.639702 0.725536
vt 0.637403 0.725505
vt 0.640029 0.725470
vt 0.637040 0.725418
vt 0.640340 0.725387
vt 0.636698 0.725308
vt 0.640635 0.725285
vt 0.636375 0.725177
vt 0.640917 0.725166
vt 0.636071 0.725026
vt 0.641184 0.725030
vt 0.641439 0.724877
vt 0.635785 0.724855
vt 0.641683 0.724708
vt 0.635517 0.724667
vt 0.641915 0.724522
vt 0.635267 0.724463
vt 0.642137 0.724320
vt 0.635033 0.724243
vt 0.642385 0.724058
vt 0.634816 0.724008
vt 0.642612 0.723773
vt 0.634476 0.723580
vt 0.642817 0.723466
vt 0.634187 0.723128
vt 0.638618 0.723228
vt 0.643002 0.723138
vt 0.638406 0.723221
vt 0.638821 0.723221
vt 0.639014 0.723201
vt 0.638205 0.723201
vt 0.638016 0.723167
vt 0.639526 0.723067
vt 0.637670 0.723063
vt 0.643165 0.722791
vt 0.633945 0.722640
vt 0.639944 0.722845
vt 0.637229 0.722827
vt 0.643308 0.722426
vt 0.640174 0.722658
vt 0.636984 0.722624
vt 0.633745 0.722101
vt 0.636778 0.722391
vt 0.640366 0.722450
vt 0.640490 0.722281
vt 0.643430 0.722044
vt 0.636596 0.722108
vt 0.640600 0.722101
vt 0.636440 0.721786
vt 0.633584 0.721497
vt 0.640695 0.721911
vt 0.643531 0.721646
vt 0.640778 0.721713
vt 0.636308 0.721416
vt 0.640849 0.721506
vt 0.643611 0.721235
vt 0.640909 0.721293
vt 0.633458 0.720815
vt 0.636197 0.720986
vt 0.640959 0.721074
vt 0.643671 0.720810
vt 0.640999 0.720850
vt 0.636106 0.720488
vt 0.641031 0.720622
vt 0.633361 0.720039
vt 0.643710 0.720373
vt 0.641055 0.720392
vt 0.636033 0.719913
vt 0.641071 0.720159
vt 0.643729 0.719926
vt 0.641082 0.719926
vt 0.633292 0.719157
vt 0.641278 0.719926
vt 0.641495 0.719926
vt 0.641768 0.719926
vt 0.642077 0.719926
vt 0.642405 0.719926
vt 0.642733 0.719926
vt 0.643042 0.719926
vt 0.643315 0.719926
vt 0.643533 0.719926
vt 0.635976 0.719250
vt 0.635934 0.718489
vt 0.633244 0.718154
vt 0.635904 0.717622
vt 0.633216 0.717017
vt 0.635885 0.716638
vt 0.633201 0.715731
vt 0.635875 0.715528
vt 0.633197 0.714282
vt 0.635872 0.714282
vt 0.633201 0.712833
vt 0.635875 0.713036
vt 0.635885 0.711926
vt 0.633216 0.711546
vt 0.635904 0.710942
vt 0.633244 0.710408
vt 0.635934 0.710075
vt 0.633292 0.709405
vt 0.635976 0.709315
vt 0.633361 0.708523
vt 0.636033 0.708652
vt 0.641071 0.708439
vt 0.643729 0.708674
vt 0.641082 0.708674
vt 0.643709 0.708210
vt 0.636106 0.708076
vt 0.633458 0.707747
vt 0.641053 0.708204
vt 0.643668 0.707756
vt 0.641027 0.707970
vt 0.636197 0.707579
vt 0.640993 0.707738
vt 0.643606 0.707315
vt 0.633584 0.707065
vt 0.640951 0.707510
vt 0.636308 0.707150
vt 0.640899 0.707286
vt 0.643521 0.706888
vt 0.640838 0.707069
vt 0.636440 0.706780
vt 0.640767 0.706859
vt 0.633745 0.706461
vt 0.643414 0.706477
vt 0.640684 0.706657
vt 0.636596 0.706459
vt 0.640590 0.706465
vt 0.643285 0.706082
vt 0.640485 0.706284
vt 0.633945 0.705923
vt 0.636778 0.706177
vt 0.640275 0.706008
vt 0.643134 0.705706
vt 0.637102 0.705836
vt 0.634187 0.705435
vt 0.639944 0.705719
vt 0.637513 0.705570
vt 0.639675 0.705562
vt 0.642961 0.705350
vt 0.639366 0.705441
vt 0.637838 0.705443
vt 0.639014 0.705363
vt 0.634476 0.704984
vt 0.638205 0.705364
vt 0.638406 0.705343
vt 0.638821 0.705343
vt 0.642766 0.705015
vt 0.638618 0.705336
vt 0.642549 0.704704
vt 0.634816 0.704556
vt 0.642309 0.704417
vt 0.635033 0.704322
vt 0.642047 0.704156
vt 0.635267 0.704103
vt 0.641824 0.703969
vt 0.635517 0.703898
vt 0.641591 0.703796
vt 0.635785 0.703710
vt 0.641349 0.703638
vt 0.636071 0.703539
vt 0.641095 0.703494
vt 0.636375 0.703387
vt 0.640831 0.703367
vt 0.636698 0.703255
vt 0.640554 0.703255
vt 0.640266 0.703160
vt 0.637040 0.703144
vt 0.639964 0.703081
vt 0.637403 0.703056
vt 0.639649 0.703019
vt 0.637786 0.702991
vt 0.639320 0.702974
vt 0.638191 0.702951
vt 0.638976 0.702947
vt 0.638617 0.702938
vt 0.647502 0.703188
vt 0.650180 0.725376
vt 0.647502 0.725376
vt 0.650180 0.715681
vt 0.655106 0.715681
vt 0.657783 0.725376
vt 0.655106 0.725376
vt 0.657783 0.703188
vt 0.650180 0.713285
vt 0.655106 0.713285
vt 0.650180 0.703188
vt 0.655106 0.703188
vt 0.651603 0.748516
vt 0.654082 0.850194
vt 0.651603 0.850194
vt 0.654082 0.748516
vt 0.662360 0.703188
vt 0.665033 0.722980
vt 0.662360 0.725376
vt 0.670923 0.725376
vt 0.670923 0.722980
vt 0.665033 0.715528
vt 0.665033 0.713131
vt 0.670113 0.715528
vt 0.670113 0.713131
vt 0.665033 0.705584
vt 0.670923 0.705584
vt 0.670923 0.703188
vt 0.681839 0.703188
vt 0.684521 0.725376
vt 0.681839 0.725376
vt 0.684521 0.715681
vt 0.689447 0.715681
vt 0.692120 0.725376
vt 0.689447 0.725376
vt 0.692120 0.703188
vt 0.684521 0.713285
vt 0.689447 0.713285
vt 0.684521 0.703188
vt 0.689447 0.703188
vt 0.701174 0.725608
vt 0.702025 0.725608
vt 0.701599 0.725621
vt 0.700772 0.725569
vt 0.702428 0.725569
vt 0.700391 0.725505
vt 0.702809 0.725505
vt 0.700031 0.725417
vt 0.703170 0.725417
vt 0.699691 0.725307
vt 0.703510 0.725307
vt 0.699370 0.725176
vt 0.703832 0.725176
vt 0.699067 0.725025
vt 0.704135 0.725025
vt 0.698782 0.724855
vt 0.704420 0.724855
vt 0.698513 0.724667
vt 0.704689 0.724667
vt 0.698259 0.724462
vt 0.704943 0.724462
vt 0.698021 0.724242
vt 0.705181 0.724242
vt 0.697796 0.724007
vt 0.705405 0.724007
vt 0.697464 0.723599
vt 0.705738 0.723599
vt 0.706022 0.723161
vt 0.697180 0.723161
vt 0.701600 0.723228
vt 0.701387 0.723221
vt 0.701812 0.723221
vt 0.701186 0.723200
vt 0.702011 0.723200
vt 0.700996 0.723166
vt 0.702199 0.723166
vt 0.700650 0.723063
vt 0.702538 0.723063
vt 0.706262 0.722680
vt 0.696940 0.722680
vt 0.700346 0.722915
vt 0.702968 0.722827
vt 0.699966 0.722624
vt 0.703205 0.722623
vt 0.706461 0.722143
vt 0.696741 0.722143
vt 0.699760 0.722390
vt 0.703407 0.722390
vt 0.699578 0.722108
vt 0.703590 0.722108
vt 0.706622 0.721538
vt 0.696580 0.721537
vt 0.699422 0.721786
vt 0.703749 0.721786
vt 0.699290 0.721415
vt 0.703884 0.721415
vt 0.706751 0.720850
vt 0.696451 0.720850
vt 0.699179 0.720986
vt 0.703999 0.720986
vt 0.699089 0.720488
vt 0.704094 0.720488
vt 0.706849 0.720068
vt 0.696353 0.720068
vt 0.699017 0.719912
vt 0.704170 0.719912
vt 0.706921 0.719178
vt 0.696281 0.719178
vt 0.698960 0.719249
vt 0.704231 0.719249
vt 0.698919 0.718489
vt 0.704276 0.718489
vt 0.706971 0.718167
vt 0.696231 0.718167
vt 0.698889 0.717621
vt 0.704309 0.717621
vt 0.707002 0.717023
vt 0.696200 0.717023
vt 0.698871 0.716638
vt 0.704330 0.716638
vt 0.707018 0.715732
vt 0.696184 0.715732
vt 0.698861 0.715528
vt 0.704342 0.715528
vt 0.707023 0.714282
vt 0.696180 0.714282
vt 0.698858 0.714282
vt 0.704345 0.714282
vt 0.696184 0.712830
vt 0.698861 0.713036
vt 0.704342 0.713036
vt 0.707018 0.712830
vt 0.698871 0.711926
vt 0.704330 0.711926
vt 0.707002 0.711539
vt 0.696200 0.711539
vt 0.698889 0.710942
vt 0.704309 0.710942
vt 0.706971 0.710394
vt 0.696231 0.710394
vt 0.698919 0.710074
vt 0.704276 0.710074
vt 0.706921 0.709383
vt 0.696281 0.709383
vt 0.698960 0.709314
vt 0.704231 0.709314
vt 0.706849 0.708493
vt 0.696353 0.708493
vt 0.699017 0.708651
vt 0.704170 0.708651
vt 0.699089 0.708076
vt 0.704094 0.708076
vt 0.706751 0.707711
vt 0.696451 0.707711
vt 0.699179 0.707579
vt 0.703999 0.707579
vt 0.706622 0.707024
vt 0.696580 0.707024
vt 0.699290 0.707150
vt 0.703884 0.707150
vt 0.699422 0.706779
vt 0.703749 0.706779
vt 0.706461 0.706419
vt 0.696741 0.706419
vt 0.699578 0.706458
vt 0.703590 0.706458
vt 0.699858 0.706055
vt 0.703310 0.706055
vt 0.706262 0.705882
vt 0.696940 0.705882
vt 0.703091 0.705835
vt 0.700083 0.705835
vt 0.706022 0.705402
vt 0.697180 0.705401
vt 0.700346 0.705648
vt 0.702835 0.705648
vt 0.700650 0.705500
vt 0.702374 0.705443
vt 0.700996 0.705397
vt 0.705738 0.704964
vt 0.697464 0.704964
vt 0.701186 0.705363
vt 0.702011 0.705363
vt 0.701387 0.705342
vt 0.701812 0.705342
vt 0.701600 0.705335
vt 0.705405 0.704556
vt 0.697796 0.704556
vt 0.698021 0.704322
vt 0.705181 0.704322
vt 0.698259 0.704102
vt 0.704943 0.704102
vt 0.698513 0.703897
vt 0.704690 0.703897
vt 0.698782 0.703709
vt 0.704421 0.703709
vt 0.699067 0.703538
vt 0.704135 0.703538
vt 0.699370 0.703386
vt 0.703832 0.703386
vt 0.699691 0.703254
vt 0.703511 0.703254
vt 0.700031 0.703143
vt 0.703170 0.703143
vt 0.700391 0.703055
vt 0.702809 0.703055
vt 0.700772 0.702991
vt 0.702428 0.702990
vt 0.701174 0.702951
vt 0.702025 0.702951
vt 0.701599 0.702937
vt 0.715837 0.725608
vt 0.716643 0.725612
vt 0.716262 0.725621
vt 0.717005 0.725583
vt 0.715433 0.725569
vt 0.717349 0.725536
vt 0.715050 0.725505
vt 0.717676 0.725470
vt 0.714688 0.725418
vt 0.717986 0.725387
vt 0.714345 0.725308
vt 0.718282 0.725285
vt 0.714022 0.725177
vt 0.718563 0.725166
vt 0.713718 0.725026
vt 0.718830 0.725030
vt 0.719085 0.724877
vt 0.713431 0.724855
vt 0.719328 0.724708
vt 0.713162 0.724667
vt 0.719560 0.724522
vt 0.712910 0.724463
vt 0.719782 0.724320
vt 0.712675 0.724243
vt 0.720029 0.724058
vt 0.712455 0.724008
vt 0.720255 0.723773
vt 0.712117 0.723580
vt 0.720460 0.723466
vt 0.711829 0.723128
vt 0.716262 0.723228
vt 0.720645 0.723138
vt 0.716049 0.723221
vt 0.716467 0.723221
vt 0.716660 0.723201
vt 0.715848 0.723201
vt 0.715479 0.723121
vt 0.717013 0.723123
vt 0.720808 0.722791
vt 0.711588 0.722640
vt 0.717323 0.723002
vt 0.715153 0.722995
vt 0.717592 0.722845
vt 0.714742 0.722730
vt 0.720951 0.722426
vt 0.717820 0.722658
vt 0.714516 0.722511
vt 0.711389 0.722101
vt 0.718011 0.722450
vt 0.718136 0.722281
vt 0.721073 0.722044
vt 0.714237 0.722108
vt 0.718246 0.722101
vt 0.714082 0.721786
vt 0.711228 0.721497
vt 0.718342 0.721911
vt 0.721175 0.721646
vt 0.718425 0.721713
vt 0.713951 0.721416
vt 0.718496 0.721506
vt 0.721255 0.721235
vt 0.718556 0.721293
vt 0.711102 0.720815
vt 0.713841 0.720986
vt 0.718606 0.721074
vt 0.721315 0.720810
vt 0.718646 0.720850
vt 0.713751 0.720488
vt 0.718678 0.720622
vt 0.711006 0.720039
vt 0.721354 0.720373
vt 0.718702 0.720392
vt 0.713679 0.719913
vt 0.718720 0.720159
vt 0.721372 0.719926
vt 0.718731 0.719926
vt 0.710937 0.719157
vt 0.718927 0.719926
vt 0.719144 0.719926
vt 0.719416 0.719926
vt 0.719725 0.719926
vt 0.720052 0.719926
vt 0.720379 0.719926
vt 0.720688 0.719926
vt 0.720960 0.719926
vt 0.721177 0.719926
vt 0.713623 0.719250
vt 0.713581 0.718489
vt 0.710890 0.718154
vt 0.713552 0.717622
vt 0.710861 0.717017
vt 0.713534 0.716638
vt 0.710847 0.715731
vt 0.713524 0.715528
vt 0.710843 0.714282
vt 0.713521 0.714282
vt 0.710847 0.712833
vt 0.713524 0.713036
vt 0.713534 0.711926
vt 0.710861 0.711546
vt 0.713552 0.710942
vt 0.710890 0.710408
vt 0.713581 0.710075
vt 0.710937 0.709405
vt 0.713623 0.709315
vt 0.711006 0.708523
vt 0.713679 0.708652
vt 0.718719 0.708439
vt 0.721372 0.708674
vt 0.718731 0.708674
vt 0.721354 0.708210
vt 0.713751 0.708076
vt 0.711102 0.707747
vt 0.718700 0.708204
vt 0.721313 0.707756
vt 0.718673 0.707970
vt 0.713841 0.707579
vt 0.718638 0.707738
vt 0.721249 0.707315
vt 0.711228 0.707065
vt 0.718595 0.707510
vt 0.713951 0.707150
vt 0.718543 0.707286
vt 0.721164 0.706888
vt 0.718481 0.707069
vt 0.714082 0.706780
vt 0.718409 0.706859
vt 0.711389 0.706461
vt 0.721057 0.706477
vt 0.718327 0.706657
vt 0.714237 0.706459
vt 0.718233 0.706465
vt 0.720928 0.706082
vt 0.718128 0.706284
vt 0.711588 0.705923
vt 0.714516 0.706056
vt 0.718011 0.706114
vt 0.720777 0.705706
vt 0.717820 0.705905
vt 0.714868 0.705738
vt 0.711829 0.705435
vt 0.717591 0.705719
vt 0.720604 0.705350
vt 0.715153 0.705570
vt 0.717323 0.705562
vt 0.717013 0.705441
vt 0.715657 0.705397
vt 0.716660 0.705363
vt 0.712117 0.704984
vt 0.715848 0.705364
vt 0.716049 0.705343
vt 0.716467 0.705343
vt 0.720408 0.705015
vt 0.716262 0.705336
vt 0.720191 0.704704
vt 0.712455 0.704556
vt 0.719952 0.704417
vt 0.712675 0.704322
vt 0.719691 0.704156
vt 0.712910 0.704103
vt 0.719468 0.703969
vt 0.713162 0.703898
vt 0.719235 0.703796
vt 0.713431 0.703710
vt 0.718992 0.703638
vt 0.713718 0.703539
vt 0.718739 0.703494
vt 0.714022 0.703387
vt 0.718474 0.703367
vt 0.714345 0.703255
vt 0.718197 0.703255
vt 0.717909 0.703160
vt 0.714688 0.703144
vt 0.717607 0.703081
vt 0.715050 0.703056
vt 0.717292 0.703019
vt 0.715433 0.702991
vt 0.716963 0.702974
vt 0.715837 0.702951
vt 0.716620 0.702947
vt 0.716262 0.702938
vt 0.725315 0.703188
vt 0.727988 0.725376
vt 0.725315 0.725376
vt 0.727988 0.715681
vt 0.732918 0.715681
vt 0.735596 0.725376
vt 0.732918 0.725376
vt 0.735596 0.703188
vt 0.727988 0.713285
vt 0.732918 0.713285
vt 0.727988 0.703188
vt 0.732918 0.703188
vt 0.744536 0.725556
vt 0.745294 0.725556
vt 0.744897 0.725566
vt 0.744187 0.725527
vt 0.745674 0.725527
vt 0.743850 0.725480
vt 0.746038 0.725480
vt 0.743525 0.725414
vt 0.746385 0.725414
vt 0.743212 0.725330
vt 0.746715 0.725330
vt 0.742912 0.725230
vt 0.747029 0.725230
vt 0.742624 0.725112
vt 0.747327 0.725112
vt 0.742348 0.724978
vt 0.747609 0.724978
vt 0.742085 0.724828
vt 0.747874 0.724828
vt 0.741835 0.724663
vt 0.748124 0.724663
vt 0.741597 0.724483
vt 0.748358 0.724483
vt 0.741372 0.724289
vt 0.748577 0.724289
vt 0.741104 0.724019
vt 0.748841 0.724008
vt 0.740859 0.723727
vt 0.749073 0.723713
vt 0.740637 0.723413
vt 0.749277 0.723401
vt 0.740438 0.723079
vt 0.744865 0.723165
vt 0.749453 0.723073
vt 0.744675 0.723159
vt 0.745070 0.723159
vt 0.744321 0.723115
vt 0.745265 0.723142
vt 0.745624 0.723075
vt 0.740263 0.722724
vt 0.743856 0.722975
vt 0.749603 0.722727
vt 0.745945 0.722966
vt 0.743466 0.722760
vt 0.746226 0.722819
vt 0.746469 0.722635
vt 0.743246 0.722583
vt 0.749727 0.722362
vt 0.740111 0.722350
vt 0.746674 0.722418
vt 0.743021 0.722330
vt 0.746805 0.722244
vt 0.749829 0.721978
vt 0.739983 0.721957
vt 0.742906 0.722161
vt 0.746920 0.722064
vt 0.742803 0.721981
vt 0.747018 0.721878
vt 0.742711 0.721788
vt 0.749909 0.721573
vt 0.739878 0.721546
vt 0.747102 0.721684
vt 0.742630 0.721583
vt 0.747172 0.721480
vt 0.742560 0.721366
vt 0.749968 0.721148
vt 0.739796 0.721118
vt 0.747229 0.721267
vt 0.742501 0.721138
vt 0.747274 0.721044
vt 0.750009 0.720700
vt 0.742453 0.720898
vt 0.739737 0.720673
vt 0.747309 0.720809
vt 0.742417 0.720647
vt 0.747334 0.720561
vt 0.750032 0.720230
vt 0.739702 0.720212
vt 0.742390 0.720386
vt 0.747350 0.720301
vt 0.742375 0.720114
vt 0.747360 0.720026
vt 0.750040 0.719736
vt 0.739691 0.719736
vt 0.742369 0.719832
vt 0.747362 0.719736
vt 0.742377 0.719317
vt 0.739707 0.718938
vt 0.747561 0.719736
vt 0.747781 0.719736
vt 0.748056 0.719736
vt 0.748369 0.719736
vt 0.748701 0.719736
vt 0.749032 0.719736
vt 0.749345 0.719736
vt 0.749621 0.719736
vt 0.749841 0.719736
vt 0.742403 0.718860
vt 0.739757 0.718222
vt 0.742452 0.718455
vt 0.742525 0.718098
vt 0.739843 0.717581
vt 0.742629 0.717781
vt 0.742765 0.717500
vt 0.739969 0.717011
vt 0.742939 0.717249
vt 0.743153 0.717022
vt 0.743411 0.716814
vt 0.740137 0.716503
vt 0.743718 0.716618
vt 0.744076 0.716430
vt 0.740350 0.716052
vt 0.744490 0.716243
vt 0.744675 0.716167
vt 0.744880 0.716083
vt 0.745138 0.715978
vt 0.740610 0.715652
vt 0.745431 0.715858
vt 0.745740 0.715731
vt 0.746050 0.715605
vt 0.740920 0.715296
vt 0.746342 0.715485
vt 0.746600 0.715379
vt 0.746806 0.715295
vt 0.741283 0.714978
vt 0.746991 0.715220
vt 0.747581 0.714950
vt 0.741702 0.714691
vt 0.748096 0.714653
vt 0.742179 0.714429
vt 0.748540 0.714324
vt 0.742718 0.714186
vt 0.748918 0.713959
vt 0.742905 0.714110
vt 0.743112 0.714026
vt 0.743372 0.713920
vt 0.749234 0.713553
vt 0.743667 0.713800
vt 0.743979 0.713672
vt 0.744292 0.713545
vt 0.749493 0.713100
vt 0.744587 0.713425
vt 0.744847 0.713319
vt 0.745054 0.713234
vt 0.745241 0.713158
vt 0.745664 0.712970
vt 0.749699 0.712597
vt 0.746030 0.712774
vt 0.746345 0.712565
vt 0.749857 0.712037
vt 0.746610 0.712336
vt 0.746830 0.712081
vt 0.747009 0.711795
vt 0.749972 0.711416
vt 0.747150 0.711472
vt 0.747258 0.711104
vt 0.750049 0.710730
vt 0.747335 0.710687
vt 0.750091 0.709973
vt 0.747385 0.710214
vt 0.747412 0.709679
vt 0.750104 0.709140
vt 0.747421 0.709077
vt 0.750098 0.708580
vt 0.747418 0.708723
vt 0.739539 0.708415
vt 0.739950 0.708987
vt 0.739585 0.708987
vt 0.740226 0.708987
vt 0.740539 0.708987
vt 0.740871 0.708987
vt 0.741203 0.708987
vt 0.741516 0.708987
vt 0.741792 0.708987
vt 0.742012 0.708987
vt 0.742210 0.708987
vt 0.742214 0.708633
vt 0.747409 0.708393
vt 0.742225 0.708305
vt 0.750076 0.708053
vt 0.739563 0.707887
vt 0.747392 0.708086
vt 0.742244 0.708001
vt 0.747366 0.707801
vt 0.750038 0.707559
vt 0.742273 0.707720
vt 0.739602 0.707398
vt 0.747330 0.707536
vt 0.742313 0.707460
vt 0.749983 0.707096
vt 0.747284 0.707290
vt 0.742364 0.707219
vt 0.739660 0.706947
vt 0.747225 0.707060
vt 0.742427 0.706995
vt 0.749909 0.706661
vt 0.747152 0.706846
vt 0.742504 0.706788
vt 0.739737 0.706529
vt 0.747065 0.706646
vt 0.742595 0.706595
vt 0.749814 0.706255
vt 0.746963 0.706458
vt 0.742701 0.706415
vt 0.739834 0.706143
vt 0.746843 0.706282
vt 0.742823 0.706246
vt 0.746705 0.706114
vt 0.749697 0.705875
vt 0.743061 0.705988
vt 0.739952 0.705784
vt 0.746487 0.705910
vt 0.743419 0.705727
vt 0.749556 0.705519
vt 0.746233 0.705735
vt 0.740092 0.705451
vt 0.745941 0.705593
vt 0.743707 0.705590
vt 0.745423 0.705449
vt 0.744034 0.705486
vt 0.749391 0.705186
vt 0.740256 0.705140
vt 0.745228 0.705421
vt 0.744399 0.705421
vt 0.745021 0.705404
vt 0.744596 0.705404
vt 0.744802 0.705398
vt 0.749199 0.704875
vt 0.740445 0.704848
vt 0.748980 0.704583
vt 0.740659 0.704573
vt 0.748731 0.704311
vt 0.740900 0.704311
vt 0.741129 0.704101
vt 0.748510 0.704114
vt 0.748271 0.703930
vt 0.741376 0.703908
vt 0.748012 0.703759
vt 0.741640 0.703732
vt 0.747733 0.703603
vt 0.741922 0.703574
vt 0.747435 0.703462
vt 0.742221 0.703434
vt 0.747118 0.703336
vt 0.742538 0.703312
vt 0.746781 0.703228
vt 0.742873 0.703209
vt 0.746425 0.703137
vt 0.743225 0.703123
vt 0.746049 0.703066
vt 0.743593 0.703056
vt 0.745653 0.703013
vt 0.743979 0.703009
vt 0.745237 0.702981
vt 0.744382 0.702980
vt 0.744802 0.702970
vt 0.758496 0.725608
vt 0.759304 0.725612
vt 0.758922 0.725621
vt 0.759666 0.725583
vt 0.758093 0.725569
vt 0.760011 0.725536
vt 0.757710 0.725505
vt 0.760338 0.725470
vt 0.757348 0.725418
vt 0.760649 0.725387
vt 0.757006 0.725308
vt 0.760944 0.725285
vt 0.756683 0.725177
vt 0.761225 0.725166
vt 0.756379 0.725026
vt 0.761493 0.725030
vt 0.761748 0.724877
vt 0.756093 0.724855
vt 0.761991 0.724708
vt 0.755825 0.724667
vt 0.762224 0.724522
vt 0.755573 0.724463
vt 0.762447 0.724320
vt 0.755339 0.724243
vt 0.762693 0.724058
vt 0.755120 0.724008
vt 0.762920 0.723773
vt 0.754781 0.723580
vt 0.763125 0.723466
vt 0.754492 0.723128
vt 0.758922 0.723228
vt 0.763309 0.723138
vt 0.758710 0.723221
vt 0.759128 0.723221
vt 0.759322 0.723201
vt 0.758509 0.723201
vt 0.758142 0.723121
vt 0.759676 0.723123
vt 0.763473 0.722791
vt 0.754250 0.722640
vt 0.757817 0.722995
vt 0.759987 0.723002
vt 0.760255 0.722845
vt 0.757406 0.722730
vt 0.760482 0.722658
vt 0.763616 0.722426
vt 0.754049 0.722101
vt 0.757082 0.722391
vt 0.760671 0.722450
vt 0.760796 0.722281
vt 0.763738 0.722044
vt 0.756900 0.722108
vt 0.760906 0.722101
vt 0.756744 0.721786
vt 0.753888 0.721497
vt 0.761003 0.721911
vt 0.763840 0.721646
vt 0.761086 0.721713
vt 0.756611 0.721416
vt 0.761157 0.721506
vt 0.763921 0.721235
vt 0.761217 0.721293
vt 0.753761 0.720815
vt 0.756501 0.720986
vt 0.761267 0.721074
vt 0.763980 0.720810
vt 0.761307 0.720850
vt 0.756410 0.720488
vt 0.761338 0.720622
vt 0.753664 0.720039
vt 0.764019 0.720373
vt 0.761361 0.720392
vt 0.756337 0.719913
vt 0.761377 0.720159
vt 0.764038 0.719926
vt 0.761386 0.719926
vt 0.753594 0.719157
vt 0.761583 0.719926
vt 0.761801 0.719926
vt 0.762074 0.719926
vt 0.762384 0.719926
vt 0.762712 0.719926
vt 0.763040 0.719926
vt 0.763350 0.719926
vt 0.763624 0.719926
vt 0.763841 0.719926
vt 0.756280 0.719250
vt 0.756238 0.718489
vt 0.753546 0.718154
vt 0.756208 0.717622
vt 0.753517 0.717017
vt 0.756189 0.716638
vt 0.753503 0.715731
vt 0.756179 0.715528
vt 0.753499 0.714282
vt 0.756176 0.714282
vt 0.753503 0.712833
vt 0.756179 0.713036
vt 0.756189 0.711926
vt 0.753517 0.711546
vt 0.756208 0.710942
vt 0.753546 0.710408
vt 0.756238 0.710075
vt 0.753594 0.709405
vt 0.756280 0.709315
vt 0.753664 0.708523
vt 0.756337 0.708652
vt 0.761376 0.708439
vt 0.764038 0.708674
vt 0.761386 0.708674
vt 0.764019 0.708210
vt 0.756410 0.708076
vt 0.753760 0.707747
vt 0.761359 0.708204
vt 0.763978 0.707756
vt 0.761333 0.707970
vt 0.756501 0.707579
vt 0.761300 0.707738
vt 0.763915 0.707315
vt 0.753888 0.707065
vt 0.761257 0.707510
vt 0.756611 0.707150
vt 0.761205 0.707286
vt 0.763829 0.706888
vt 0.761144 0.707069
vt 0.756744 0.706780
vt 0.761072 0.706859
vt 0.754049 0.706461
vt 0.763722 0.706477
vt 0.760989 0.706657
vt 0.756900 0.706459
vt 0.760895 0.706465
vt 0.763592 0.706082
vt 0.760789 0.706284
vt 0.754249 0.705923
vt 0.757180 0.706056
vt 0.760671 0.706114
vt 0.760482 0.705905
vt 0.763441 0.705706
vt 0.757406 0.705836
vt 0.754492 0.705435
vt 0.760126 0.705636
vt 0.757817 0.705570
vt 0.763267 0.705350
vt 0.759676 0.705441
vt 0.758320 0.705397
vt 0.759322 0.705363
vt 0.754781 0.704984
vt 0.758509 0.705364
vt 0.758710 0.705343
vt 0.759128 0.705343
vt 0.763071 0.705015
vt 0.758922 0.705336
vt 0.762853 0.704704
vt 0.755120 0.704556
vt 0.762614 0.704417
vt 0.755339 0.704322
vt 0.762352 0.704156
vt 0.755574 0.704103
vt 0.762130 0.703969
vt 0.755825 0.703898
vt 0.761899 0.703796
vt 0.756093 0.703710
vt 0.761657 0.703638
vt 0.756379 0.703539
vt 0.761404 0.703494
vt 0.756683 0.703387
vt 0.761140 0.703367
vt 0.757006 0.703255
vt 0.760863 0.703255
vt 0.760574 0.703160
vt 0.757348 0.703144
vt 0.760271 0.703081
vt 0.757710 0.703056
vt 0.759955 0.703019
vt 0.758093 0.702991
vt 0.759625 0.702974
vt 0.758496 0.702951
vt 0.759281 0.702947
vt 0.758922 0.702938
vt 0.767807 0.703188
vt 0.770489 0.725376
vt 0.767807 0.725376
vt 0.770489 0.715681
vt 0.775415 0.715681
vt 0.778093 0.725376
vt 0.775415 0.725376
vt 0.778093 0.703188
vt 0.770489 0.713285
vt 0.775415 0.713285
vt 0.770489 0.703188
vt 0.775415 0.703188
vt 0.782561 0.708233
vt 0.785234 0.725376
vt 0.782561 0.725376
vt 0.785234 0.725035
vt 0.790131 0.708079
vt 0.792814 0.725376
vt 0.790131 0.725376
vt 0.792814 0.708233
vt 0.785234 0.724094
vt 0.785234 0.722673
vt 0.785234 0.720891
vt 0.785234 0.718869
vt 0.785234 0.716727
vt 0.785234 0.714585
vt 0.785234 0.712564
vt 0.785234 0.710782
vt 0.785234 0.709361
vt 0.785234 0.708420
vt 0.785234 0.708079
vt 0.782571 0.707834
vt 0.792803 0.707834
vt 0.785256 0.707659
vt 0.790108 0.707659
vt 0.782604 0.707448
vt 0.792770 0.707448
vt 0.785321 0.707271
vt 0.790042 0.707271
vt 0.782656 0.707076
vt 0.792717 0.707076
vt 0.785425 0.706915
vt 0.789935 0.706915
vt 0.782730 0.706718
vt 0.792642 0.706718
vt 0.785567 0.706593
vt 0.789790 0.706593
vt 0.782823 0.706375
vt 0.792548 0.706375
vt 0.785741 0.706306
vt 0.789612 0.706306
vt 0.782935 0.706047
vt 0.792434 0.706047
vt 0.785947 0.706053
vt 0.789402 0.706053
vt 0.786181 0.705838
vt 0.789164 0.705838
vt 0.783067 0.705734
vt 0.792302 0.705734
vt 0.786440 0.705659
vt 0.788902 0.705659
vt 0.783217 0.705436
vt 0.792151 0.705436
vt 0.786721 0.705519
vt 0.788618 0.705519
vt 0.787021 0.705417
vt 0.788315 0.705417
vt 0.783385 0.705153
vt 0.791983 0.705153
vt 0.787337 0.705356
vt 0.787997 0.705356
vt 0.787667 0.705335
vt 0.783571 0.704887
vt 0.791797 0.704887
vt 0.783773 0.704636
vt 0.791595 0.704636
vt 0.783993 0.704401
vt 0.791378 0.704401
vt 0.784240 0.704170
vt 0.791130 0.704170
vt 0.790868 0.703958
vt 0.784500 0.703958
vt 0.790593 0.703766
vt 0.784772 0.703765
vt 0.790307 0.703593
vt 0.785056 0.703593
vt 0.790009 0.703440
vt 0.785350 0.703440
vt 0.789701 0.703308
vt 0.785655 0.703308
vt 0.789382 0.703195
vt 0.785969 0.703195
vt 0.789055 0.703103
vt 0.786292 0.703103
vt 0.788719 0.703031
vt 0.786624 0.703031
vt 0.788375 0.702979
vt 0.786965 0.702979
vt 0.788024 0.702948
vt 0.787312 0.702948
vt 0.787667 0.702938
vt 0.797278 0.703188
vt 0.799955 0.725376
vt 0.797278 0.725376
vt 0.799955 0.705584
vt 0.805846 0.705584
vt 0.805846 0.703188
vt 0.809539 0.703188
vt 0.812211 0.722980
vt 0.809539 0.725376
vt 0.818107 0.725376
vt 0.818107 0.722980
vt 0.812211 0.715528
vt 0.812211 0.713131
vt 0.817292 0.715528
vt 0.817292 0.713131
vt 0.812211 0.705584
vt 0.818107 0.705584
vt 0.818107 0.703188
vt 0.829022 0.703188
vt 0.831542 0.725376
vt 0.829022 0.725376
vt 0.831701 0.718735
vt 0.836032 0.713035
vt 0.843015 0.725376
vt 0.840491 0.725376
vt 0.840341 0.718984
vt 0.843015 0.703188
vt 0.836810 0.708614
vt 0.840341 0.703188
vt 0.831701 0.703188
vt 0.835163 0.708614
vt 0.847477 0.703188
vt 0.850151 0.725376
vt 0.847477 0.725376
vt 0.850151 0.703188
vt 0.853829 0.722980
vt 0.863961 0.725376
vt 0.853829 0.725376
vt 0.863961 0.722980
vt 0.857572 0.722980
vt 0.857572 0.703188
vt 0.860250 0.722980
vt 0.860250 0.703188
vt 0.866965 0.722980
vt 0.877092 0.725376
vt 0.866965 0.725376
vt 0.877092 0.722980
vt 0.870707 0.722980
vt 0.870707 0.703188
vt 0.873386 0.722980
vt 0.873386 0.703188
vt 0.880777 0.703188
vt 0.883450 0.722980
vt 0.880777 0.725376
vt 0.889345 0.725376
vt 0.889345 0.722980
vt 0.883450 0.715528
vt 0.883450 0.713131
vt 0.888534 0.715528
vt 0.888534 0.713131
vt 0.883450 0.705584
vt 0.889345 0.705584
vt 0.889345 0.703188
vt 0.893332 0.703188
vt 0.896010 0.725376
vt 0.893332 0.725376
vt 0.896010 0.705584
vt 0.901900 0.705584
vt 0.901900 0.703188
vt 0.905593 0.703188
vt 0.908271 0.725376
vt 0.905593 0.725376
vt 0.908271 0.715681
vt 0.913195 0.715681
vt 0.915874 0.725376
vt 0.913195 0.725376
vt 0.915874 0.703188
vt 0.908271 0.713285
vt 0.913195 0.713285
vt 0.908271 0.703188
vt 0.913195 0.703188
vt 0.920446 0.703188
vt 0.923125 0.722980
vt 0.920446 0.725376
vt 0.929015 0.725376
vt 0.929015 0.722980
vt 0.923125 0.715528
vt 0.923125 0.713131
vt 0.928204 0.715528
vt 0.928204 0.713131
vt 0.923125 0.705584
vt 0.929015 0.705584
vt 0.929015 0.703188
vt 0.937426 0.725556
vt 0.938184 0.725556
vt 0.937786 0.725566
vt 0.937077 0.725527
vt 0.938565 0.725527
vt 0.936741 0.725480
vt 0.938929 0.725480
vt 0.936416 0.725414
vt 0.939276 0.725414
vt 0.936103 0.725330
vt 0.939607 0.725330
vt 0.935803 0.725230
vt 0.939921 0.725230
vt 0.935514 0.725112
vt 0.940218 0.725112
vt 0.935238 0.724978
vt 0.940500 0.724978
vt 0.934975 0.724828
vt 0.940766 0.724828
vt 0.934724 0.724663
vt 0.941016 0.724663
vt 0.934486 0.724483
vt 0.941251 0.724483
vt 0.934261 0.724289
vt 0.941471 0.724289
vt 0.933994 0.724019
vt 0.941733 0.724008
vt 0.933750 0.723727
vt 0.941965 0.723713
vt 0.933529 0.723413
vt 0.942168 0.723401
vt 0.933331 0.723079
vt 0.937764 0.723165
vt 0.942344 0.723073
vt 0.937572 0.723159
vt 0.937969 0.723159
vt 0.938163 0.723142
vt 0.937051 0.723077
vt 0.938521 0.723075
vt 0.933156 0.722724
vt 0.936749 0.722975
vt 0.942493 0.722727
vt 0.938840 0.722966
vt 0.936359 0.722760
vt 0.939246 0.722731
vt 0.942617 0.722362
vt 0.933005 0.722350
vt 0.936042 0.722486
vt 0.939568 0.722418
vt 0.935916 0.722330
vt 0.939699 0.722244
vt 0.942719 0.721978
vt 0.932876 0.721957
vt 0.935800 0.722161
vt 0.939813 0.722064
vt 0.935697 0.721981
vt 0.939911 0.721878
vt 0.935605 0.721788
vt 0.942798 0.721573
vt 0.932771 0.721546
vt 0.939995 0.721684
vt 0.935524 0.721583
vt 0.940064 0.721480
vt 0.935454 0.721366
vt 0.942858 0.721148
vt 0.932690 0.721118
vt 0.940120 0.721267
vt 0.935395 0.721138
vt 0.940165 0.721044
vt 0.942898 0.720700
vt 0.935348 0.720898
vt 0.932631 0.720673
vt 0.940199 0.720809
vt 0.935311 0.720647
vt 0.940223 0.720561
vt 0.942922 0.720230
vt 0.932596 0.720212
vt 0.935284 0.720386
vt 0.940240 0.720301
vt 0.935269 0.720114
vt 0.940248 0.720026
vt 0.942929 0.719736
vt 0.932584 0.719736
vt 0.935264 0.719832
vt 0.940251 0.719736
vt 0.935271 0.719317
vt 0.932600 0.718938
vt 0.940450 0.719736
vt 0.940670 0.719736
vt 0.940946 0.719736
vt 0.941258 0.719736
vt 0.941590 0.719736
vt 0.941922 0.719736
vt 0.942235 0.719736
vt 0.942511 0.719736
vt 0.942731 0.719736
vt 0.935297 0.718860
vt 0.932650 0.718222
vt 0.935344 0.718455
vt 0.935418 0.718098
vt 0.932737 0.717581
vt 0.935520 0.717781
vt 0.935656 0.717500
vt 0.932862 0.717011
vt 0.935829 0.717249
vt 0.936042 0.717022
vt 0.936301 0.716814
vt 0.933030 0.716503
vt 0.936608 0.716618
vt 0.936968 0.716430
vt 0.933242 0.716052
vt 0.937383 0.716243
vt 0.937568 0.716167
vt 0.937773 0.716083
vt 0.938029 0.715978
vt 0.933501 0.715652
vt 0.938320 0.715858
vt 0.938629 0.715731
vt 0.938937 0.715605
vt 0.933811 0.715296
vt 0.939229 0.715485
vt 0.939485 0.715379
vt 0.939690 0.715295
vt 0.934173 0.714978
vt 0.939875 0.715220
vt 0.940467 0.714950
vt 0.934590 0.714691
vt 0.940984 0.714653
vt 0.935066 0.714429
vt 0.941430 0.714324
vt 0.935602 0.714186
vt 0.941808 0.713959
vt 0.935790 0.714110
vt 0.935997 0.714026
vt 0.936258 0.713920
vt 0.942125 0.713553
vt 0.936553 0.713800
vt 0.936866 0.713672
vt 0.937180 0.713545
vt 0.942385 0.713100
vt 0.937475 0.713425
vt 0.937735 0.713319
vt 0.937943 0.713234
vt 0.938130 0.713158
vt 0.938554 0.712970
vt 0.942592 0.712597
vt 0.938922 0.712774
vt 0.939237 0.712565
vt 0.942750 0.712037
vt 0.939504 0.712336
vt 0.939725 0.712081
vt 0.939905 0.711795
vt 0.942866 0.711416
vt 0.940047 0.711472
vt 0.940155 0.711104
vt 0.942942 0.710730
vt 0.940232 0.710687
vt 0.942985 0.709973
vt 0.940283 0.710214
vt 0.940311 0.709679
vt 0.942998 0.709140
vt 0.940319 0.709077
vt 0.942991 0.708580
vt 0.940316 0.708723
vt 0.932437 0.708415
vt 0.932628 0.708987
vt 0.932430 0.708987
vt 0.932849 0.708987
vt 0.933124 0.708987
vt 0.933438 0.708987
vt 0.933769 0.708987
vt 0.934101 0.708987
vt 0.934414 0.708987
vt 0.934690 0.708987
vt 0.935056 0.708987
vt 0.935112 0.708633
vt 0.940307 0.708393
vt 0.935123 0.708305
vt 0.942970 0.708053
vt 0.932460 0.707887
vt 0.940290 0.708086
vt 0.935142 0.708001
vt 0.940263 0.707801
vt 0.942932 0.707559
vt 0.935171 0.707720
vt 0.932500 0.707398
vt 0.940227 0.707536
vt 0.935210 0.707460
vt 0.942876 0.707096
vt 0.940180 0.707290
vt 0.935260 0.707219
vt 0.932557 0.706947
vt 0.940120 0.707060
vt 0.935323 0.706995
vt 0.942802 0.706661
vt 0.940047 0.706846
vt 0.935399 0.706788
vt 0.932634 0.706529
vt 0.939960 0.706646
vt 0.935489 0.706595
vt 0.942707 0.706255
vt 0.939857 0.706458
vt 0.935594 0.706415
vt 0.932730 0.706143
vt 0.939737 0.706282
vt 0.935716 0.706246
vt 0.939493 0.706009
vt 0.942590 0.705875
vt 0.935955 0.705988
vt 0.932848 0.705784
vt 0.939257 0.705819
vt 0.936184 0.705807
vt 0.942449 0.705519
vt 0.938985 0.705660
vt 0.932989 0.705451
vt 0.936452 0.705654
vt 0.936760 0.705533
vt 0.938674 0.705535
vt 0.938318 0.705449
vt 0.937106 0.705449
vt 0.942284 0.705186
vt 0.933153 0.705140
vt 0.938123 0.705421
vt 0.937916 0.705404
vt 0.937490 0.705404
vt 0.937696 0.705398
vt 0.942092 0.704875
vt 0.933342 0.704848
vt 0.941873 0.704583
vt 0.933556 0.704573
vt 0.941624 0.704311
vt 0.933798 0.704311
vt 0.934026 0.704101
vt 0.941404 0.704114
vt 0.941164 0.703930
vt 0.934272 0.703908
vt 0.940904 0.703759
vt 0.934535 0.703732
vt 0.940626 0.703603
vt 0.934816 0.703574
vt 0.940327 0.703462
vt 0.935115 0.703434
vt 0.940010 0.703336
vt 0.935431 0.703312
vt 0.939673 0.703228
vt 0.935765 0.703209
vt 0.939316 0.703137
vt 0.936116 0.703123
vt 0.938940 0.703066
vt 0.936485 0.703056
vt 0.938544 0.703013
vt 0.936871 0.703009
vt 0.938130 0.702981
vt 0.937274 0.702980
vt 0.937695 0.702970
vt 0.951608 0.725556
vt 0.952366 0.725556
vt 0.951969 0.725566
vt 0.951259 0.725527
vt 0.952746 0.725527
vt 0.950922 0.725480
vt 0.953110 0.725480
vt 0.950597 0.725414
vt 0.953457 0.725414
vt 0.950284 0.725330
vt 0.953788 0.725330
vt 0.949984 0.725230
vt 0.954102 0.725230
vt 0.949696 0.725112
vt 0.954400 0.725112
vt 0.949421 0.724978
vt 0.954681 0.724978
vt 0.949158 0.724828
vt 0.954947 0.724828
vt 0.948909 0.724663
vt 0.955196 0.724663
vt 0.948672 0.724483
vt 0.955430 0.724483
vt 0.948448 0.724289
vt 0.955647 0.724289
vt 0.948179 0.724019
vt 0.955911 0.724008
vt 0.947933 0.723727
vt 0.956145 0.723713
vt 0.947711 0.723413
vt 0.956348 0.723401
vt 0.947513 0.723079
vt 0.951942 0.723165
vt 0.956525 0.723073
vt 0.951568 0.723143
vt 0.952146 0.723159
vt 0.952525 0.723114
vt 0.951076 0.723031
vt 0.947338 0.722724
vt 0.953018 0.722966
vt 0.956674 0.722727
vt 0.950791 0.722911
vt 0.953298 0.722819
vt 0.950425 0.722674
vt 0.953540 0.722635
vt 0.956799 0.722362
vt 0.947186 0.722350
vt 0.950220 0.722486
vt 0.953744 0.722418
vt 0.950093 0.722330
vt 0.953876 0.722244
vt 0.956901 0.721978
vt 0.947058 0.721957
vt 0.949978 0.722161
vt 0.953990 0.722064
vt 0.949874 0.721981
vt 0.954089 0.721878
vt 0.949782 0.721788
vt 0.956981 0.721573
vt 0.946953 0.721546
vt 0.954173 0.721684
vt 0.949701 0.721583
vt 0.954242 0.721480
vt 0.949631 0.721366
vt 0.957040 0.721148
vt 0.946871 0.721118
vt 0.954299 0.721267
vt 0.949572 0.721138
vt 0.954345 0.721044
vt 0.957081 0.720700
vt 0.949524 0.720898
vt 0.946813 0.720673
vt 0.954379 0.720809
vt 0.949487 0.720647
vt 0.954404 0.720561
vt 0.957104 0.720230
vt 0.946778 0.720212
vt 0.949461 0.720386
vt 0.954421 0.720301
vt 0.949445 0.720114
vt 0.954430 0.720026
vt 0.957059 0.719736
vt 0.946766 0.719736
vt 0.949440 0.719832
vt 0.954433 0.719736
vt 0.949448 0.719317
vt 0.946782 0.718938
vt 0.954631 0.719736
vt 0.954851 0.719736
vt 0.955127 0.719736
vt 0.955441 0.719736
vt 0.955772 0.719736
vt 0.956104 0.719736
vt 0.956417 0.719736
vt 0.956693 0.719736
vt 0.949474 0.718860
vt 0.946832 0.718222
vt 0.949522 0.718455
vt 0.949596 0.718098
vt 0.946918 0.717581
vt 0.949700 0.717781
vt 0.949837 0.717500
vt 0.947044 0.717011
vt 0.950011 0.717249
vt 0.950225 0.717022
vt 0.950484 0.716814
vt 0.947211 0.716503
vt 0.950792 0.716618
vt 0.951151 0.716430
vt 0.947423 0.716052
vt 0.951615 0.716223
vt 0.951956 0.716083
vt 0.952213 0.715978
vt 0.947683 0.715652
vt 0.952505 0.715858
vt 0.952814 0.715731
vt 0.953123 0.715605
vt 0.947993 0.715296
vt 0.953414 0.715485
vt 0.953672 0.715379
vt 0.953877 0.715295
vt 0.948356 0.714978
vt 0.954061 0.715220
vt 0.954652 0.714950
vt 0.948774 0.714691
vt 0.955167 0.714653
vt 0.949251 0.714429
vt 0.955611 0.714324
vt 0.949790 0.714186
vt 0.955989 0.713959
vt 0.949977 0.714110
vt 0.950184 0.714026
vt 0.950444 0.713920
vt 0.956304 0.713553
vt 0.950739 0.713800
vt 0.951052 0.713672
vt 0.951364 0.713545
vt 0.956563 0.713100
vt 0.951659 0.713425
vt 0.951919 0.713319
vt 0.952264 0.713178
vt 0.952736 0.712970
vt 0.956769 0.712597
vt 0.953103 0.712774
vt 0.953417 0.712565
vt 0.956928 0.712037
vt 0.953683 0.712336
vt 0.953903 0.712081
vt 0.954083 0.711795
vt 0.957043 0.711416
vt 0.954225 0.711472
vt 0.954333 0.711104
vt 0.957119 0.710730
vt 0.954410 0.710687
vt 0.957162 0.709973
vt 0.954461 0.710214
vt 0.954489 0.709679
vt 0.957175 0.709140
vt 0.954497 0.709077
vt 0.957168 0.708580
vt 0.954494 0.708723
vt 0.946616 0.708415
vt 0.946807 0.708987
vt 0.946608 0.708987
vt 0.947027 0.708987
vt 0.947303 0.708987
vt 0.947616 0.708987
vt 0.947947 0.708987
vt 0.948279 0.708987
vt 0.948592 0.708987
vt 0.948868 0.708987
vt 0.949088 0.708987
vt 0.949286 0.708987
vt 0.949289 0.708633
vt 0.954485 0.708393
vt 0.949300 0.708305
vt 0.957147 0.708053
vt 0.946639 0.707887
vt 0.954468 0.708086
vt 0.949319 0.708001
vt 0.954442 0.707801
vt 0.957109 0.707559
vt 0.949348 0.707720
vt 0.946678 0.707398
vt 0.954407 0.707536
vt 0.949387 0.707460
vt 0.957055 0.707096
vt 0.954360 0.707290
vt 0.949437 0.707219
vt 0.946736 0.706947
vt 0.954300 0.707060
vt 0.949500 0.706995
vt 0.956981 0.706661
vt 0.954227 0.706846
vt 0.949576 0.706788
vt 0.946812 0.706529
vt 0.954139 0.706646
vt 0.949667 0.706595
vt 0.956886 0.706255
vt 0.954036 0.706458
vt 0.949772 0.706415
vt 0.946909 0.706143
vt 0.953915 0.706282
vt 0.949895 0.706246
vt 0.953776 0.706114
vt 0.956770 0.705875
vt 0.950034 0.706087
vt 0.947028 0.705784
vt 0.953558 0.705910
vt 0.950243 0.705894
vt 0.956630 0.705519
vt 0.953164 0.705660
vt 0.950492 0.705727
vt 0.947169 0.705451
vt 0.952852 0.705535
vt 0.950780 0.705590
vt 0.951107 0.705486
vt 0.952496 0.705449
vt 0.956466 0.705186
vt 0.951472 0.705421
vt 0.947333 0.705140
vt 0.952301 0.705421
vt 0.952093 0.705404
vt 0.951668 0.705404
vt 0.951873 0.705398
vt 0.956275 0.704875
vt 0.947523 0.704848
vt 0.956055 0.704583
vt 0.947739 0.704573
vt 0.955807 0.704311
vt 0.947982 0.704311
vt 0.948209 0.704101
vt 0.955587 0.704114
vt 0.955347 0.703930
vt 0.948453 0.703908
vt 0.955087 0.703759
vt 0.948716 0.703732
vt 0.954809 0.703603
vt 0.948997 0.703574
vt 0.954510 0.703462
vt 0.949295 0.703434
vt 0.954192 0.703336
vt 0.949611 0.703312
vt 0.953855 0.703228
vt 0.949945 0.703209
vt 0.953498 0.703137
vt 0.950296 0.703123
vt 0.953121 0.703066
vt 0.950665 0.703056
vt 0.952725 0.703013
vt 0.951051 0.703009
vt 0.952309 0.702981
vt 0.951453 0.702980
vt 0.951873 0.702970
vt 0.961195 0.703188
vt 0.963871 0.722980
vt 0.961195 0.725376
vt 0.969762 0.725376
vt 0.969762 0.722980
vt 0.963871 0.715528
vt 0.963871 0.713131
vt 0.968952 0.715528
vt 0.968952 0.713131
vt 0.963871 0.705584
vt 0.969762 0.705584
vt 0.969762 0.703188
vt 0.973750 0.703188
vt 0.976241 0.725376
vt 0.973750 0.725376
vt 0.976423 0.718363
vt 0.981919 0.710200
vt 0.984593 0.725376
vt 0.981919 0.725376
vt 0.984593 0.703188
vt 0.976423 0.703188
vt 0.982164 0.703188
vt 0.206389 0.282196
vt 0.254608 0.282196
vt 0.178790 0.282196
vt 0.227010 0.282196
vt 0.030855 0.199005
vt 0.030855 0.217490
vt 0.049346 0.217490
vt 0.049346 0.199005
vt 0.030855 0.226734
vt 0.030855 0.245221
vt 0.049346 0.245221
vt 0.049346 0.226734
vt 0.030855 0.254465
vt 0.030855 0.272950
vt 0.049346 0.272950
vt 0.049346 0.254465
vt 0.058594 0.199005
vt 0.058594 0.217490
vt 0.077081 0.217490
vt 0.077081 0.199005
vt 0.058594 0.226734
vt 0.058594 0.245221
vt 0.077081 0.245221
vt 0.077081 0.226734
vt 0.058594 0.254465
vt 0.058594 0.272950
vt 0.077081 0.272950
vt 0.077081 0.254465
vt 0.058594 0.282196
vt 0.058594 0.300681
vt 0.077081 0.300681
vt 0.077081 0.282196
vt 0.086329 0.199005
vt 0.086329 0.217490
vt 0.104819 0.217490
vt 0.104819 0.199005
vt 0.086329 0.226734
vt 0.086329 0.245221
vt 0.104819 0.245221
vt 0.104819 0.226734
vt 0.086329 0.254465
vt 0.086329 0.272950
vt 0.104819 0.272950
vt 0.104819 0.254465
vt 0.086329 0.282196
vt 0.086329 0.300681
vt 0.104819 0.300681
vt 0.104819 0.282196
vt 0.178790 0.300683
vt 0.254608 0.300683
vt 0.206389 0.199000
vt 0.227010 0.199000
vt 0.277731 0.199000
vt 0.277731 0.300683
vt 0.298348 0.300683
vt 0.298348 0.259747
vt 0.334106 0.259747
vt 0.334106 0.300683
vt 0.354732 0.300683
vt 0.354732 0.199000
vt 0.298348 0.241493
vt 0.334106 0.241493
vt 0.298348 0.199000
vt 0.334106 0.199000
vt 0.377845 0.199000
vt 0.377845 0.300683
vt 0.398176 0.300683
vt 0.398470 0.256619
vt 0.425771 0.243561
vt 0.453224 0.300683
vt 0.473551 0.300683
vt 0.452926 0.256619
vt 0.473551 0.199000
vt 0.398470 0.199000
vt 0.418308 0.217492
vt 0.433215 0.217496
vt 0.452926 0.199000
vt 0.418308 0.217493
vt 0.540110 0.248720
vt 0.540110 0.251117
vt 0.550237 0.251117
vt 0.550237 0.248720
vt 0.543848 0.248720
vt 0.543849 0.228928
vt 0.546526 0.248720
vt 0.546526 0.228928
vt 0.553917 0.228929
vt 0.553917 0.251117
vt 0.556594 0.248720
vt 0.562480 0.251117
vt 0.562480 0.248720
vt 0.556594 0.241268
vt 0.556594 0.238872
vt 0.561674 0.241268
vt 0.561674 0.238872
vt 0.556594 0.231324
vt 0.562480 0.231324
vt 0.562480 0.228928
vt 0.570755 0.251349
vt 0.571180 0.251362
vt 0.571560 0.251352
vt 0.571922 0.251324
vt 0.570351 0.251309
vt 0.572266 0.251276
vt 0.569969 0.251246
vt 0.572593 0.251211
vt 0.569607 0.251158
vt 0.572905 0.251127
vt 0.569265 0.251048
vt 0.573201 0.251026
vt 0.568942 0.250917
vt 0.573484 0.250907
vt 0.568638 0.250766
vt 0.573752 0.250771
vt 0.574009 0.250618
vt 0.568352 0.250596
vt 0.574253 0.250448
vt 0.568085 0.250408
vt 0.574486 0.250263
vt 0.567834 0.250203
vt 0.574710 0.250061
vt 0.567601 0.249983
vt 0.574955 0.249799
vt 0.567383 0.249748
vt 0.575180 0.249513
vt 0.567044 0.249320
vt 0.575385 0.249206
vt 0.566755 0.248869
vt 0.571180 0.248969
vt 0.575569 0.248878
vt 0.570968 0.248962
vt 0.571386 0.248962
vt 0.571580 0.248941
vt 0.570768 0.248941
vt 0.571935 0.248863
vt 0.570579 0.248907
vt 0.570234 0.248804
vt 0.575732 0.248531
vt 0.566512 0.248381
vt 0.572245 0.248742
vt 0.569795 0.248568
vt 0.572513 0.248585
vt 0.575874 0.248166
vt 0.572740 0.248399
vt 0.569551 0.248365
vt 0.566312 0.247842
vt 0.569345 0.248131
vt 0.572929 0.248190
vt 0.573054 0.248021
vt 0.575996 0.247784
vt 0.569163 0.247849
vt 0.573164 0.247841
vt 0.569007 0.247527
vt 0.566150 0.247238
vt 0.573260 0.247652
vt 0.576098 0.247387
vt 0.573344 0.247453
vt 0.568874 0.247156
vt 0.573416 0.247247
vt 0.576178 0.246975
vt 0.573476 0.247034
vt 0.566023 0.246555
vt 0.568764 0.246727
vt 0.573526 0.246815
vt 0.576238 0.246550
vt 0.573566 0.246591
vt 0.568673 0.246229
vt 0.573598 0.246363
vt 0.565926 0.245780
vt 0.576277 0.246114
vt 0.573622 0.246132
vt 0.568600 0.245653
vt 0.573638 0.245900
vt 0.576243 0.245666
vt 0.573649 0.245666
vt 0.565856 0.244897
vt 0.573845 0.245666
vt 0.574063 0.245666
vt 0.574335 0.245666
vt 0.574644 0.245666
vt 0.574972 0.245666
vt 0.575300 0.245666
vt 0.575609 0.245666
vt 0.575882 0.245666
vt 0.568543 0.244990
vt 0.568501 0.244230
vt 0.565808 0.243895
vt 0.568471 0.243362
vt 0.565779 0.242757
vt 0.568452 0.242379
vt 0.565765 0.241471
vt 0.568442 0.241269
vt 0.565761 0.240023
vt 0.568439 0.240023
vt 0.565765 0.238573
vt 0.568442 0.238777
vt 0.568452 0.237667
vt 0.565779 0.237286
vt 0.568471 0.236683
vt 0.565808 0.236148
vt 0.568501 0.235815
vt 0.565856 0.235145
vt 0.568543 0.235055
vt 0.565926 0.234263
vt 0.568600 0.234392
vt 0.573638 0.234179
vt 0.573649 0.234414
vt 0.576295 0.234414
vt 0.576276 0.233950
vt 0.568673 0.233817
vt 0.566023 0.233488
vt 0.573620 0.233944
vt 0.576235 0.233497
vt 0.573594 0.233710
vt 0.568764 0.233320
vt 0.573560 0.233478
vt 0.576172 0.233056
vt 0.566150 0.232805
vt 0.573518 0.233250
vt 0.568874 0.232891
vt 0.573466 0.233027
vt 0.576087 0.232629
vt 0.573404 0.232810
vt 0.569007 0.232520
vt 0.573332 0.232599
vt 0.566312 0.232202
vt 0.575980 0.232217
vt 0.573249 0.232398
vt 0.569163 0.232199
vt 0.573155 0.232205
vt 0.575851 0.231823
vt 0.573048 0.232024
vt 0.566512 0.231663
vt 0.569345 0.231918
vt 0.572839 0.231748
vt 0.575700 0.231447
vt 0.569668 0.231576
vt 0.566755 0.231175
vt 0.572631 0.231549
vt 0.572384 0.231377
vt 0.570077 0.231310
vt 0.575527 0.231091
vt 0.570401 0.231184
vt 0.571934 0.231181
vt 0.571580 0.231104
vt 0.567044 0.230725
vt 0.570768 0.231104
vt 0.570968 0.231083
vt 0.571386 0.231083
vt 0.575332 0.230756
vt 0.571180 0.231076
vt 0.575115 0.230444
vt 0.567383 0.230297
vt 0.574876 0.230158
vt 0.567601 0.230063
vt 0.574615 0.229897
vt 0.567834 0.229843
vt 0.574392 0.229709
vt 0.568085 0.229638
vt 0.574160 0.229536
vt 0.568352 0.229450
vt 0.573917 0.229378
vt 0.568638 0.229279
vt 0.573664 0.229235
vt 0.568942 0.229127
vt 0.573399 0.229107
vt 0.569265 0.228995
vt 0.573122 0.228996
vt 0.572832 0.228900
vt 0.569607 0.228884
vt 0.572529 0.228821
vt 0.569969 0.228796
vt 0.572214 0.228759
vt 0.570351 0.228731
vt 0.571884 0.228715
vt 0.570755 0.228692
vt 0.571539 0.228687
vt 0.571180 0.228678
vt 0.580233 0.228928
vt 0.580233 0.251116
vt 0.582911 0.251116
vt 0.582911 0.241422
vt 0.587845 0.241422
vt 0.587845 0.251116
vt 0.590514 0.251116
vt 0.590514 0.228928
vt 0.582911 0.239026
vt 0.587845 0.239026
vt 0.582911 0.228928
vt 0.587845 0.228928
vt 0.595090 0.228928
vt 0.595090 0.251116
vt 0.597578 0.251116
vt 0.597764 0.244103
vt 0.603256 0.235940
vt 0.603256 0.251116
vt 0.605933 0.251116
vt 0.605933 0.228928
vt 0.597764 0.228928
vt 0.603504 0.228928
vt 0.610864 0.228928
vt 0.610864 0.251116
vt 0.613537 0.251116
vt 0.613537 0.228928
vt 0.622477 0.251296
vt 0.622838 0.251306
vt 0.623235 0.251296
vt 0.622128 0.251268
vt 0.623616 0.251268
vt 0.621791 0.251220
vt 0.623980 0.251220
vt 0.621466 0.251154
vt 0.624327 0.251154
vt 0.621154 0.251071
vt 0.624658 0.251071
vt 0.620853 0.250970
vt 0.624972 0.250970
vt 0.620565 0.250852
vt 0.625270 0.250852
vt 0.620290 0.250719
vt 0.625552 0.250719
vt 0.620027 0.250569
vt 0.625818 0.250569
vt 0.619776 0.250404
vt 0.626067 0.250404
vt 0.619538 0.250224
vt 0.626301 0.250224
vt 0.619313 0.250029
vt 0.626518 0.250029
vt 0.619046 0.249760
vt 0.626782 0.249749
vt 0.618802 0.249468
vt 0.627015 0.249453
vt 0.618581 0.249154
vt 0.627219 0.249142
vt 0.618383 0.248819
vt 0.622807 0.248906
vt 0.627395 0.248813
vt 0.622435 0.248883
vt 0.623014 0.248900
vt 0.623209 0.248883
vt 0.621944 0.248771
vt 0.623735 0.248766
vt 0.618208 0.248465
vt 0.627544 0.248467
vt 0.621530 0.248579
vt 0.624170 0.248559
vt 0.621296 0.248415
vt 0.624413 0.248376
vt 0.627669 0.248102
vt 0.618057 0.248091
vt 0.624619 0.248158
vt 0.621094 0.248226
vt 0.620968 0.248070
vt 0.624751 0.247985
vt 0.627771 0.247718
vt 0.617929 0.247698
vt 0.620852 0.247902
vt 0.624865 0.247805
vt 0.620749 0.247721
vt 0.624963 0.247618
vt 0.620657 0.247528
vt 0.627851 0.247314
vt 0.617824 0.247286
vt 0.625047 0.247424
vt 0.620576 0.247323
vt 0.625116 0.247221
vt 0.620506 0.247106
vt 0.627910 0.246888
vt 0.617742 0.246858
vt 0.625172 0.247008
vt 0.620447 0.246878
vt 0.625217 0.246784
vt 0.627951 0.246441
vt 0.620399 0.246638
vt 0.617683 0.246413
vt 0.625252 0.246549
vt 0.620363 0.246388
vt 0.625276 0.246302
vt 0.627974 0.245970
vt 0.617648 0.245952
vt 0.620336 0.246126
vt 0.625292 0.246041
vt 0.620321 0.245854
vt 0.625301 0.245766
vt 0.627981 0.245476
vt 0.617637 0.245476
vt 0.620315 0.245572
vt 0.625304 0.245476
vt 0.620323 0.245057
vt 0.617653 0.244678
vt 0.625502 0.245476
vt 0.625722 0.245476
vt 0.625998 0.245476
vt 0.626311 0.245476
vt 0.626643 0.245476
vt 0.626974 0.245476
vt 0.627287 0.245476
vt 0.627563 0.245476
vt 0.627783 0.245476
vt 0.620349 0.244600
vt 0.617703 0.243962
vt 0.620396 0.244196
vt 0.620469 0.243838
vt 0.617789 0.243322
vt 0.620572 0.243522
vt 0.620708 0.243241
vt 0.617915 0.242751
vt 0.620881 0.242990
vt 0.621095 0.242763
vt 0.621353 0.242554
vt 0.618082 0.242243
vt 0.621660 0.242359
vt 0.622020 0.242170
vt 0.618294 0.241793
vt 0.622436 0.241983
vt 0.622620 0.241908
vt 0.622825 0.241824
vt 0.623082 0.241718
vt 0.618554 0.241392
vt 0.623373 0.241599
vt 0.623681 0.241472
vt 0.623990 0.241345
vt 0.618863 0.241036
vt 0.624281 0.241225
vt 0.624538 0.241120
vt 0.624878 0.240980
vt 0.619225 0.240718
vt 0.625519 0.240690
vt 0.619643 0.240431
vt 0.626036 0.240393
vt 0.620118 0.240170
vt 0.626481 0.240065
vt 0.620655 0.239927
vt 0.626859 0.239700
vt 0.620842 0.239851
vt 0.621050 0.239766
vt 0.621310 0.239660
vt 0.627175 0.239294
vt 0.621605 0.239540
vt 0.621918 0.239413
vt 0.622231 0.239285
vt 0.627434 0.238841
vt 0.622527 0.239165
vt 0.622787 0.239059
vt 0.622995 0.238975
vt 0.623182 0.238899
vt 0.623605 0.238710
vt 0.627640 0.238337
vt 0.623972 0.238514
vt 0.624286 0.238305
vt 0.627799 0.237777
vt 0.624552 0.238076
vt 0.624773 0.237822
vt 0.624953 0.237536
vt 0.627913 0.237157
vt 0.625095 0.237212
vt 0.625202 0.236845
vt 0.627990 0.236470
vt 0.625280 0.236428
vt 0.628032 0.235713
vt 0.625331 0.235955
vt 0.625358 0.235420
vt 0.628045 0.234881
vt 0.625367 0.234817
vt 0.628038 0.234320
vt 0.625364 0.234463
vt 0.617485 0.234156
vt 0.617477 0.234727
vt 0.617676 0.234727
vt 0.617896 0.234727
vt 0.618172 0.234727
vt 0.618485 0.234727
vt 0.618817 0.234727
vt 0.619148 0.234727
vt 0.619461 0.234727
vt 0.619737 0.234727
vt 0.619957 0.234727
vt 0.620156 0.234727
vt 0.620159 0.234373
vt 0.625355 0.234133
vt 0.620170 0.234045
vt 0.628017 0.233794
vt 0.617508 0.233627
vt 0.625338 0.233827
vt 0.620190 0.233742
vt 0.625312 0.233542
vt 0.627980 0.233300
vt 0.620219 0.233461
vt 0.617547 0.233139
vt 0.625277 0.233277
vt 0.620258 0.233200
vt 0.627925 0.232836
vt 0.625230 0.233030
vt 0.620309 0.232959
vt 0.617605 0.232687
vt 0.625171 0.232801
vt 0.620372 0.232736
vt 0.627851 0.232402
vt 0.625098 0.232586
vt 0.620448 0.232529
vt 0.617682 0.232270
vt 0.625011 0.232386
vt 0.620538 0.232336
vt 0.627756 0.231995
vt 0.624909 0.232199
vt 0.620644 0.232156
vt 0.617778 0.231883
vt 0.624789 0.232022
vt 0.620765 0.231987
vt 0.624545 0.231749
vt 0.627639 0.231615
vt 0.621002 0.231728
vt 0.617897 0.231525
vt 0.624178 0.231476
vt 0.621359 0.231468
vt 0.627499 0.231259
vt 0.618037 0.231191
vt 0.623886 0.231334
vt 0.621648 0.231330
vt 0.623368 0.231190
vt 0.621976 0.231227
vt 0.627334 0.230926
vt 0.618202 0.230880
vt 0.623173 0.231162
vt 0.622342 0.231162
vt 0.622965 0.231145
vt 0.622538 0.231145
vt 0.622743 0.231139
vt 0.627142 0.230615
vt 0.618392 0.230589
vt 0.626921 0.230324
vt 0.618608 0.230313
vt 0.626671 0.230051
vt 0.618851 0.230051
vt 0.619076 0.229841
vt 0.626452 0.229855
vt 0.626213 0.229670
vt 0.619320 0.229648
vt 0.625954 0.229500
vt 0.619583 0.229473
vt 0.625675 0.229343
vt 0.619864 0.229315
vt 0.625377 0.229202
vt 0.620162 0.229175
vt 0.625059 0.229077
vt 0.620479 0.229053
vt 0.624721 0.228968
vt 0.620813 0.228949
vt 0.624364 0.228878
vt 0.621165 0.228864
vt 0.623988 0.228806
vt 0.621534 0.228797
vt 0.623592 0.228753
vt 0.621920 0.228749
vt 0.623177 0.228721
vt 0.622323 0.228720
vt 0.622743 0.228710
vt 0.636441 0.251349
vt 0.636867 0.251362
vt 0.637247 0.251352
vt 0.637609 0.251324
vt 0.636036 0.251309
vt 0.637952 0.251276
vt 0.635653 0.251246
vt 0.638279 0.251211
vt 0.635290 0.251158
vt 0.638590 0.251127
vt 0.634948 0.251048
vt 0.638885 0.251026
vt 0.634625 0.250917
vt 0.639167 0.250907
vt 0.634321 0.250766
vt 0.639434 0.250771
vt 0.639689 0.250618
vt 0.634035 0.250596
vt 0.639933 0.250448
vt 0.633767 0.250408
vt 0.640165 0.250263
vt 0.633517 0.250203
vt 0.640387 0.250061
vt 0.633283 0.249983
vt 0.640635 0.249799
vt 0.633065 0.249748
vt 0.640862 0.249513
vt 0.632726 0.249320
vt 0.641067 0.249206
vt 0.632437 0.248869
vt 0.636868 0.248969
vt 0.641252 0.248878
vt 0.636656 0.248962
vt 0.637071 0.248962
vt 0.637264 0.248941
vt 0.636455 0.248941
vt 0.636266 0.248907
vt 0.637776 0.248808
vt 0.635920 0.248804
vt 0.641415 0.248531
vt 0.632195 0.248381
vt 0.638194 0.248585
vt 0.635479 0.248568
vt 0.641558 0.248166
vt 0.638424 0.248399
vt 0.635234 0.248365
vt 0.631995 0.247842
vt 0.635028 0.248131
vt 0.638616 0.248190
vt 0.638740 0.248021
vt 0.641680 0.247784
vt 0.634846 0.247849
vt 0.638850 0.247841
vt 0.634690 0.247527
vt 0.631834 0.247238
vt 0.638945 0.247652
vt 0.641781 0.247387
vt 0.639028 0.247453
vt 0.634557 0.247156
vt 0.639099 0.247247
vt 0.641861 0.246975
vt 0.639159 0.247034
vt 0.631707 0.246555
vt 0.634447 0.246727
vt 0.639209 0.246815
vt 0.641921 0.246550
vt 0.639249 0.246591
vt 0.634356 0.246229
vt 0.639281 0.246363
vt 0.631611 0.245780
vt 0.641960 0.246114
vt 0.639304 0.246132
vt 0.634283 0.245653
vt 0.639321 0.245900
vt 0.641979 0.245666
vt 0.639332 0.245666
vt 0.631542 0.244897
vt 0.639528 0.245666
vt 0.639745 0.245666
vt 0.640018 0.245666
vt 0.640327 0.245666
vt 0.640655 0.245666
vt 0.640983 0.245666
vt 0.641292 0.245666
vt 0.641565 0.245666
vt 0.641782 0.245666
vt 0.634226 0.244990
vt 0.634184 0.244230
vt 0.631494 0.243895
vt 0.634154 0.243362
vt 0.631466 0.242757
vt 0.634135 0.242379
vt 0.631451 0.241471
vt 0.634125 0.241269
vt 0.631447 0.240023
vt 0.634122 0.240023
vt 0.631451 0.238573
vt 0.634125 0.238777
vt 0.634135 0.237667
vt 0.631466 0.237286
vt 0.634154 0.236683
vt 0.631494 0.236148
vt 0.634184 0.235815
vt 0.631542 0.235145
vt 0.634226 0.235055
vt 0.631611 0.234263
vt 0.634283 0.234392
vt 0.639321 0.234179
vt 0.639332 0.234414
vt 0.641979 0.234414
vt 0.641959 0.233950
vt 0.634356 0.233817
vt 0.631708 0.233488
vt 0.639302 0.233944
vt 0.641918 0.233497
vt 0.639277 0.233710
vt 0.634447 0.233320
vt 0.639243 0.233478
vt 0.641856 0.233056
vt 0.631834 0.232805
vt 0.639201 0.233250
vt 0.634557 0.232891
vt 0.639149 0.233027
vt 0.641771 0.232629
vt 0.639088 0.232810
vt 0.634690 0.232520
vt 0.639016 0.232599
vt 0.631995 0.232202
vt 0.641664 0.232217
vt 0.638934 0.232398
vt 0.634846 0.232199
vt 0.638840 0.232205
vt 0.641535 0.231823
vt 0.638735 0.232024
vt 0.632195 0.231663
vt 0.635028 0.231918
vt 0.638525 0.231748
vt 0.641384 0.231447
vt 0.635351 0.231576
vt 0.632437 0.231175
vt 0.638194 0.231459
vt 0.635762 0.231310
vt 0.637926 0.231302
vt 0.641211 0.231091
vt 0.637616 0.231181
vt 0.636088 0.231184
vt 0.637264 0.231104
vt 0.632726 0.230725
vt 0.636455 0.231104
vt 0.636656 0.231083
vt 0.637071 0.231083
vt 0.641016 0.230756
vt 0.636868 0.231076
vt 0.640799 0.230444
vt 0.633065 0.230297
vt 0.640559 0.230158
vt 0.633283 0.230063
vt 0.640297 0.229897
vt 0.633517 0.229843
vt 0.640074 0.229709
vt 0.633767 0.229638
vt 0.639841 0.229536
vt 0.634035 0.229450
vt 0.639598 0.229378
vt 0.634321 0.229279
vt 0.639345 0.229235
vt 0.634625 0.229127
vt 0.639081 0.229107
vt 0.634948 0.228995
vt 0.638804 0.228996
vt 0.638516 0.228900
vt 0.635290 0.228884
vt 0.638214 0.228821
vt 0.635653 0.228796
vt 0.637899 0.228759
vt 0.636036 0.228731
vt 0.637570 0.228715
vt 0.636441 0.228692
vt 0.637226 0.228687
vt 0.636867 0.228678
vt 0.645752 0.228928
vt 0.645752 0.251116
vt 0.648430 0.251116
vt 0.648430 0.241422
vt 0.653356 0.241422
vt 0.653356 0.251116
vt 0.656033 0.251116
vt 0.656033 0.228928
vt 0.648430 0.239026
vt 0.653356 0.239026
vt 0.648430 0.228928
vt 0.653356 0.228928
vt 0.649853 0.274256
vt 0.649853 0.375935
vt 0.652332 0.375935
vt 0.652332 0.274256
vt 0.660610 0.228929
vt 0.660610 0.251117
vt 0.663283 0.248720
vt 0.669173 0.251117
vt 0.669173 0.248720
vt 0.663283 0.241268
vt 0.663283 0.238872
vt 0.668363 0.241268
vt 0.668363 0.238872
vt 0.663283 0.231324
vt 0.669173 0.231324
vt 0.669173 0.228928
vt 0.680089 0.228928
vt 0.680089 0.251116
vt 0.682771 0.251116
vt 0.682771 0.241422
vt 0.687697 0.241422
vt 0.687697 0.251116
vt 0.690370 0.251116
vt 0.690370 0.228928
vt 0.682771 0.239026
vt 0.687697 0.239026
vt 0.682771 0.228928
vt 0.687697 0.228928
vt 0.699424 0.251348
vt 0.699849 0.251361
vt 0.700275 0.251348
vt 0.699022 0.251309
vt 0.700678 0.251309
vt 0.698641 0.251245
vt 0.701059 0.251245
vt 0.698281 0.251158
vt 0.701420 0.251158
vt 0.697941 0.251048
vt 0.701760 0.251048
vt 0.697620 0.250917
vt 0.702082 0.250917
vt 0.697317 0.250766
vt 0.702385 0.250766
vt 0.697032 0.250595
vt 0.702670 0.250595
vt 0.696763 0.250407
vt 0.702939 0.250407
vt 0.696509 0.250203
vt 0.703192 0.250203
vt 0.696271 0.249983
vt 0.703431 0.249983
vt 0.696046 0.249748
vt 0.703655 0.249748
vt 0.695714 0.249340
vt 0.703988 0.249340
vt 0.704272 0.248902
vt 0.695430 0.248902
vt 0.699850 0.248968
vt 0.699637 0.248961
vt 0.700062 0.248961
vt 0.699436 0.248941
vt 0.700261 0.248940
vt 0.699246 0.248907
vt 0.700449 0.248907
vt 0.698900 0.248803
vt 0.700788 0.248803
vt 0.704512 0.248421
vt 0.695190 0.248420
vt 0.698596 0.248656
vt 0.701218 0.248567
vt 0.698216 0.248364
vt 0.701455 0.248364
vt 0.704711 0.247884
vt 0.694991 0.247884
vt 0.698010 0.248131
vt 0.701657 0.248131
vt 0.697828 0.247848
vt 0.701840 0.247848
vt 0.704872 0.247278
vt 0.694830 0.247278
vt 0.697672 0.247526
vt 0.701999 0.247526
vt 0.697540 0.247155
vt 0.702134 0.247155
vt 0.705001 0.246591
vt 0.694701 0.246590
vt 0.697429 0.246726
vt 0.702249 0.246726
vt 0.697339 0.246228
vt 0.702343 0.246228
vt 0.705099 0.245808
vt 0.694603 0.245808
vt 0.697266 0.245653
vt 0.702420 0.245653
vt 0.705171 0.244918
vt 0.694531 0.244918
vt 0.697210 0.244990
vt 0.702481 0.244990
vt 0.697169 0.244229
vt 0.702526 0.244229
vt 0.705221 0.243908
vt 0.694481 0.243908
vt 0.697139 0.243362
vt 0.702559 0.243362
vt 0.705252 0.242763
vt 0.694450 0.242763
vt 0.697121 0.242378
vt 0.702580 0.242378
vt 0.705268 0.241473
vt 0.694434 0.241473
vt 0.697111 0.241268
vt 0.702592 0.241268
vt 0.705273 0.240022
vt 0.694429 0.240022
vt 0.697108 0.240022
vt 0.702595 0.240022
vt 0.694434 0.238571
vt 0.697111 0.238776
vt 0.702592 0.238776
vt 0.705268 0.238571
vt 0.697121 0.237666
vt 0.702580 0.237666
vt 0.705252 0.237279
vt 0.694450 0.237279
vt 0.697139 0.236682
vt 0.702559 0.236682
vt 0.705221 0.236135
vt 0.694481 0.236134
vt 0.697169 0.235815
vt 0.702526 0.235815
vt 0.705171 0.235124
vt 0.694531 0.235124
vt 0.697210 0.235055
vt 0.702481 0.235055
vt 0.705099 0.234234
vt 0.694603 0.234234
vt 0.697266 0.234392
vt 0.702420 0.234392
vt 0.697339 0.233816
vt 0.702343 0.233816
vt 0.705001 0.233452
vt 0.694701 0.233452
vt 0.697429 0.233319
vt 0.702249 0.233319
vt 0.704872 0.232765
vt 0.694830 0.232764
vt 0.697540 0.232890
vt 0.702134 0.232890
vt 0.697672 0.232520
vt 0.701999 0.232520
vt 0.704711 0.232159
vt 0.694991 0.232159
vt 0.697828 0.232199
vt 0.701840 0.232199
vt 0.698108 0.231796
vt 0.701560 0.231796
vt 0.704512 0.231623
vt 0.695190 0.231622
vt 0.701341 0.231575
vt 0.698333 0.231576
vt 0.704272 0.231142
vt 0.695430 0.231142
vt 0.698596 0.231389
vt 0.701085 0.231389
vt 0.698900 0.231241
vt 0.700624 0.231183
vt 0.699246 0.231137
vt 0.703988 0.230704
vt 0.695714 0.230704
vt 0.699436 0.231103
vt 0.700261 0.231103
vt 0.699637 0.231083
vt 0.700062 0.231083
vt 0.699850 0.231076
vt 0.703655 0.230296
vt 0.696046 0.230296
vt 0.696271 0.230062
vt 0.703431 0.230062
vt 0.696509 0.229843
vt 0.703193 0.229843
vt 0.696763 0.229638
vt 0.702940 0.229638
vt 0.697031 0.229449
vt 0.702671 0.229449
vt 0.697317 0.229279
vt 0.702385 0.229279
vt 0.697620 0.229127
vt 0.702082 0.229127
vt 0.697941 0.228995
vt 0.701760 0.228995
vt 0.698281 0.228884
vt 0.701420 0.228884
vt 0.698641 0.228796
vt 0.701059 0.228796
vt 0.699022 0.228731
vt 0.700678 0.228731
vt 0.699424 0.228691
vt 0.700275 0.228691
vt 0.699849 0.228678
vt 0.714087 0.251349
vt 0.714512 0.251362
vt 0.714893 0.251352
vt 0.715255 0.251324
vt 0.713683 0.251309
vt 0.715599 0.251276
vt 0.713300 0.251246
vt 0.715926 0.251211
vt 0.712938 0.251158
vt 0.716236 0.251127
vt 0.712595 0.251048
vt 0.716532 0.251026
vt 0.712272 0.250917
vt 0.716813 0.250907
vt 0.711968 0.250766
vt 0.717080 0.250771
vt 0.717335 0.250618
vt 0.711681 0.250596
vt 0.717578 0.250448
vt 0.711412 0.250408
vt 0.717810 0.250263
vt 0.711160 0.250203
vt 0.718032 0.250061
vt 0.710925 0.249983
vt 0.718279 0.249799
vt 0.710705 0.249748
vt 0.718505 0.249513
vt 0.710367 0.249320
vt 0.718710 0.249206
vt 0.710079 0.248869
vt 0.714512 0.248969
vt 0.718895 0.248878
vt 0.714299 0.248962
vt 0.714717 0.248962
vt 0.714910 0.248941
vt 0.714098 0.248941
vt 0.713728 0.248861
vt 0.715263 0.248863
vt 0.719058 0.248531
vt 0.709838 0.248381
vt 0.715573 0.248742
vt 0.713403 0.248735
vt 0.715842 0.248585
vt 0.712992 0.248470
vt 0.719201 0.248166
vt 0.716070 0.248399
vt 0.712766 0.248251
vt 0.709639 0.247842
vt 0.716261 0.248190
vt 0.716386 0.248021
vt 0.719323 0.247784
vt 0.712487 0.247849
vt 0.716496 0.247841
vt 0.712332 0.247527
vt 0.709478 0.247238
vt 0.716592 0.247652
vt 0.719425 0.247387
vt 0.716675 0.247453
vt 0.712201 0.247156
vt 0.716746 0.247247
vt 0.719505 0.246975
vt 0.716806 0.247034
vt 0.709352 0.246555
vt 0.712091 0.246727
vt 0.716856 0.246815
vt 0.719565 0.246550
vt 0.716896 0.246591
vt 0.712001 0.246229
vt 0.716928 0.246363
vt 0.709256 0.245780
vt 0.719604 0.246114
vt 0.716952 0.246132
vt 0.711929 0.245653
vt 0.716970 0.245900
vt 0.719622 0.245666
vt 0.716981 0.245666
vt 0.709187 0.244897
vt 0.717177 0.245666
vt 0.717394 0.245666
vt 0.717666 0.245666
vt 0.717975 0.245666
vt 0.718302 0.245666
vt 0.718629 0.245666
vt 0.718938 0.245666
vt 0.719210 0.245666
vt 0.719427 0.245666
vt 0.711873 0.244990
vt 0.711831 0.244230
vt 0.709140 0.243895
vt 0.711802 0.243362
vt 0.709111 0.242757
vt 0.711784 0.242379
vt 0.709097 0.241471
vt 0.711774 0.241269
vt 0.709093 0.240023
vt 0.711771 0.240023
vt 0.709097 0.238573
vt 0.711774 0.238777
vt 0.711784 0.237667
vt 0.709111 0.237286
vt 0.711802 0.236683
vt 0.709140 0.236148
vt 0.711831 0.235815
vt 0.709187 0.235145
vt 0.711873 0.235055
vt 0.709256 0.234263
vt 0.711929 0.234392
vt 0.716969 0.234179
vt 0.716981 0.234414
vt 0.719622 0.234414
vt 0.719603 0.233950
vt 0.712001 0.233817
vt 0.709352 0.233488
vt 0.716950 0.233944
vt 0.719562 0.233497
vt 0.716923 0.233710
vt 0.712091 0.233320
vt 0.716888 0.233478
vt 0.719499 0.233056
vt 0.709478 0.232805
vt 0.716845 0.233250
vt 0.712201 0.232891
vt 0.716793 0.233027
vt 0.719414 0.232629
vt 0.716731 0.232810
vt 0.712332 0.232520
vt 0.716659 0.232599
vt 0.709639 0.232202
vt 0.719307 0.232217
vt 0.716577 0.232398
vt 0.712487 0.232199
vt 0.716483 0.232205
vt 0.719178 0.231823
vt 0.716378 0.232024
vt 0.709838 0.231663
vt 0.712766 0.231796
vt 0.716261 0.231855
vt 0.719027 0.231447
vt 0.716070 0.231646
vt 0.713118 0.231478
vt 0.710079 0.231175
vt 0.715841 0.231459
vt 0.718854 0.231091
vt 0.713403 0.231310
vt 0.715573 0.231302
vt 0.715263 0.231181
vt 0.713907 0.231138
vt 0.714910 0.231104
vt 0.710367 0.230725
vt 0.714098 0.231104
vt 0.714299 0.231083
vt 0.714717 0.231083
vt 0.718658 0.230756
vt 0.714512 0.231076
vt 0.718441 0.230444
vt 0.710705 0.230297
vt 0.718202 0.230158
vt 0.710925 0.230063
vt 0.717941 0.229897
vt 0.711160 0.229843
vt 0.717718 0.229709
vt 0.711412 0.229638
vt 0.717485 0.229536
vt 0.711681 0.229450
vt 0.717242 0.229378
vt 0.711968 0.229279
vt 0.716989 0.229235
vt 0.712272 0.229127
vt 0.716724 0.229107
vt 0.712595 0.228995
vt 0.716447 0.228996
vt 0.716159 0.228900
vt 0.712938 0.228884
vt 0.715857 0.228821
vt 0.713300 0.228796
vt 0.715542 0.228759
vt 0.713683 0.228731
vt 0.715213 0.228715
vt 0.714087 0.228692
vt 0.714870 0.228687
vt 0.714512 0.228678
vt 0.723565 0.228928
vt 0.723565 0.251116
vt 0.726238 0.251116
vt 0.726238 0.241422
vt 0.731168 0.241422
vt 0.731168 0.251116
vt 0.733846 0.251116
vt 0.733846 0.228928
vt 0.726238 0.239026
vt 0.731168 0.239026
vt 0.726238 0.228928
vt 0.731168 0.228928
vt 0.742786 0.251296
vt 0.743147 0.251306
vt 0.743544 0.251296
vt 0.742437 0.251268
vt 0.743924 0.251268
vt 0.742100 0.251220
vt 0.744288 0.251220
vt 0.741775 0.251154
vt 0.744635 0.251154
vt 0.741462 0.251071
vt 0.744965 0.251071
vt 0.741162 0.250970
vt 0.745279 0.250970
vt 0.740874 0.250852
vt 0.745577 0.250852
vt 0.740598 0.250719
vt 0.745859 0.250719
vt 0.740335 0.250569
vt 0.746124 0.250569
vt 0.740085 0.250404
vt 0.746374 0.250404
vt 0.739847 0.250224
vt 0.746608 0.250224
vt 0.739622 0.250029
vt 0.746827 0.250029
vt 0.739354 0.249760
vt 0.747090 0.249749
vt 0.739109 0.249468
vt 0.747323 0.249453
vt 0.738887 0.249154
vt 0.747527 0.249142
vt 0.738688 0.248819
vt 0.743115 0.248906
vt 0.747703 0.248813
vt 0.742925 0.248900
vt 0.743320 0.248900
vt 0.742571 0.248855
vt 0.743515 0.248883
vt 0.743874 0.248815
vt 0.738513 0.248465
vt 0.742106 0.248715
vt 0.747853 0.248467
vt 0.744195 0.248707
vt 0.741716 0.248500
vt 0.744476 0.248559
vt 0.744719 0.248376
vt 0.741496 0.248323
vt 0.747977 0.248102
vt 0.738361 0.248091
vt 0.744924 0.248158
vt 0.741271 0.248070
vt 0.745055 0.247985
vt 0.748079 0.247718
vt 0.738233 0.247698
vt 0.741156 0.247902
vt 0.745170 0.247805
vt 0.741053 0.247721
vt 0.745268 0.247618
vt 0.740961 0.247528
vt 0.748159 0.247314
vt 0.738128 0.247286
vt 0.745352 0.247424
vt 0.740880 0.247323
vt 0.745422 0.247221
vt 0.740810 0.247106
vt 0.748218 0.246888
vt 0.738046 0.246858
vt 0.745479 0.247008
vt 0.740751 0.246878
vt 0.745524 0.246784
vt 0.748259 0.246441
vt 0.740703 0.246638
vt 0.737987 0.246413
vt 0.745559 0.246549
vt 0.740666 0.246388
vt 0.745584 0.246302
vt 0.748282 0.245970
vt 0.737952 0.245952
vt 0.740640 0.246126
vt 0.745600 0.246041
vt 0.740624 0.245854
vt 0.745610 0.245766
vt 0.748289 0.245476
vt 0.737941 0.245476
vt 0.740619 0.245572
vt 0.745612 0.245476
vt 0.740627 0.245057
vt 0.737957 0.244678
vt 0.745811 0.245476
vt 0.746031 0.245476
vt 0.746306 0.245476
vt 0.746619 0.245476
vt 0.746951 0.245476
vt 0.747282 0.245476
vt 0.747595 0.245476
vt 0.747871 0.245476
vt 0.748091 0.245476
vt 0.740653 0.244600
vt 0.738007 0.243962
vt 0.740701 0.244196
vt 0.740775 0.243838
vt 0.738093 0.243322
vt 0.740879 0.243522
vt 0.741015 0.243241
vt 0.738219 0.242751
vt 0.741189 0.242990
vt 0.741403 0.242763
vt 0.741661 0.242554
vt 0.738387 0.242243
vt 0.741967 0.242359
vt 0.742326 0.242170
vt 0.738600 0.241793
vt 0.742740 0.241983
vt 0.742925 0.241908
vt 0.743130 0.241824
vt 0.743388 0.241718
vt 0.738860 0.241392
vt 0.743680 0.241599
vt 0.743990 0.241472
vt 0.744300 0.241345
vt 0.739170 0.241036
vt 0.744592 0.241225
vt 0.744850 0.241120
vt 0.745056 0.241036
vt 0.739533 0.240718
vt 0.745241 0.240960
vt 0.745831 0.240690
vt 0.739952 0.240431
vt 0.746346 0.240393
vt 0.740429 0.240170
vt 0.746790 0.240065
vt 0.740968 0.239927
vt 0.747168 0.239700
vt 0.741155 0.239851
vt 0.741362 0.239766
vt 0.741622 0.239660
vt 0.747484 0.239294
vt 0.741917 0.239540
vt 0.742229 0.239413
vt 0.742542 0.239285
vt 0.747742 0.238841
vt 0.742837 0.239165
vt 0.743097 0.239059
vt 0.743304 0.238975
vt 0.743491 0.238899
vt 0.743914 0.238710
vt 0.747949 0.238337
vt 0.744280 0.238514
vt 0.744594 0.238305
vt 0.748107 0.237777
vt 0.744860 0.238076
vt 0.745080 0.237822
vt 0.745259 0.237536
vt 0.748222 0.237157
vt 0.745400 0.237212
vt 0.745507 0.236845
vt 0.748299 0.236470
vt 0.745584 0.236428
vt 0.748341 0.235713
vt 0.745635 0.235955
vt 0.745662 0.235420
vt 0.748354 0.234881
vt 0.745671 0.234817
vt 0.748348 0.234320
vt 0.745668 0.234463
vt 0.737789 0.234156
vt 0.737835 0.234727
vt 0.738200 0.234727
vt 0.738476 0.234727
vt 0.738789 0.234727
vt 0.739121 0.234727
vt 0.739453 0.234727
vt 0.739766 0.234727
vt 0.740042 0.234727
vt 0.740262 0.234727
vt 0.740460 0.234727
vt 0.740464 0.234373
vt 0.745659 0.234133
vt 0.740475 0.234045
vt 0.748326 0.233794
vt 0.737813 0.233627
vt 0.745642 0.233827
vt 0.740494 0.233742
vt 0.745616 0.233542
vt 0.748288 0.233300
vt 0.740523 0.233461
vt 0.737852 0.233139
vt 0.745580 0.233277
vt 0.740563 0.233200
vt 0.748233 0.232836
vt 0.745534 0.233030
vt 0.740614 0.232959
vt 0.737910 0.232687
vt 0.745475 0.232801
vt 0.740677 0.232736
vt 0.748159 0.232402
vt 0.745402 0.232586
vt 0.740754 0.232529
vt 0.737987 0.232270
vt 0.745315 0.232386
vt 0.740844 0.232336
vt 0.748064 0.231995
vt 0.745213 0.232199
vt 0.740951 0.232156
vt 0.738084 0.231883
vt 0.745093 0.232022
vt 0.741073 0.231987
vt 0.744955 0.231855
vt 0.747947 0.231615
vt 0.741311 0.231728
vt 0.738202 0.231525
vt 0.744737 0.231651
vt 0.741669 0.231468
vt 0.747806 0.231259
vt 0.744483 0.231476
vt 0.738342 0.231191
vt 0.744191 0.231334
vt 0.741957 0.231330
vt 0.743673 0.231190
vt 0.742284 0.231227
vt 0.747641 0.230926
vt 0.738506 0.230880
vt 0.743478 0.231162
vt 0.742649 0.231162
vt 0.743271 0.231145
vt 0.742846 0.231145
vt 0.743052 0.231139
vt 0.747449 0.230615
vt 0.738695 0.230589
vt 0.747230 0.230324
vt 0.738909 0.230313
vt 0.746981 0.230051
vt 0.739150 0.230051
vt 0.739379 0.229841
vt 0.746760 0.229855
vt 0.746521 0.229670
vt 0.739626 0.229648
vt 0.746262 0.229500
vt 0.739890 0.229473
vt 0.745983 0.229343
vt 0.740172 0.229315
vt 0.745685 0.229202
vt 0.740471 0.229175
vt 0.745368 0.229077
vt 0.740788 0.229053
vt 0.745031 0.228968
vt 0.741123 0.228949
vt 0.744675 0.228878
vt 0.741475 0.228864
vt 0.744298 0.228806
vt 0.741843 0.228797
vt 0.743903 0.228753
vt 0.742229 0.228749
vt 0.743487 0.228721
vt 0.742632 0.228720
vt 0.743052 0.228710
vt 0.756746 0.251349
vt 0.757172 0.251362
vt 0.757554 0.251352
vt 0.757916 0.251324
vt 0.756343 0.251309
vt 0.758261 0.251276
vt 0.755960 0.251246
vt 0.758588 0.251211
vt 0.755598 0.251158
vt 0.758899 0.251127
vt 0.755256 0.251048
vt 0.759194 0.251026
vt 0.754933 0.250917
vt 0.759475 0.250907
vt 0.754629 0.250766
vt 0.759743 0.250771
vt 0.759997 0.250618
vt 0.754343 0.250596
vt 0.760241 0.250448
vt 0.754075 0.250408
vt 0.760473 0.250263
vt 0.753823 0.250203
vt 0.760696 0.250061
vt 0.753589 0.249983
vt 0.760943 0.249799
vt 0.753370 0.249748
vt 0.761169 0.249513
vt 0.753031 0.249320
vt 0.761375 0.249206
vt 0.752742 0.248869
vt 0.757172 0.248969
vt 0.761559 0.248878
vt 0.756960 0.248962
vt 0.757378 0.248962
vt 0.757572 0.248941
vt 0.756759 0.248941
vt 0.756392 0.248861
vt 0.757926 0.248863
vt 0.761723 0.248531
vt 0.752499 0.248381
vt 0.756067 0.248735
vt 0.758236 0.248742
vt 0.758505 0.248585
vt 0.755656 0.248470
vt 0.758732 0.248399
vt 0.761866 0.248166
vt 0.752299 0.247842
vt 0.755332 0.248131
vt 0.758921 0.248190
vt 0.759046 0.248021
vt 0.761988 0.247784
vt 0.755150 0.247849
vt 0.759156 0.247841
vt 0.754994 0.247527
vt 0.752138 0.247238
vt 0.759252 0.247652
vt 0.762090 0.247387
vt 0.759336 0.247453
vt 0.754861 0.247156
vt 0.759407 0.247247
vt 0.762170 0.246975
vt 0.759467 0.247034
vt 0.752011 0.246555
vt 0.754751 0.246727
vt 0.759517 0.246815
vt 0.762230 0.246550
vt 0.759557 0.246591
vt 0.754660 0.246229
vt 0.759588 0.246363
vt 0.751914 0.245780
vt 0.762269 0.246114
vt 0.759611 0.246132
vt 0.754587 0.245653
vt 0.759627 0.245900
vt 0.762288 0.245666
vt 0.759636 0.245666
vt 0.751844 0.244897
vt 0.759833 0.245666
vt 0.760051 0.245666
vt 0.760324 0.245666
vt 0.760634 0.245666
vt 0.760962 0.245666
vt 0.761290 0.245666
vt 0.761600 0.245666
vt 0.761873 0.245666
vt 0.762091 0.245666
vt 0.754530 0.244990
vt 0.754488 0.244230
vt 0.751796 0.243895
vt 0.754458 0.243362
vt 0.751767 0.242757
vt 0.754439 0.242379
vt 0.751753 0.241471
vt 0.754429 0.241269
vt 0.751749 0.240023
vt 0.754426 0.240023
vt 0.751752 0.238573
vt 0.754429 0.238777
vt 0.754439 0.237667
vt 0.751767 0.237286
vt 0.754458 0.236683
vt 0.751796 0.236148
vt 0.754488 0.235815
vt 0.751844 0.235145
vt 0.754530 0.235055
vt 0.751914 0.234263
vt 0.754587 0.234392
vt 0.759626 0.234179
vt 0.759636 0.234414
vt 0.762288 0.234414
vt 0.762269 0.233950
vt 0.754660 0.233817
vt 0.752010 0.233488
vt 0.759609 0.233944
vt 0.762228 0.233497
vt 0.759583 0.233710
vt 0.754751 0.233320
vt 0.759550 0.233478
vt 0.762165 0.233056
vt 0.752138 0.232805
vt 0.759507 0.233250
vt 0.754861 0.232891
vt 0.759455 0.233027
vt 0.762079 0.232629
vt 0.759394 0.232810
vt 0.754994 0.232520
vt 0.759322 0.232599
vt 0.752299 0.232202
vt 0.761972 0.232217
vt 0.759239 0.232398
vt 0.755150 0.232199
vt 0.759145 0.232205
vt 0.761842 0.231823
vt 0.759039 0.232024
vt 0.752499 0.231663
vt 0.755430 0.231796
vt 0.758921 0.231855
vt 0.758732 0.231646
vt 0.761691 0.231447
vt 0.755656 0.231576
vt 0.752742 0.231175
vt 0.758376 0.231377
vt 0.756067 0.231310
vt 0.761517 0.231091
vt 0.757926 0.231181
vt 0.756570 0.231138
vt 0.757572 0.231104
vt 0.753031 0.230725
vt 0.756759 0.231104
vt 0.756960 0.231083
vt 0.757378 0.231083
vt 0.761321 0.230756
vt 0.757172 0.231076
vt 0.761103 0.230444
vt 0.753370 0.230297
vt 0.760864 0.230158
vt 0.753589 0.230063
vt 0.760602 0.229897
vt 0.753824 0.229843
vt 0.760380 0.229709
vt 0.754075 0.229638
vt 0.760149 0.229536
vt 0.754343 0.229450
vt 0.759907 0.229378
vt 0.754629 0.229279
vt 0.759654 0.229235
vt 0.754933 0.229127
vt 0.759390 0.229107
vt 0.755256 0.228995
vt 0.759113 0.228996
vt 0.758824 0.228900
vt 0.755598 0.228884
vt 0.758521 0.228821
vt 0.755960 0.228796
vt 0.758205 0.228759
vt 0.756343 0.228731
vt 0.757875 0.228715
vt 0.756746 0.228692
vt 0.757531 0.228687
vt 0.757172 0.228678
vt 0.766057 0.228928
vt 0.766057 0.251116
vt 0.768739 0.251116
vt 0.768739 0.241422
vt 0.773665 0.241422
vt 0.773665 0.251116
vt 0.776343 0.251116
vt 0.776343 0.228928
vt 0.768739 0.239026
vt 0.773665 0.239026
vt 0.768739 0.228928
vt 0.773665 0.228928
vt 0.780811 0.233974
vt 0.780811 0.251116
vt 0.783484 0.251116
vt 0.783484 0.250776
vt 0.788381 0.233820
vt 0.788381 0.251116
vt 0.791064 0.251116
vt 0.791064 0.233974
vt 0.783484 0.249835
vt 0.783484 0.248413
vt 0.783484 0.246632
vt 0.783484 0.244610
vt 0.783484 0.242468
vt 0.783484 0.240326
vt 0.783484 0.238304
vt 0.783484 0.236522
vt 0.783484 0.235101
vt 0.783484 0.234160
vt 0.783484 0.233820
vt 0.780821 0.233574
vt 0.791053 0.233574
vt 0.783506 0.233400
vt 0.788358 0.233400
vt 0.780853 0.233188
vt 0.791020 0.233188
vt 0.783571 0.233011
vt 0.788292 0.233011
vt 0.780906 0.232816
vt 0.790966 0.232816
vt 0.783675 0.232655
vt 0.788185 0.232655
vt 0.780980 0.232459
vt 0.790892 0.232459
vt 0.783816 0.232333
vt 0.788040 0.232333
vt 0.781073 0.232116
vt 0.790798 0.232116
vt 0.783991 0.232046
vt 0.787862 0.232046
vt 0.781185 0.231788
vt 0.790684 0.231788
vt 0.784197 0.231794
vt 0.787652 0.231794
vt 0.784431 0.231578
vt 0.787414 0.231578
vt 0.781317 0.231474
vt 0.790551 0.231474
vt 0.784690 0.231400
vt 0.787152 0.231400
vt 0.781467 0.231176
vt 0.790401 0.231176
vt 0.784970 0.231259
vt 0.786868 0.231259
vt 0.785271 0.231158
vt 0.786565 0.231158
vt 0.781635 0.230894
vt 0.790233 0.230894
vt 0.785587 0.231096
vt 0.786247 0.231096
vt 0.785917 0.231076
vt 0.781820 0.230627
vt 0.790047 0.230627
vt 0.782023 0.230376
vt 0.789845 0.230376
vt 0.782243 0.230142
vt 0.789628 0.230142
vt 0.782490 0.229910
vt 0.789379 0.229910
vt 0.789118 0.229698
vt 0.782750 0.229698
vt 0.788843 0.229506
vt 0.783022 0.229506
vt 0.788557 0.229333
vt 0.783306 0.229333
vt 0.788259 0.229181
vt 0.783600 0.229181
vt 0.787951 0.229048
vt 0.783904 0.229048
vt 0.787632 0.228936
vt 0.784219 0.228935
vt 0.787305 0.228843
vt 0.784542 0.228843
vt 0.786969 0.228771
vt 0.784874 0.228771
vt 0.786625 0.228720
vt 0.785214 0.228720
vt 0.786274 0.228689
vt 0.785562 0.228689
vt 0.785917 0.228678
vt 0.795528 0.228929
vt 0.795528 0.251117
vt 0.798205 0.251117
vt 0.798205 0.231324
vt 0.804096 0.231324
vt 0.804096 0.228928
vt 0.807789 0.228929
vt 0.807789 0.251117
vt 0.810461 0.248720
vt 0.816357 0.251117
vt 0.816357 0.248720
vt 0.810461 0.241268
vt 0.810461 0.238872
vt 0.815542 0.241268
vt 0.815542 0.238872
vt 0.810461 0.231324
vt 0.816357 0.231324
vt 0.816357 0.228928
vt 0.827272 0.228928
vt 0.827272 0.251116
vt 0.829792 0.251116
vt 0.829951 0.244476
vt 0.834282 0.238776
vt 0.838741 0.251116
vt 0.841265 0.251116
vt 0.838591 0.244724
vt 0.841265 0.228928
vt 0.835060 0.234355
vt 0.838591 0.228928
vt 0.829951 0.228928
vt 0.833413 0.234355
vt 0.845727 0.228928
vt 0.845727 0.251116
vt 0.848400 0.251116
vt 0.848400 0.228928
vt 0.852079 0.248720
vt 0.852079 0.251117
vt 0.862211 0.251117
vt 0.862211 0.248720
vt 0.855822 0.248720
vt 0.855822 0.228928
vt 0.858500 0.248720
vt 0.858500 0.228928
vt 0.865215 0.248720
vt 0.865215 0.251117
vt 0.875342 0.251117
vt 0.875342 0.248720
vt 0.868957 0.248720
vt 0.868957 0.228928
vt 0.871636 0.248720
vt 0.871636 0.228928
vt 0.879027 0.228929
vt 0.879027 0.251117
vt 0.881700 0.248720
vt 0.887595 0.251117
vt 0.887595 0.248720
vt 0.881700 0.241268
vt 0.881700 0.238872
vt 0.886783 0.241268
vt 0.886783 0.238872
vt 0.881700 0.231324
vt 0.887595 0.231324
vt 0.887595 0.228929
vt 0.891582 0.228929
vt 0.891582 0.251117
vt 0.894260 0.251117
vt 0.894260 0.231324
vt 0.900150 0.231324
vt 0.900150 0.228929
vt 0.903843 0.228928
vt 0.903843 0.251116
vt 0.906521 0.251116
vt 0.906521 0.241422
vt 0.911445 0.241422
vt 0.911445 0.251116
vt 0.914124 0.251116
vt 0.914124 0.228928
vt 0.906521 0.239026
vt 0.911445 0.239026
vt 0.906521 0.228928
vt 0.911445 0.228928
vt 0.918696 0.228929
vt 0.918696 0.251117
vt 0.921374 0.248720
vt 0.927265 0.251117
vt 0.927265 0.248720
vt 0.921374 0.241268
vt 0.921374 0.238872
vt 0.926454 0.241268
vt 0.926454 0.238872
vt 0.921374 0.231324
vt 0.927265 0.231324
vt 0.927265 0.228929
vt 0.935676 0.251296
vt 0.936036 0.251306
vt 0.936434 0.251296
vt 0.935327 0.251268
vt 0.936815 0.251268
vt 0.934991 0.251220
vt 0.937179 0.251220
vt 0.934666 0.251154
vt 0.937526 0.251154
vt 0.934353 0.251071
vt 0.937857 0.251071
vt 0.934053 0.250970
vt 0.938171 0.250970
vt 0.933764 0.250852
vt 0.938468 0.250852
vt 0.933488 0.250719
vt 0.938750 0.250719
vt 0.933225 0.250569
vt 0.939016 0.250569
vt 0.932974 0.250404
vt 0.939266 0.250404
vt 0.932736 0.250224
vt 0.939501 0.250224
vt 0.932511 0.250029
vt 0.939721 0.250029
vt 0.932244 0.249760
vt 0.939983 0.249749
vt 0.932000 0.249468
vt 0.940215 0.249453
vt 0.931779 0.249154
vt 0.940418 0.249142
vt 0.931581 0.248819
vt 0.936014 0.248906
vt 0.940594 0.248813
vt 0.935822 0.248900
vt 0.936219 0.248900
vt 0.936413 0.248883
vt 0.935301 0.248818
vt 0.936771 0.248815
vt 0.931406 0.248465
vt 0.934999 0.248715
vt 0.940743 0.248467
vt 0.937090 0.248707
vt 0.934609 0.248500
vt 0.937495 0.248472
vt 0.940867 0.248102
vt 0.931255 0.248091
vt 0.934292 0.248226
vt 0.937818 0.248158
vt 0.934166 0.248070
vt 0.937949 0.247985
vt 0.940969 0.247718
vt 0.931126 0.247698
vt 0.934050 0.247902
vt 0.938063 0.247805
vt 0.933947 0.247721
vt 0.938161 0.247618
vt 0.933855 0.247528
vt 0.941048 0.247314
vt 0.931021 0.247286
vt 0.938244 0.247424
vt 0.933774 0.247323
vt 0.938314 0.247221
vt 0.933704 0.247106
vt 0.941108 0.246888
vt 0.930940 0.246858
vt 0.938370 0.247008
vt 0.933645 0.246878
vt 0.938415 0.246784
vt 0.941148 0.246441
vt 0.933598 0.246638
vt 0.930881 0.246413
vt 0.938449 0.246549
vt 0.933561 0.246388
vt 0.938473 0.246302
vt 0.941171 0.245970
vt 0.930846 0.245952
vt 0.933534 0.246126
vt 0.938490 0.246041
vt 0.933519 0.245854
vt 0.938498 0.245766
vt 0.941179 0.245476
vt 0.930834 0.245476
vt 0.933514 0.245572
vt 0.938501 0.245476
vt 0.933521 0.245057
vt 0.930850 0.244678
vt 0.938700 0.245476
vt 0.938920 0.245476
vt 0.939195 0.245476
vt 0.939508 0.245476
vt 0.939840 0.245476
vt 0.940172 0.245476
vt 0.940485 0.245476
vt 0.940760 0.245476
vt 0.940981 0.245476
vt 0.933547 0.244600
vt 0.930900 0.243962
vt 0.933594 0.244196
vt 0.933667 0.243838
vt 0.930987 0.243322
vt 0.933770 0.243522
vt 0.933906 0.243241
vt 0.931112 0.242751
vt 0.934079 0.242990
vt 0.934292 0.242763
vt 0.934551 0.242554
vt 0.931280 0.242243
vt 0.934858 0.242359
vt 0.935218 0.242170
vt 0.931492 0.241793
vt 0.935633 0.241983
vt 0.935818 0.241908
vt 0.936022 0.241824
vt 0.936279 0.241718
vt 0.931751 0.241392
vt 0.936570 0.241599
vt 0.936879 0.241472
vt 0.937187 0.241345
vt 0.932061 0.241036
vt 0.937479 0.241225
vt 0.937735 0.241120
vt 0.937940 0.241036
vt 0.932423 0.240718
vt 0.938124 0.240960
vt 0.938717 0.240690
vt 0.932840 0.240431
vt 0.939234 0.240393
vt 0.933316 0.240170
vt 0.939680 0.240065
vt 0.933852 0.239927
vt 0.940058 0.239700
vt 0.934040 0.239851
vt 0.934247 0.239766
vt 0.934508 0.239660
vt 0.940375 0.239294
vt 0.934803 0.239540
vt 0.935116 0.239413
vt 0.935429 0.239285
vt 0.940635 0.238841
vt 0.935725 0.239165
vt 0.935985 0.239059
vt 0.936193 0.238975
vt 0.936380 0.238899
vt 0.936804 0.238710
vt 0.940841 0.238337
vt 0.937172 0.238514
vt 0.937487 0.238305
vt 0.941000 0.237777
vt 0.937754 0.238076
vt 0.937975 0.237822
vt 0.938155 0.237536
vt 0.941116 0.237157
vt 0.938297 0.237212
vt 0.938405 0.236845
vt 0.941192 0.236470
vt 0.938482 0.236428
vt 0.941235 0.235713
vt 0.938533 0.235955
vt 0.938561 0.235420
vt 0.941248 0.234881
vt 0.938569 0.234817
vt 0.941241 0.234320
vt 0.938566 0.234463
vt 0.930687 0.234156
vt 0.930680 0.234727
vt 0.930878 0.234727
vt 0.931098 0.234727
vt 0.931374 0.234727
vt 0.931687 0.234727
vt 0.932019 0.234727
vt 0.932351 0.234727
vt 0.932664 0.234727
vt 0.932940 0.234727
vt 0.933306 0.234727
vt 0.933362 0.234373
vt 0.938557 0.234133
vt 0.933373 0.234045
vt 0.941220 0.233794
vt 0.930710 0.233627
vt 0.938540 0.233827
vt 0.933392 0.233742
vt 0.938513 0.233542
vt 0.941182 0.233300
vt 0.933421 0.233461
vt 0.930750 0.233139
vt 0.938477 0.233277
vt 0.933460 0.233200
vt 0.941126 0.232836
vt 0.938430 0.233030
vt 0.933510 0.232959
vt 0.930807 0.232687
vt 0.938370 0.232801
vt 0.933573 0.232736
vt 0.941052 0.232402
vt 0.938297 0.232586
vt 0.933648 0.232529
vt 0.930884 0.232270
vt 0.938210 0.232386
vt 0.933739 0.232336
vt 0.940957 0.231995
vt 0.938107 0.232199
vt 0.933844 0.232156
vt 0.930980 0.231883
vt 0.937987 0.232022
vt 0.933966 0.231987
vt 0.937743 0.231749
vt 0.940840 0.231615
vt 0.934205 0.231728
vt 0.931098 0.231525
vt 0.937507 0.231559
vt 0.934434 0.231548
vt 0.940699 0.231259
vt 0.937235 0.231400
vt 0.931238 0.231191
vt 0.934702 0.231395
vt 0.935010 0.231274
vt 0.936924 0.231276
vt 0.936568 0.231190
vt 0.935356 0.231189
vt 0.940534 0.230926
vt 0.931403 0.230880
vt 0.936373 0.231162
vt 0.936166 0.231145
vt 0.935740 0.231145
vt 0.935946 0.231139
vt 0.940342 0.230615
vt 0.931591 0.230589
vt 0.940123 0.230324
vt 0.931806 0.230313
vt 0.939874 0.230051
vt 0.932048 0.230051
vt 0.932276 0.229841
vt 0.939653 0.229855
vt 0.939414 0.229670
vt 0.932521 0.229648
vt 0.939154 0.229500
vt 0.932785 0.229473
vt 0.938876 0.229343
vt 0.933066 0.229315
vt 0.938577 0.229202
vt 0.933365 0.229175
vt 0.938260 0.229077
vt 0.933681 0.229053
vt 0.937922 0.228968
vt 0.934015 0.228949
vt 0.937566 0.228878
vt 0.934366 0.228864
vt 0.937190 0.228806
vt 0.934735 0.228797
vt 0.936794 0.228753
vt 0.935121 0.228749
vt 0.936379 0.228721
vt 0.935524 0.228720
vt 0.935945 0.228710
vt 0.949858 0.251296
vt 0.950219 0.251306
vt 0.950616 0.251296
vt 0.949509 0.251268
vt 0.950996 0.251268
vt 0.949172 0.251220
vt 0.951360 0.251220
vt 0.948847 0.251154
vt 0.951707 0.251154
vt 0.948534 0.251071
vt 0.952038 0.251071
vt 0.948234 0.250970
vt 0.952352 0.250970
vt 0.947946 0.250852
vt 0.952650 0.250852
vt 0.947671 0.250719
vt 0.952931 0.250719
vt 0.947408 0.250569
vt 0.953197 0.250569
vt 0.947159 0.250404
vt 0.953446 0.250404
vt 0.946922 0.250224
vt 0.953680 0.250224
vt 0.946698 0.250029
vt 0.953897 0.250029
vt 0.946429 0.249760
vt 0.954161 0.249749
vt 0.946183 0.249468
vt 0.954395 0.249453
vt 0.945961 0.249154
vt 0.954598 0.249142
vt 0.945763 0.248819
vt 0.950192 0.248906
vt 0.954774 0.248813
vt 0.949818 0.248883
vt 0.950396 0.248900
vt 0.950775 0.248854
vt 0.949326 0.248771
vt 0.945587 0.248465
vt 0.951268 0.248707
vt 0.954924 0.248467
vt 0.949041 0.248651
vt 0.951548 0.248559
vt 0.948675 0.248415
vt 0.951790 0.248376
vt 0.955049 0.248102
vt 0.945436 0.248091
vt 0.948470 0.248226
vt 0.951994 0.248158
vt 0.948343 0.248070
vt 0.952126 0.247985
vt 0.955151 0.247718
vt 0.945307 0.247698
vt 0.948228 0.247902
vt 0.952240 0.247805
vt 0.948124 0.247721
vt 0.952339 0.247618
vt 0.948032 0.247528
vt 0.955231 0.247314
vt 0.945203 0.247286
vt 0.952422 0.247424
vt 0.947951 0.247323
vt 0.952492 0.247221
vt 0.947881 0.247106
vt 0.955290 0.246888
vt 0.945121 0.246858
vt 0.952549 0.247008
vt 0.947822 0.246878
vt 0.952595 0.246784
vt 0.955331 0.246441
vt 0.947774 0.246638
vt 0.945063 0.246413
vt 0.952629 0.246549
vt 0.947737 0.246388
vt 0.952654 0.246302
vt 0.955354 0.245970
vt 0.945028 0.245952
vt 0.947711 0.246126
vt 0.952671 0.246041
vt 0.947695 0.245854
vt 0.952680 0.245766
vt 0.955309 0.245476
vt 0.945016 0.245476
vt 0.947690 0.245572
vt 0.952683 0.245476
vt 0.947698 0.245057
vt 0.945032 0.244678
vt 0.952881 0.245476
vt 0.953101 0.245476
vt 0.953377 0.245476
vt 0.953690 0.245476
vt 0.954022 0.245476
vt 0.954354 0.245476
vt 0.954667 0.245476
vt 0.954943 0.245476
vt 0.947724 0.244600
vt 0.945082 0.243962
vt 0.947772 0.244196
vt 0.947846 0.243838
vt 0.945168 0.243322
vt 0.947950 0.243522
vt 0.948087 0.243241
vt 0.945294 0.242751
vt 0.948261 0.242990
vt 0.948475 0.242763
vt 0.948734 0.242554
vt 0.945461 0.242243
vt 0.949042 0.242359
vt 0.949401 0.242170
vt 0.945673 0.241793
vt 0.949865 0.241963
vt 0.950206 0.241824
vt 0.950463 0.241718
vt 0.945933 0.241392
vt 0.950755 0.241599
vt 0.951064 0.241472
vt 0.951373 0.241345
vt 0.946243 0.241036
vt 0.951664 0.241225
vt 0.951921 0.241120
vt 0.952127 0.241036
vt 0.946606 0.240718
vt 0.952311 0.240960
vt 0.952902 0.240690
vt 0.947024 0.240431
vt 0.953417 0.240393
vt 0.947501 0.240170
vt 0.953861 0.240065
vt 0.948040 0.239927
vt 0.954239 0.239700
vt 0.948227 0.239851
vt 0.948434 0.239766
vt 0.948694 0.239660
vt 0.954554 0.239294
vt 0.948989 0.239540
vt 0.949302 0.239413
vt 0.949614 0.239285
vt 0.954813 0.238841
vt 0.949909 0.239165
vt 0.950169 0.239059
vt 0.950514 0.238919
vt 0.950986 0.238710
vt 0.955019 0.238337
vt 0.951353 0.238514
vt 0.951667 0.238305
vt 0.955178 0.237777
vt 0.951933 0.238076
vt 0.952153 0.237822
vt 0.952333 0.237536
vt 0.955293 0.237157
vt 0.952475 0.237212
vt 0.952583 0.236845
vt 0.955369 0.236470
vt 0.952660 0.236428
vt 0.955412 0.235713
vt 0.952711 0.235955
vt 0.952739 0.235420
vt 0.955425 0.234881
vt 0.952747 0.234817
vt 0.955418 0.234320
vt 0.952744 0.234463
vt 0.944866 0.234156
vt 0.944858 0.234727
vt 0.945057 0.234727
vt 0.945277 0.234727
vt 0.945552 0.234727
vt 0.945865 0.234727
vt 0.946197 0.234727
vt 0.946529 0.234727
vt 0.946842 0.234727
vt 0.947118 0.234727
vt 0.947338 0.234727
vt 0.947536 0.234727
vt 0.947539 0.234373
vt 0.952735 0.234133
vt 0.947550 0.234045
vt 0.955397 0.233794
vt 0.944889 0.233627
vt 0.952718 0.233827
vt 0.947569 0.233742
vt 0.952692 0.233542
vt 0.955359 0.233300
vt 0.947598 0.233461
vt 0.944928 0.233139
vt 0.952657 0.233277
vt 0.947637 0.233200
vt 0.955305 0.232836
vt 0.952610 0.233030
vt 0.947687 0.232959
vt 0.944986 0.232687
vt 0.952550 0.232801
vt 0.947750 0.232736
vt 0.955231 0.232402
vt 0.952477 0.232586
vt 0.947826 0.232529
vt 0.945062 0.232270
vt 0.952389 0.232386
vt 0.947917 0.232336
vt 0.955136 0.231995
vt 0.952286 0.232199
vt 0.948022 0.232156
vt 0.945159 0.231883
vt 0.952165 0.232022
vt 0.948145 0.231987
vt 0.952026 0.231855
vt 0.955020 0.231615
vt 0.948284 0.231828
vt 0.945278 0.231525
vt 0.951808 0.231651
vt 0.948493 0.231635
vt 0.954880 0.231259
vt 0.951414 0.231400
vt 0.948742 0.231468
vt 0.945418 0.231191
vt 0.951102 0.231276
vt 0.949030 0.231330
vt 0.949357 0.231227
vt 0.950746 0.231190
vt 0.954716 0.230926
vt 0.949722 0.231162
vt 0.945583 0.230880
vt 0.950551 0.231162
vt 0.950343 0.231145
vt 0.949917 0.231145
vt 0.950122 0.231139
vt 0.954525 0.230615
vt 0.945773 0.230589
vt 0.954305 0.230324
vt 0.945989 0.230313
vt 0.954057 0.230051
vt 0.946232 0.230051
vt 0.946459 0.229841
vt 0.953837 0.229855
vt 0.953597 0.229670
vt 0.946703 0.229648
vt 0.953337 0.229500
vt 0.946966 0.229473
vt 0.953058 0.229343
vt 0.947247 0.229315
vt 0.952760 0.229202
vt 0.947545 0.229175
vt 0.952442 0.229077
vt 0.947861 0.229053
vt 0.952105 0.228968
vt 0.948195 0.228949
vt 0.951748 0.228878
vt 0.948546 0.228864
vt 0.951371 0.228806
vt 0.948915 0.228797
vt 0.950975 0.228753
vt 0.949300 0.228749
vt 0.950559 0.228721
vt 0.949703 0.228720
vt 0.950123 0.228710
vt 0.959445 0.228929
vt 0.959445 0.251117
vt 0.962121 0.248720
vt 0.968012 0.251117
vt 0.968012 0.248720
vt 0.962121 0.241268
vt 0.962121 0.238872
vt 0.967201 0.241268
vt 0.967201 0.238872
vt 0.962121 0.231324
vt 0.968012 0.231324
vt 0.968012 0.228929
vt 0.972000 0.228928
vt 0.972000 0.251116
vt 0.974491 0.251116
vt 0.974673 0.244103
vt 0.980169 0.235940
vt 0.980169 0.251116
vt 0.982843 0.251116
vt 0.982843 0.228928
vt 0.974673 0.228928
vt 0.980414 0.228928
vt 0.743874 0.248816
vt 0.936771 0.248816
s 1
f 2242/1/1 2240/2/1 2239/3/1
f 2242/1/1 2241/4/1 2240/2/1
f 2246/5/1 2244/6/1 2243/7/1
f 2246/5/1 2245/8/1 2244/6/1
f 2250/9/1 2248/10/1 2247/11/1
f 2250/9/1 2249/12/1 2248/10/1
f 2254/13/1 2252/14/1 2251/15/1
f 2254/13/1 2253/16/1 2252/14/1
f 2258/17/1 2256/18/1 2255/19/1
f 2258/17/1 2257/20/1 2256/18/1
f 2262/21/1 2260/22/1 2259/23/1
f 2262/21/1 2261/24/1 2260/22/1
f 2266/25/1 2264/26/1 2263/27/1
f 2266/25/1 2265/28/1 2264/26/1
f 2270/29/1 2268/30/1 2267/31/1
f 2270/29/1 2269/32/1 2268/30/1
f 2274/33/1 2272/34/1 2271/35/1
f 2274/33/1 2273/36/1 2272/34/1
f 2278/37/1 2276/38/1 2275/39/1
f 2278/37/1 2277/40/1 2276/38/1
f 2282/41/1 2280/42/1 2279/43/1
f 2282/41/1 2281/44/1 2280/42/1
f 2287/45/1 2289/46/1 2288/47/1
f 2287/45/1 2290/48/1 2289/46/1
f 2285/49/1 2283/50/1 2286/51/1
f 2285/49/1 2284/52/1 2283/50/1
f 2295/53/1 2297/54/1 2296/55/1
f 2295/53/1 2298/56/1 2297/54/1
f 2299/57/1 2301/58/1 2300/59/1
f 2299/57/1 2302/60/1 2301/58/1
f 2295/53/1 2293/61/1 2298/56/1
f 2293/61/1 2299/57/1 2298/56/1
f 2293/61/1 2292/62/1 2299/57/1
f 2292/62/1 2302/60/1 2299/57/1
f 2295/53/1 2294/63/1 2293/61/1
f 2291/64/1 2302/60/1 2292/62/1
f 2232/65/1 2234/66/1 2233/67/1
f 2232/65/1 2230/68/1 2234/66/1
f 2230/68/1 2235/69/1 2234/66/1
f 2235/69/1 2237/70/1 2236/71/1
f 2235/69/1 2227/72/1 2237/70/1
f 2227/72/1 2238/73/1 2237/70/1
f 2232/65/1 2231/74/1 2230/68/1
f 2229/75/1 2235/69/1 2230/68/1
f 2235/69/1 2228/76/1 2227/72/1
f 2226/77/1 2238/73/1 2227/72/1
f 2229/75/1 2228/76/1 2235/69/1
f 14/78/1 12/79/1 13/80/1
f 14/78/1 11/81/1 12/79/1
f 15/82/1 11/81/1 14/78/1
f 16/83/1 18/84/1 15/82/1
f 18/84/1 11/81/1 15/82/1
f 16/83/1 17/85/1 18/84/1
f 30/86/1 26/87/1 29/88/1
f 26/87/1 28/89/1 29/88/1
f 26/87/1 27/90/1 28/89/1
f 30/86/1 25/91/1 26/87/1
f 30/86/1 22/92/1 25/91/1
f 22/92/1 24/93/1 25/91/1
f 22/92/1 23/94/1 24/93/1
f 30/86/1 21/95/1 22/92/1
f 30/86/1 20/96/1 21/95/1
f 30/86/1 19/97/1 20/96/1
f 140/98/1 138/99/1 139/100/1
f 140/98/1 137/101/1 138/99/1
f 141/102/1 137/101/1 140/98/1
f 141/102/1 136/103/1 137/101/1
f 142/104/1 136/103/1 141/102/1
f 142/104/1 135/105/1 136/103/1
f 143/106/1 135/105/1 142/104/1
f 143/106/1 134/107/1 135/105/1
f 144/108/1 134/107/1 143/106/1
f 144/108/1 133/109/1 134/107/1
f 145/110/1 133/109/1 144/108/1
f 145/110/1 132/111/1 133/109/1
f 146/112/1 132/111/1 145/110/1
f 146/112/1 131/113/1 132/111/1
f 146/112/1 130/114/1 131/113/1
f 147/115/1 130/114/1 146/112/1
f 147/115/1 129/116/1 130/114/1
f 148/117/1 129/116/1 147/115/1
f 148/117/1 128/118/1 129/116/1
f 149/119/1 128/118/1 148/117/1
f 149/119/1 127/120/1 128/118/1
f 150/121/1 127/120/1 149/119/1
f 150/121/1 126/122/1 127/120/1
f 151/123/1 126/122/1 150/121/1
f 151/123/1 125/124/1 126/122/1
f 152/125/1 125/124/1 151/123/1
f 152/125/1 124/126/1 125/124/1
f 153/127/1 124/126/1 152/125/1
f 153/127/1 87/128/2 124/126/1
f 87/128/2 123/129/1 124/126/1
f 153/127/1 86/130/3 87/128/2
f 88/131/4 123/129/1 87/128/2
f 89/132/1 123/129/1 88/131/4
f 153/127/1 85/133/1 86/130/3
f 90/134/1 123/129/1 89/132/1
f 153/127/1 84/135/1 85/133/1
f 153/127/1 83/136/1 84/135/1
f 90/134/1 122/137/1 123/129/1
f 154/138/1 83/136/1 153/127/1
f 91/139/1 122/137/1 90/134/1
f 154/138/1 82/140/1 83/136/1
f 92/141/1 122/137/1 91/139/1
f 92/141/1 121/142/1 122/137/1
f 93/143/1 121/142/1 92/141/1
f 154/138/1 81/144/1 82/140/1
f 155/145/1 81/144/1 154/138/1
f 155/145/1 80/146/1 81/144/1
f 94/147/1 121/142/1 93/143/1
f 95/148/1 121/142/1 94/147/1
f 95/148/1 120/149/1 121/142/1
f 155/145/1 79/150/1 80/146/1
f 96/151/1 120/149/1 95/148/1
f 155/145/1 78/152/1 79/150/1
f 156/153/1 78/152/1 155/145/1
f 97/154/1 120/149/1 96/151/1
f 97/154/1 119/155/1 120/149/1
f 98/156/1 119/155/1 97/154/1
f 156/153/1 77/157/1 78/152/1
f 99/158/1 119/155/1 98/156/1
f 99/158/1 118/159/1 119/155/1
f 100/160/5 118/159/1 99/158/1
f 157/161/1 77/157/1 156/153/1
f 157/161/1 76/162/1 77/157/1
f 101/163/6 118/159/1 100/160/5
f 101/163/6 117/164/1 118/159/1
f 102/165/1 117/164/1 101/163/6
f 157/161/1 75/166/1 76/162/1
f 103/167/1 117/164/1 102/165/1
f 158/168/1 75/166/1 157/161/1
f 103/167/1 116/169/1 117/164/1
f 104/170/1 116/169/1 103/167/1
f 158/168/1 74/171/1 75/166/1
f 105/172/1 116/169/1 104/170/1
f 105/172/1 115/173/7 116/169/1
f 106/174/1 115/173/7 105/172/1
f 159/175/1 74/171/1 158/168/1
f 107/176/8 115/173/7 106/174/1
f 108/177/9 115/173/7 107/176/8
f 109/178/8 115/173/7 108/177/9
f 110/179/10 115/173/7 109/178/8
f 111/180/8 115/173/7 110/179/10
f 112/181/10 115/173/7 111/180/8
f 113/182/1 115/173/7 112/181/10
f 114/183/1 115/173/7 113/182/1
f 159/175/1 73/184/1 74/171/1
f 159/175/1 72/185/1 73/184/1
f 160/186/1 72/185/1 159/175/1
f 160/186/1 71/187/1 72/185/1
f 161/188/1 71/187/1 160/186/1
f 161/188/1 70/189/11 71/187/1
f 162/190/12 70/189/11 161/188/1
f 162/190/12 69/191/13 70/189/11
f 163/192/14 69/191/13 162/190/12
f 163/192/14 68/193/15 69/191/13
f 164/194/16 68/193/15 163/192/14
f 164/194/16 67/195/17 68/193/15
f 164/194/16 66/196/11 67/195/17
f 165/197/1 66/196/11 164/194/16
f 165/197/1 65/198/1 66/196/11
f 166/199/1 65/198/1 165/197/1
f 166/199/1 64/200/1 65/198/1
f 167/201/1 64/200/1 166/199/1
f 167/201/1 63/202/1 64/200/1
f 168/203/1 63/202/1 167/201/1
f 168/203/1 62/204/1 63/202/1
f 33/205/1 31/206/1 32/207/1
f 33/205/1 210/208/1 31/206/1
f 168/203/1 61/209/1 62/204/1
f 169/210/1 61/209/1 168/203/1
f 34/211/1 210/208/1 33/205/1
f 34/211/1 209/212/1 210/208/1
f 35/213/1 209/212/1 34/211/1
f 169/210/1 60/214/1 61/209/1
f 36/215/1 209/212/1 35/213/1
f 36/215/1 208/216/1 209/212/1
f 170/217/1 60/214/1 169/210/1
f 37/218/18 208/216/1 36/215/1
f 170/217/1 59/219/1 60/214/1
f 38/220/19 208/216/1 37/218/18
f 38/220/19 207/221/1 208/216/1
f 39/222/1 207/221/1 38/220/19
f 170/217/1 58/223/1 59/219/1
f 40/224/1 207/221/1 39/222/1
f 171/225/1 58/223/1 170/217/1
f 40/224/1 206/226/1 207/221/1
f 41/227/1 206/226/1 40/224/1
f 171/225/1 57/228/1 58/223/1
f 42/229/1 206/226/1 41/227/1
f 42/229/1 205/230/1 206/226/1
f 43/231/6 205/230/1 42/229/1
f 172/232/1 57/228/1 171/225/1
f 172/232/1 56/233/1 57/228/1
f 44/234/1 205/230/1 43/231/6
f 44/234/1 204/235/1 205/230/1
f 172/232/1 55/236/1 56/233/1
f 173/237/1 55/236/1 172/232/1
f 45/238/1 204/235/1 44/234/1
f 46/239/1 204/235/1 45/238/1
f 173/237/1 54/240/1 55/236/1
f 46/239/1 203/241/1 204/235/1
f 173/237/1 53/242/1 54/240/1
f 47/243/1 203/241/1 46/239/1
f 48/244/1 203/241/1 47/243/1
f 174/245/1 53/242/1 173/237/1
f 174/245/1 52/246/1 53/242/1
f 174/245/1 51/247/1 52/246/1
f 49/248/20 203/241/1 48/244/1
f 49/248/20 202/249/1 203/241/1
f 174/245/1 50/250/1 51/247/1
f 50/250/1 202/249/1 49/248/20
f 174/245/1 202/249/1 50/250/1
f 174/245/1 201/251/1 202/249/1
f 175/252/1 201/251/1 174/245/1
f 175/252/1 200/253/1 201/251/1
f 176/254/1 200/253/1 175/252/1
f 176/254/1 199/255/1 200/253/1
f 177/256/21 199/255/1 176/254/1
f 177/256/21 198/257/1 199/255/1
f 178/258/1 198/257/1 177/256/21
f 178/258/1 197/259/1 198/257/1
f 179/260/1 197/259/1 178/258/1
f 179/260/1 196/261/1 197/259/1
f 180/262/1 196/261/1 179/260/1
f 180/262/1 195/263/1 196/261/1
f 181/264/1 195/263/1 180/262/1
f 181/264/1 194/265/1 195/263/1
f 182/266/1 194/265/1 181/264/1
f 182/266/1 193/267/1 194/265/1
f 182/266/1 192/268/1 193/267/1
f 183/269/1 192/268/1 182/266/1
f 183/269/1 191/270/1 192/268/1
f 184/271/1 191/270/1 183/269/1
f 184/271/1 190/272/1 191/270/1
f 185/273/1 190/272/1 184/271/1
f 185/273/1 189/274/1 190/272/1
f 186/275/1 189/274/1 185/273/1
f 186/275/1 188/276/1 189/274/1
f 187/277/1 188/276/1 186/275/1
f 218/278/1 216/279/1 217/280/1
f 218/278/1 215/281/1 216/279/1
f 214/282/1 212/283/1 213/284/1
f 214/282/1 211/285/1 212/283/1
f 218/278/1 220/286/1 215/281/1
f 220/286/1 214/282/1 215/281/1
f 220/286/1 221/287/1 214/282/1
f 221/287/1 211/285/1 214/282/1
f 218/278/1 219/288/1 220/286/1
f 222/289/1 211/285/1 221/287/1
f 229/290/1 227/291/1 228/292/1
f 229/290/1 231/293/1 227/291/1
f 231/293/1 226/294/1 227/291/1
f 226/294/1 224/295/1 225/296/1
f 226/294/1 223/297/1 224/295/1
f 229/290/1 230/298/1 231/293/1
f 232/299/1 226/294/1 231/293/1
f 232/299/1 223/297/1 226/294/1
f 235/300/1 233/301/1 234/302/1
f 235/300/1 236/303/1 233/301/1
f 340/304/1 338/305/1 339/306/1
f 341/307/1 338/305/1 340/304/1
f 341/307/1 337/308/1 338/305/1
f 342/309/1 337/308/1 341/307/1
f 342/309/1 336/310/1 337/308/1
f 343/311/1 336/310/1 342/309/1
f 343/311/1 335/312/1 336/310/1
f 344/313/1 335/312/1 343/311/1
f 344/313/1 334/314/1 335/312/1
f 345/315/1 334/314/1 344/313/1
f 345/315/1 333/316/1 334/314/1
f 346/317/1 333/316/1 345/315/1
f 346/317/1 332/318/1 333/316/1
f 347/319/1 332/318/1 346/317/1
f 347/319/1 331/320/1 332/318/1
f 348/321/1 331/320/1 347/319/1
f 348/321/1 330/322/1 331/320/1
f 349/323/1 330/322/1 348/321/1
f 349/323/1 329/324/1 330/322/1
f 350/325/1 329/324/1 349/323/1
f 350/325/1 328/326/1 329/324/1
f 351/327/1 328/326/1 350/325/1
f 351/327/1 327/328/1 328/326/1
f 352/329/1 327/328/1 351/327/1
f 352/329/1 326/330/1 327/328/1
f 353/331/1 326/330/1 352/329/1
f 353/331/1 325/332/1 326/330/1
f 354/333/1 325/332/1 353/331/1
f 354/333/1 324/334/1 325/332/1
f 355/335/1 324/334/1 354/333/1
f 355/335/1 287/336/1 324/334/1
f 287/336/1 323/337/1 324/334/1
f 355/335/1 286/338/1 287/336/1
f 288/339/22 323/337/1 287/336/1
f 289/340/2 323/337/1 288/339/22
f 355/335/1 285/341/1 286/338/1
f 290/342/1 323/337/1 289/340/2
f 356/343/1 285/341/1 355/335/1
f 290/342/1 322/344/1 323/337/1
f 356/343/1 284/345/23 285/341/1
f 291/346/1 322/344/1 290/342/1
f 356/343/1 283/347/1 284/345/23
f 292/348/1 322/344/1 291/346/1
f 292/348/1 321/349/1 322/344/1
f 357/350/1 283/347/1 356/343/1
f 293/351/1 321/349/1 292/348/1
f 357/350/1 282/352/1 283/347/1
f 357/350/1 281/353/1 282/352/1
f 294/354/24 321/349/1 293/351/1
f 294/354/24 320/355/1 321/349/1
f 358/356/1 281/353/1 357/350/1
f 358/356/1 280/357/1 281/353/1
f 295/358/21 320/355/1 294/354/24
f 358/356/1 279/359/1 280/357/1
f 296/360/1 320/355/1 295/358/21
f 358/356/1 278/361/1 279/359/1
f 296/360/1 319/362/1 320/355/1
f 359/363/1 278/361/1 358/356/1
f 297/364/1 319/362/1 296/360/1
f 359/363/1 277/365/1 278/361/1
f 298/366/1 319/362/1 297/364/1
f 359/363/1 276/367/1 277/365/1
f 298/366/1 318/368/1 319/362/1
f 360/369/1 276/367/1 359/363/1
f 299/370/1 318/368/1 298/366/1
f 360/369/1 275/371/1 276/367/1
f 300/372/1 318/368/1 299/370/1
f 300/372/1 317/373/1 318/368/1
f 360/369/1 274/374/1 275/371/1
f 361/375/1 274/374/1 360/369/1
f 301/376/1 317/373/1 300/372/1
f 361/375/1 273/377/1 274/374/1
f 302/378/1 317/373/1 301/376/1
f 302/378/1 316/379/1 317/373/1
f 362/380/1 273/377/1 361/375/1
f 362/380/1 272/381/1 273/377/1
f 303/382/1 316/379/1 302/378/1
f 362/380/1 271/383/1 272/381/1
f 304/384/1 316/379/1 303/382/1
f 304/384/1 315/385/25 316/379/1
f 363/386/1 271/383/1 362/380/1
f 363/386/1 270/387/1 271/383/1
f 305/388/1 315/385/25 304/384/1
f 363/386/1 269/389/1 270/387/1
f 364/390/1 269/389/1 363/386/1
f 306/391/8 315/385/25 305/388/1
f 307/392/9 315/385/25 306/391/8
f 308/393/1 315/385/25 307/392/9
f 309/394/1 315/385/25 308/393/1
f 310/395/8 315/385/25 309/394/1
f 311/396/9 315/385/25 310/395/8
f 312/397/8 315/385/25 311/396/9
f 313/398/10 315/385/25 312/397/8
f 314/399/1 315/385/25 313/398/10
f 364/390/1 268/400/1 269/389/1
f 365/401/1 268/400/1 364/390/1
f 365/401/1 267/402/1 268/400/1
f 365/401/1 266/403/1 267/402/1
f 366/404/1 266/403/1 365/401/1
f 366/404/1 265/405/1 266/403/1
f 366/404/1 264/406/1 265/405/1
f 367/407/1 264/406/1 366/404/1
f 367/407/1 263/408/1 264/406/1
f 367/407/1 262/409/1 263/408/1
f 367/407/1 261/410/1 262/409/1
f 368/411/1 261/410/1 367/407/1
f 368/411/1 260/412/1 261/410/1
f 368/411/1 259/413/1 260/412/1
f 369/414/1 259/413/1 368/411/1
f 369/414/1 258/415/26 259/413/1
f 369/414/1 257/416/1 258/415/26
f 369/414/1 256/417/27 257/416/1
f 369/414/1 255/418/1 256/417/27
f 370/419/1 255/418/1 369/414/1
f 370/419/1 254/420/1 255/418/1
f 370/419/1 253/421/1 254/420/1
f 370/419/1 252/422/1 253/421/1
f 371/423/1 252/422/1 370/419/1
f 371/423/1 251/424/1 252/422/1
f 371/423/1 250/425/1 251/424/1
f 371/423/1 249/426/1 250/425/1
f 372/427/1 249/426/1 371/423/1
f 372/427/1 248/428/1 249/426/1
f 373/429/1 248/428/1 372/427/1
f 373/429/1 247/430/1 248/428/1
f 374/431/1 247/430/1 373/429/1
f 374/431/1 246/432/1 247/430/1
f 375/433/1 246/432/1 374/431/1
f 375/433/1 245/434/1 246/432/1
f 376/435/1 245/434/1 375/433/1
f 377/436/1 245/434/1 376/435/1
f 378/437/1 245/434/1 377/436/1
f 378/437/1 244/438/1 245/434/1
f 379/439/1 244/438/1 378/437/1
f 380/440/1 244/438/1 379/439/1
f 381/441/1 244/438/1 380/440/1
f 381/441/1 243/442/1 244/438/1
f 382/443/1 243/442/1 381/441/1
f 383/444/1 243/442/1 382/443/1
f 384/445/1 243/442/1 383/444/1
f 385/446/2 243/442/1 384/445/1
f 386/447/1 243/442/1 385/446/2
f 386/447/1 242/448/1 243/442/1
f 387/449/1 242/448/1 386/447/1
f 388/450/1 242/448/1 387/449/1
f 388/450/1 241/451/1 242/448/1
f 389/452/1 241/451/1 388/450/1
f 390/453/1 241/451/1 389/452/1
f 391/454/1 241/451/1 390/453/1
f 391/454/1 240/455/1 241/451/1
f 392/456/1 240/455/1 391/454/1
f 393/457/1 240/455/1 392/456/1
f 393/457/1 239/458/1 240/455/1
f 394/459/1 239/458/1 393/457/1
f 394/459/1 238/460/1 239/458/1
f 395/461/1 238/460/1 394/459/1
f 396/462/1 238/460/1 395/461/1
f 396/462/1 237/463/1 238/460/1
f 397/464/1 237/463/1 396/462/1
f 397/464/1 490/465/1 237/463/1
f 398/466/1 490/465/1 397/464/1
f 444/467/1 442/468/1 443/469/1
f 444/467/1 441/470/1 442/468/1
f 444/467/1 440/471/1 441/470/1
f 444/467/1 439/472/1 440/471/1
f 444/467/1 438/473/1 439/472/1
f 444/467/1 437/474/1 438/473/1
f 444/467/1 436/475/1 437/474/1
f 444/467/1 435/476/1 436/475/1
f 444/467/1 434/477/1 435/476/1
f 444/467/1 433/478/1 434/477/1
f 444/467/1 432/479/1 433/478/1
f 399/480/1 490/465/1 398/466/1
f 444/467/1 431/481/1 432/479/1
f 399/480/1 489/482/1 490/465/1
f 445/483/1 431/481/1 444/467/1
f 400/484/1 489/482/1 399/480/1
f 445/483/1 430/485/1 431/481/1
f 401/486/1 489/482/1 400/484/1
f 401/486/1 488/487/1 489/482/1
f 445/483/1 429/488/1 430/485/1
f 446/489/1 429/488/1 445/483/1
f 402/490/1 488/487/1 401/486/1
f 446/489/1 428/491/1 429/488/1
f 402/490/1 487/492/1 488/487/1
f 403/493/1 487/492/1 402/490/1
f 446/489/1 427/494/1 428/491/1
f 447/495/1 427/494/1 446/489/1
f 404/496/1 487/492/1 403/493/1
f 447/495/1 426/497/1 427/494/1
f 404/496/1 486/498/1 487/492/1
f 405/499/1 486/498/1 404/496/1
f 447/495/1 425/500/1 426/497/1
f 448/501/1 425/500/1 447/495/1
f 406/502/1 486/498/1 405/499/1
f 448/501/1 424/503/1 425/500/1
f 406/502/1 485/504/1 486/498/1
f 407/505/1 485/504/1 406/502/1
f 448/501/1 423/506/1 424/503/1
f 449/507/1 423/506/1 448/501/1
f 408/508/1 485/504/1 407/505/1
f 449/507/1 422/509/1 423/506/1
f 409/510/1 485/504/1 408/508/1
f 409/510/1 484/511/1 485/504/1
f 449/507/1 421/512/1 422/509/1
f 450/513/1 421/512/1 449/507/1
f 410/514/1 484/511/1 409/510/1
f 450/513/1 420/515/1 421/512/1
f 410/514/1 483/516/1 484/511/1
f 451/517/1 420/515/1 450/513/1
f 411/518/1 483/516/1 410/514/1
f 451/517/1 419/519/1 420/515/1
f 412/520/1 483/516/1 411/518/1
f 451/517/1 418/521/1 419/519/1
f 412/520/1 482/522/1 483/516/1
f 452/523/1 418/521/1 451/517/1
f 413/524/1 482/522/1 412/520/1
f 452/523/1 417/525/28 418/521/1
f 414/526/1 482/522/1 413/524/1
f 452/523/1 416/527/1 417/525/28
f 415/528/1 482/522/1 414/526/1
f 452/523/1 415/528/1 416/527/1
f 452/523/1 482/522/1 415/528/1
f 452/523/1 481/529/1 482/522/1
f 453/530/1 481/529/1 452/523/1
f 453/530/1 480/531/1 481/529/1
f 454/532/1 480/531/1 453/530/1
f 454/532/1 479/533/1 480/531/1
f 455/534/1 479/533/1 454/532/1
f 456/535/1 479/533/1 455/534/1
f 456/535/1 478/536/1 479/533/1
f 456/535/1 477/537/1 478/536/1
f 457/538/1 477/537/1 456/535/1
f 457/538/1 476/539/1 477/537/1
f 458/540/1 476/539/1 457/538/1
f 458/540/1 475/541/1 476/539/1
f 459/542/1 475/541/1 458/540/1
f 459/542/1 474/543/1 475/541/1
f 460/544/1 474/543/1 459/542/1
f 460/544/1 473/545/1 474/543/1
f 461/546/1 473/545/1 460/544/1
f 461/546/1 472/547/1 473/545/1
f 462/548/1 472/547/1 461/546/1
f 462/548/1 471/549/1 472/547/1
f 463/550/1 471/549/1 462/548/1
f 463/550/1 470/551/1 471/549/1
f 464/552/1 470/551/1 463/550/1
f 464/552/1 469/553/1 470/551/1
f 465/554/1 469/553/1 464/552/1
f 465/554/1 468/555/1 469/553/1
f 466/556/1 468/555/1 465/554/1
f 466/556/1 467/557/1 468/555/1
f 600/558/1 598/559/1 599/560/1
f 600/558/1 597/561/1 598/559/1
f 601/562/1 597/561/1 600/558/1
f 601/562/1 596/563/1 597/561/1
f 602/564/1 596/563/1 601/562/1
f 602/564/1 595/565/1 596/563/1
f 603/566/1 595/565/1 602/564/1
f 603/566/1 594/567/1 595/565/1
f 604/568/1 594/567/1 603/566/1
f 604/568/1 593/569/1 594/567/1
f 605/570/1 593/569/1 604/568/1
f 605/570/1 592/571/1 593/569/1
f 606/572/1 592/571/1 605/570/1
f 606/572/1 591/573/1 592/571/1
f 606/572/1 590/574/1 591/573/1
f 607/575/1 590/574/1 606/572/1
f 607/575/1 589/576/1 590/574/1
f 608/577/1 589/576/1 607/575/1
f 608/577/1 588/578/1 589/576/1
f 609/579/1 588/578/1 608/577/1
f 609/579/1 587/580/1 588/578/1
f 610/581/1 587/580/1 609/579/1
f 610/581/1 586/582/1 587/580/1
f 611/583/1 586/582/1 610/581/1
f 611/583/1 585/584/1 586/582/1
f 612/585/1 585/584/1 611/583/1
f 612/585/1 584/586/1 585/584/1
f 613/587/1 584/586/1 612/585/1
f 613/587/1 547/588/2 584/586/1
f 547/588/2 583/589/1 584/586/1
f 613/587/1 546/590/29 547/588/2
f 548/591/4 583/589/1 547/588/2
f 549/592/1 583/589/1 548/591/4
f 613/587/1 545/593/1 546/590/29
f 613/587/1 544/594/1 545/593/1
f 550/595/1 583/589/1 549/592/1
f 613/587/1 543/596/1 544/594/1
f 550/595/1 582/597/1 583/589/1
f 614/598/1 543/596/1 613/587/1
f 551/599/1 582/597/1 550/595/1
f 614/598/1 542/600/1 543/596/1
f 551/599/1 581/601/1 582/597/1
f 552/602/1 581/601/1 551/599/1
f 614/598/1 541/603/1 542/600/1
f 615/604/1 541/603/1 614/598/1
f 615/604/1 540/605/1 541/603/1
f 553/606/1 581/601/1 552/602/1
f 554/607/1 581/601/1 553/606/1
f 554/607/1 580/608/1 581/601/1
f 615/604/1 539/609/1 540/605/1
f 555/610/1 580/608/1 554/607/1
f 615/604/1 538/611/1 539/609/1
f 616/612/1 538/611/1 615/604/1
f 556/613/1 580/608/1 555/610/1
f 556/613/1 579/614/1 580/608/1
f 557/615/1 579/614/1 556/613/1
f 616/612/1 537/616/1 538/611/1
f 558/617/30 579/614/1 557/615/1
f 558/617/30 578/618/1 579/614/1
f 559/619/31 578/618/1 558/617/30
f 617/620/1 537/616/1 616/612/1
f 617/620/1 536/621/1 537/616/1
f 560/622/1 578/618/1 559/619/31
f 560/622/1 577/623/1 578/618/1
f 561/624/1 577/623/1 560/622/1
f 617/620/1 535/625/1 536/621/1
f 562/626/1 577/623/1 561/624/1
f 618/627/1 535/625/1 617/620/1
f 562/626/1 576/628/1 577/623/1
f 563/629/1 576/628/1 562/626/1
f 618/627/1 534/630/1 535/625/1
f 564/631/4 576/628/1 563/629/1
f 564/631/4 575/632/32 576/628/1
f 565/633/1 575/632/32 564/631/4
f 619/634/1 534/630/1 618/627/1
f 566/635/1 575/632/32 565/633/1
f 567/636/1 575/632/32 566/635/1
f 568/637/1 575/632/32 567/636/1
f 569/638/8 575/632/32 568/637/1
f 570/639/10 575/632/32 569/638/8
f 571/640/8 575/632/32 570/639/10
f 572/641/9 575/632/32 571/640/8
f 573/642/1 575/632/32 572/641/9
f 574/643/1 575/632/32 573/642/1
f 619/634/1 533/644/1 534/630/1
f 619/634/1 532/645/1 533/644/1
f 620/646/1 532/645/1 619/634/1
f 620/646/1 531/647/1 532/645/1
f 621/648/1 531/647/1 620/646/1
f 621/648/1 530/649/11 531/647/1
f 622/650/12 530/649/11 621/648/1
f 622/650/12 529/651/33 530/649/11
f 623/652/14 529/651/33 622/650/12
f 623/652/14 528/653/34 529/651/33
f 624/654/16 528/653/34 623/652/14
f 624/654/16 527/655/35 528/653/34
f 624/654/16 526/656/11 527/655/35
f 625/657/1 526/656/11 624/654/16
f 625/657/1 525/658/1 526/656/11
f 626/659/1 525/658/1 625/657/1
f 626/659/1 524/660/1 525/658/1
f 627/661/1 524/660/1 626/659/1
f 627/661/1 523/662/1 524/660/1
f 628/663/1 523/662/1 627/661/1
f 628/663/1 522/664/1 523/662/1
f 493/665/18 491/666/1 492/667/1
f 493/665/18 670/668/1 491/666/1
f 628/663/1 521/669/1 522/664/1
f 629/670/1 521/669/1 628/663/1
f 494/671/1 670/668/1 493/665/18
f 494/671/1 669/672/1 670/668/1
f 495/673/1 669/672/1 494/671/1
f 629/670/1 520/674/1 521/669/1
f 496/675/1 669/672/1 495/673/1
f 496/675/1 668/676/1 669/672/1
f 630/677/1 520/674/1 629/670/1
f 497/678/1 668/676/1 496/675/1
f 630/677/1 519/679/1 520/674/1
f 498/680/1 668/676/1 497/678/1
f 498/680/1 667/681/1 668/676/1
f 499/682/1 667/681/1 498/680/1
f 630/677/1 518/683/1 519/679/1
f 500/684/1 667/681/1 499/682/1
f 631/685/1 518/683/1 630/677/1
f 500/684/1 666/686/1 667/681/1
f 501/687/1 666/686/1 500/684/1
f 631/685/1 517/688/1 518/683/1
f 502/689/1 666/686/1 501/687/1
f 502/689/1 665/690/1 666/686/1
f 503/691/1 665/690/1 502/689/1
f 632/692/1 517/688/1 631/685/1
f 632/692/1 516/693/1 517/688/1
f 504/694/1 665/690/1 503/691/1
f 504/694/1 664/695/1 665/690/1
f 632/692/1 515/696/1 516/693/1
f 633/697/1 515/696/1 632/692/1
f 505/698/1 664/695/1 504/694/1
f 633/697/1 514/699/1 515/696/1
f 506/700/1 664/695/1 505/698/1
f 506/700/1 663/701/1 664/695/1
f 507/702/1 663/701/1 506/700/1
f 633/697/1 513/703/1 514/699/1
f 508/704/1 663/701/1 507/702/1
f 634/705/1 513/703/1 633/697/1
f 634/705/1 512/706/1 513/703/1
f 634/705/1 511/707/1 512/706/1
f 509/708/20 663/701/1 508/704/1
f 509/708/20 662/709/1 663/701/1
f 634/705/1 510/710/1 511/707/1
f 510/710/1 662/709/1 509/708/20
f 634/705/1 662/709/1 510/710/1
f 634/705/1 661/711/1 662/709/1
f 635/712/1 661/711/1 634/705/1
f 635/712/1 660/713/1 661/711/1
f 636/714/1 660/713/1 635/712/1
f 636/714/1 659/715/1 660/713/1
f 637/716/1 659/715/1 636/714/1
f 637/716/1 658/717/1 659/715/1
f 638/718/1 658/717/1 637/716/1
f 638/718/1 657/719/1 658/717/1
f 639/720/1 657/719/1 638/718/1
f 639/720/1 656/721/1 657/719/1
f 640/722/1 656/721/1 639/720/1
f 640/722/1 655/723/1 656/721/1
f 641/724/1 655/723/1 640/722/1
f 641/724/1 654/725/1 655/723/1
f 642/726/1 654/725/1 641/724/1
f 642/726/1 653/727/1 654/725/1
f 642/726/1 652/728/1 653/727/1
f 643/729/1 652/728/1 642/726/1
f 643/729/1 651/730/1 652/728/1
f 644/731/1 651/730/1 643/729/1
f 644/731/1 650/732/1 651/730/1
f 645/733/1 650/732/1 644/731/1
f 645/733/1 649/734/1 650/732/1
f 646/735/1 649/734/1 645/733/1
f 646/735/1 648/736/1 649/734/1
f 647/737/1 648/736/1 646/735/1
f 678/738/1 676/739/1 677/740/1
f 678/738/1 675/741/1 676/739/1
f 674/742/1 672/743/1 673/744/1
f 674/742/1 671/745/1 672/743/1
f 678/738/1 680/746/1 675/741/1
f 680/746/1 674/742/1 675/741/1
f 680/746/1 681/747/1 674/742/1
f 681/747/1 671/745/1 674/742/1
f 678/738/1 679/748/1 680/746/1
f 682/749/1 671/745/1 681/747/1
f 686/750/1 684/751/1 683/752/1
f 686/750/1 685/753/1 684/751/1
f 698/754/1 694/755/1 697/756/1
f 694/755/1 696/757/1 697/756/1
f 694/755/1 695/758/1 696/757/1
f 698/754/1 693/759/1 694/755/1
f 698/754/1 690/760/1 693/759/1
f 690/760/1 692/761/1 693/759/1
f 690/760/1 691/762/1 692/761/1
f 698/754/1 689/763/1 690/760/1
f 698/754/1 688/764/1 689/763/1
f 698/754/1 687/765/1 688/764/1
f 706/766/1 704/767/1 705/768/1
f 706/766/1 703/769/1 704/767/1
f 702/770/1 700/771/1 701/772/1
f 702/770/1 699/773/1 700/771/1
f 706/766/1 708/774/1 703/769/1
f 708/774/1 702/770/1 703/769/1
f 708/774/1 709/775/1 702/770/1
f 709/775/1 699/773/1 702/770/1
f 706/766/1 707/776/1 708/774/1
f 710/777/1 699/773/1 709/775/1
f 811/778/1 809/779/1 810/780/1
f 812/781/1 809/779/1 811/778/1
f 812/781/1 808/782/1 809/779/1
f 813/783/1 808/782/1 812/781/1
f 813/783/1 807/784/1 808/782/1
f 814/785/1 807/784/1 813/783/1
f 814/785/1 806/786/1 807/784/1
f 815/787/1 806/786/1 814/785/1
f 815/787/1 805/788/1 806/786/1
f 816/789/1 805/788/1 815/787/1
f 816/789/1 804/790/1 805/788/1
f 817/791/1 804/790/1 816/789/1
f 817/791/1 803/792/1 804/790/1
f 818/793/1 803/792/1 817/791/1
f 818/793/1 802/794/1 803/792/1
f 819/795/1 802/794/1 818/793/1
f 819/795/1 801/796/1 802/794/1
f 820/797/1 801/796/1 819/795/1
f 820/797/1 800/798/1 801/796/1
f 821/799/1 800/798/1 820/797/1
f 821/799/1 799/800/1 800/798/1
f 822/801/1 799/800/1 821/799/1
f 822/801/1 798/802/1 799/800/1
f 823/803/1 798/802/1 822/801/1
f 823/803/1 797/804/1 798/802/1
f 823/803/1 796/805/1 797/804/1
f 824/806/1 767/807/1 823/803/1
f 767/807/1 796/805/1 823/803/1
f 824/806/1 766/808/1 767/807/1
f 768/809/1 796/805/1 767/807/1
f 824/806/1 765/810/23 766/808/1
f 769/811/1 796/805/1 768/809/1
f 824/806/1 764/812/1 765/810/23
f 770/813/1 796/805/1 769/811/1
f 824/806/1 763/814/1 764/812/1
f 771/815/1 796/805/1 770/813/1
f 771/815/1 795/816/1 796/805/1
f 825/817/1 763/814/1 824/806/1
f 825/817/1 762/818/1 763/814/1
f 772/819/1 795/816/1 771/815/1
f 825/817/1 761/820/1 762/818/1
f 773/821/1 795/816/1 772/819/1
f 773/821/1 794/822/1 795/816/1
f 826/823/1 761/820/1 825/817/1
f 826/823/1 760/824/1 761/820/1
f 774/825/1 794/822/1 773/821/1
f 826/823/1 759/826/1 760/824/1
f 775/827/1 794/822/1 774/825/1
f 775/827/1 793/828/1 794/822/1
f 827/829/1 759/826/1 826/823/1
f 827/829/1 758/830/1 759/826/1
f 776/831/1 793/828/1 775/827/1
f 827/829/1 757/832/1 758/830/1
f 777/833/1 793/828/1 776/831/1
f 777/833/1 792/834/1 793/828/1
f 828/835/1 757/832/1 827/829/1
f 828/835/1 756/836/1 757/832/1
f 778/837/1 792/834/1 777/833/1
f 828/835/1 755/838/1 756/836/1
f 779/839/1 792/834/1 778/837/1
f 779/839/1 791/840/1 792/834/1
f 829/841/1 755/838/1 828/835/1
f 829/841/1 754/842/1 755/838/1
f 780/843/1 791/840/1 779/839/1
f 780/843/1 790/844/1 791/840/1
f 830/845/1 754/842/1 829/841/1
f 830/845/1 753/846/1 754/842/1
f 781/847/1 790/844/1 780/843/1
f 830/845/1 752/848/1 753/846/1
f 782/849/1 790/844/1 781/847/1
f 782/849/1 789/850/1 790/844/1
f 831/851/1 752/848/1 830/845/1
f 831/851/1 751/852/1 752/848/1
f 783/853/1 789/850/1 782/849/1
f 783/853/1 788/854/1 789/850/1
f 832/855/1 751/852/1 831/851/1
f 832/855/1 750/856/11 751/852/1
f 784/857/36 788/854/1 783/853/1
f 784/857/36 787/858/37 788/854/1
f 833/859/38 750/856/11 832/855/1
f 833/859/38 749/860/13 750/856/11
f 785/861/39 787/858/37 784/857/36
f 785/861/39 786/862/40 787/858/37
f 834/863/41 749/860/13 833/859/38
f 834/863/41 748/864/15 749/860/13
f 711/865/42 786/862/40 785/861/39
f 835/866/43 748/864/15 834/863/41
f 835/866/43 747/867/17 748/864/15
f 712/868/39 786/862/40 711/865/42
f 712/868/39 881/869/37 786/862/40
f 835/866/43 746/870/11 747/867/17
f 713/871/36 881/869/37 712/868/39
f 713/871/36 880/872/1 881/869/37
f 836/873/1 746/870/11 835/866/43
f 836/873/1 745/874/1 746/870/11
f 714/875/1 880/872/1 713/871/36
f 714/875/1 879/876/1 880/872/1
f 837/877/1 745/874/1 836/873/1
f 837/877/1 744/878/1 745/874/1
f 715/879/1 879/876/1 714/875/1
f 715/879/1 878/880/1 879/876/1
f 838/881/1 744/878/1 837/877/1
f 838/881/1 743/882/1 744/878/1
f 716/883/1 878/880/1 715/879/1
f 716/883/1 877/884/1 878/880/1
f 839/885/1 743/882/1 838/881/1
f 839/885/1 742/886/1 743/882/1
f 717/887/1 877/884/1 716/883/1
f 839/885/1 741/888/1 742/886/1
f 718/889/1 877/884/1 717/887/1
f 718/889/1 876/890/1 877/884/1
f 840/891/1 741/888/1 839/885/1
f 840/891/1 740/892/1 741/888/1
f 719/893/1 876/890/1 718/889/1
f 719/893/1 875/894/1 876/890/1
f 841/895/1 740/892/1 840/891/1
f 841/895/1 739/896/1 740/892/1
f 720/897/1 875/894/1 719/893/1
f 841/895/1 738/898/1 739/896/1
f 721/899/1 875/894/1 720/897/1
f 721/899/1 874/900/1 875/894/1
f 842/901/1 738/898/1 841/895/1
f 842/901/1 737/902/1 738/898/1
f 722/903/1 874/900/1 721/899/1
f 842/901/1 736/904/1 737/902/1
f 723/905/1 874/900/1 722/903/1
f 723/905/1 873/906/1 874/900/1
f 843/907/1 736/904/1 842/901/1
f 724/908/1 873/906/1 723/905/1
f 843/907/1 735/909/1 736/904/1
f 724/908/1 872/910/1 873/906/1
f 844/911/1 735/909/1 843/907/1
f 844/911/1 734/912/1 735/909/1
f 725/913/1 872/910/1 724/908/1
f 844/911/1 733/914/1 734/912/1
f 726/915/1 872/910/1 725/913/1
f 844/911/1 732/916/1 733/914/1
f 726/915/1 871/917/1 872/910/1
f 845/918/1 732/916/1 844/911/1
f 845/918/1 731/919/1 732/916/1
f 727/920/44 871/917/1 726/915/1
f 845/918/1 730/921/1 731/919/1
f 728/922/1 871/917/1 727/920/44
f 845/918/1 729/923/1 730/921/1
f 729/923/1 871/917/1 728/922/1
f 845/918/1 871/917/1 729/923/1
f 845/918/1 870/924/1 871/917/1
f 846/925/1 870/924/1 845/918/1
f 847/926/1 870/924/1 846/925/1
f 847/926/1 869/927/1 870/924/1
f 848/928/1 869/927/1 847/926/1
f 848/928/1 868/929/1 869/927/1
f 849/930/1 868/929/1 848/928/1
f 849/930/1 867/931/1 868/929/1
f 850/932/1 867/931/1 849/930/1
f 850/932/1 866/933/1 867/931/1
f 851/934/1 866/933/1 850/932/1
f 851/934/1 865/935/1 866/933/1
f 852/936/1 865/935/1 851/934/1
f 852/936/1 864/937/1 865/935/1
f 853/938/1 864/937/1 852/936/1
f 853/938/1 863/939/1 864/937/1
f 854/940/1 863/939/1 853/938/1
f 854/940/1 862/941/1 863/939/1
f 855/942/1 862/941/1 854/940/1
f 855/942/1 861/943/1 862/941/1
f 856/944/1 861/943/1 855/942/1
f 856/944/1 860/945/1 861/943/1
f 857/946/1 860/945/1 856/944/1
f 857/946/1 859/947/1 860/945/1
f 858/948/1 859/947/1 857/946/1
f 992/949/1 990/950/1 991/951/1
f 992/949/1 989/952/1 990/950/1
f 993/953/1 989/952/1 992/949/1
f 993/953/1 988/954/1 989/952/1
f 994/955/1 988/954/1 993/953/1
f 994/955/1 987/956/1 988/954/1
f 995/957/1 987/956/1 994/955/1
f 995/957/1 986/958/1 987/956/1
f 996/959/1 986/958/1 995/957/1
f 996/959/1 985/960/1 986/958/1
f 997/961/1 985/960/1 996/959/1
f 997/961/1 984/962/1 985/960/1
f 998/963/1 984/962/1 997/961/1
f 998/963/1 983/964/1 984/962/1
f 998/963/1 982/965/1 983/964/1
f 999/966/1 982/965/1 998/963/1
f 999/966/1 981/967/1 982/965/1
f 1000/968/1 981/967/1 999/966/1
f 1000/968/1 980/969/1 981/967/1
f 1001/970/1 980/969/1 1000/968/1
f 1001/970/1 979/971/1 980/969/1
f 1002/972/1 979/971/1 1001/970/1
f 1002/972/1 978/973/1 979/971/1
f 1003/974/1 978/973/1 1002/972/1
f 1003/974/1 977/975/1 978/973/1
f 1004/976/1 977/975/1 1003/974/1
f 1004/976/1 976/977/1 977/975/1
f 1005/978/1 976/977/1 1004/976/1
f 1005/978/1 938/979/2 976/977/1
f 938/979/2 975/980/1 976/977/1
f 1005/978/1 937/981/3 938/979/2
f 939/982/18 975/980/1 938/979/2
f 940/983/1 975/980/1 939/982/18
f 1005/978/1 936/984/1 937/981/3
f 1005/978/1 935/985/1 936/984/1
f 941/986/1 975/980/1 940/983/1
f 941/986/1 974/987/1 975/980/1
f 1006/988/1 935/985/1 1005/978/1
f 942/989/1 974/987/1 941/986/1
f 1006/988/1 934/990/1 935/985/1
f 943/991/1 974/987/1 942/989/1
f 1006/988/1 933/992/1 934/990/1
f 943/991/1 973/993/1 974/987/1
f 944/994/1 973/993/1 943/991/1
f 1006/988/1 932/995/1 933/992/1
f 1007/996/1 932/995/1 1006/988/1
f 945/997/1 973/993/1 944/994/1
f 946/998/1 973/993/1 945/997/1
f 946/998/1 972/999/1 973/993/1
f 1007/996/1 931/1000/1 932/995/1
f 947/1001/1 972/999/1 946/998/1
f 1007/996/1 930/1002/1 931/1000/1
f 1008/1003/1 930/1002/1 1007/996/1
f 948/1004/1 972/999/1 947/1001/1
f 948/1004/1 971/1005/1 972/999/1
f 949/1006/6 971/1005/1 948/1004/1
f 1008/1003/1 929/1007/1 930/1002/1
f 950/1008/1 971/1005/1 949/1006/6
f 950/1008/1 970/1009/1 971/1005/1
f 951/1010/1 970/1009/1 950/1008/1
f 1009/1011/1 929/1007/1 1008/1003/1
f 1009/1011/1 928/1012/1 929/1007/1
f 952/1013/1 970/1009/1 951/1010/1
f 952/1013/1 969/1014/1 970/1009/1
f 953/1015/1 969/1014/1 952/1013/1
f 1009/1011/1 927/1016/1 928/1012/1
f 954/1017/1 969/1014/1 953/1015/1
f 1010/1018/1 927/1016/1 1009/1011/1
f 954/1017/1 968/1019/1 969/1014/1
f 955/1020/1 968/1019/1 954/1017/1
f 1010/1018/1 926/1021/1 927/1016/1
f 956/1022/31 968/1019/1 955/1020/1
f 956/1022/31 967/1023/45 968/1019/1
f 957/1024/46 967/1023/45 956/1022/31
f 1011/1025/1 926/1021/1 1010/1018/1
f 958/1026/9 967/1023/45 957/1024/46
f 959/1027/1 967/1023/45 958/1026/9
f 960/1028/8 967/1023/45 959/1027/1
f 961/1029/9 967/1023/45 960/1028/8
f 962/1030/1 967/1023/45 961/1029/9
f 963/1031/1 967/1023/45 962/1030/1
f 964/1032/8 967/1023/45 963/1031/1
f 965/1033/9 967/1023/45 964/1032/8
f 966/1034/1 967/1023/45 965/1033/9
f 1011/1025/1 925/1035/1 926/1021/1
f 1011/1025/1 924/1036/1 925/1035/1
f 1012/1037/1 924/1036/1 1011/1025/1
f 1012/1037/1 923/1038/1 924/1036/1
f 1013/1039/47 923/1038/1 1012/1037/1
f 1013/1039/47 922/1040/11 923/1038/1
f 1014/1041/12 922/1040/11 1013/1039/47
f 1014/1041/12 921/1042/13 922/1040/11
f 1015/1043/14 921/1042/13 1014/1041/12
f 1015/1043/14 920/1044/15 921/1042/13
f 1016/1045/16 920/1044/15 1015/1043/14
f 1016/1045/16 919/1046/17 920/1044/15
f 1016/1045/16 918/1047/11 919/1046/17
f 1017/1048/48 918/1047/11 1016/1045/16
f 1017/1048/48 917/1049/1 918/1047/11
f 1018/1050/1 917/1049/1 1017/1048/48
f 1018/1050/1 916/1051/1 917/1049/1
f 1019/1052/1 916/1051/1 1018/1050/1
f 1019/1052/1 915/1053/1 916/1051/1
f 1020/1054/1 915/1053/1 1019/1052/1
f 1020/1054/1 914/1055/1 915/1053/1
f 884/1056/31 882/1057/1 883/1058/1
f 884/1056/31 1062/1059/1 882/1057/1
f 1020/1054/1 913/1060/1 914/1055/1
f 1021/1061/1 913/1060/1 1020/1054/1
f 885/1062/1 1062/1059/1 884/1056/31
f 885/1062/1 1061/1063/1 1062/1059/1
f 886/1064/1 1061/1063/1 885/1062/1
f 1021/1061/1 912/1065/1 913/1060/1
f 887/1066/1 1061/1063/1 886/1064/1
f 887/1066/1 1060/1067/1 1061/1063/1
f 1022/1068/1 912/1065/1 1021/1061/1
f 888/1069/1 1060/1067/1 887/1066/1
f 1022/1068/1 911/1070/1 912/1065/1
f 889/1071/1 1060/1067/1 888/1069/1
f 889/1071/1 1059/1072/1 1060/1067/1
f 890/1073/1 1059/1072/1 889/1071/1
f 1022/1068/1 910/1074/1 911/1070/1
f 891/1075/1 1059/1072/1 890/1073/1
f 1023/1076/1 910/1074/1 1022/1068/1
f 891/1075/1 1058/1077/1 1059/1072/1
f 892/1078/1 1058/1077/1 891/1075/1
f 1023/1076/1 909/1079/1 910/1074/1
f 893/1080/1 1058/1077/1 892/1078/1
f 893/1080/1 1057/1081/1 1058/1077/1
f 894/1082/49 1057/1081/1 893/1080/1
f 1024/1083/1 909/1079/1 1023/1076/1
f 1024/1083/1 908/1084/1 909/1079/1
f 895/1085/1 1057/1081/1 894/1082/49
f 895/1085/1 1056/1086/1 1057/1081/1
f 896/1087/1 1056/1086/1 895/1085/1
f 1024/1083/1 907/1088/1 908/1084/1
f 1025/1089/1 907/1088/1 1024/1083/1
f 897/1090/1 1056/1086/1 896/1087/1
f 897/1090/1 1055/1091/1 1056/1086/1
f 1025/1089/1 906/1092/1 907/1088/1
f 898/1093/1 1055/1091/1 897/1090/1
f 899/1094/1 1055/1091/1 898/1093/1
f 1025/1089/1 905/1095/1 906/1092/1
f 900/1096/1 1055/1091/1 899/1094/1
f 1026/1097/1 905/1095/1 1025/1089/1
f 1026/1097/1 904/1098/1 905/1095/1
f 1026/1097/1 903/1099/1 904/1098/1
f 901/1100/20 1055/1091/1 900/1096/1
f 901/1100/20 1054/1101/1 1055/1091/1
f 1026/1097/1 902/1102/1 903/1099/1
f 902/1102/1 1054/1101/1 901/1100/20
f 1026/1097/1 1054/1101/1 902/1102/1
f 1026/1097/1 1053/1103/1 1054/1101/1
f 1027/1104/1 1053/1103/1 1026/1097/1
f 1027/1104/1 1052/1105/1 1053/1103/1
f 1028/1106/1 1052/1105/1 1027/1104/1
f 1028/1106/1 1051/1107/1 1052/1105/1
f 1029/1108/1 1051/1107/1 1028/1106/1
f 1029/1108/1 1050/1109/1 1051/1107/1
f 1030/1110/1 1050/1109/1 1029/1108/1
f 1030/1110/1 1049/1111/1 1050/1109/1
f 1031/1112/1 1049/1111/1 1030/1110/1
f 1031/1112/1 1048/1113/1 1049/1111/1
f 1032/1114/1 1048/1113/1 1031/1112/1
f 1032/1114/1 1047/1115/1 1048/1113/1
f 1033/1116/1 1047/1115/1 1032/1114/1
f 1033/1116/1 1046/1117/1 1047/1115/1
f 1034/1118/1 1046/1117/1 1033/1116/1
f 1034/1118/1 1045/1119/1 1046/1117/1
f 1034/1118/1 1044/1120/1 1045/1119/1
f 1035/1121/1 1044/1120/1 1034/1118/1
f 1035/1121/1 1043/1122/1 1044/1120/1
f 1036/1123/1 1043/1122/1 1035/1121/1
f 1036/1123/1 1042/1124/1 1043/1122/1
f 1037/1125/1 1042/1124/1 1036/1123/1
f 1037/1125/1 1041/1126/1 1042/1124/1
f 1038/1127/1 1041/1126/1 1037/1125/1
f 1038/1127/1 1040/1128/1 1041/1126/1
f 1039/1129/1 1040/1128/1 1038/1127/1
f 1070/1130/1 1068/1131/1 1069/1132/1
f 1070/1130/1 1067/1133/1 1068/1131/1
f 1066/1134/1 1064/1135/1 1065/1136/1
f 1066/1134/1 1063/1137/1 1064/1135/1
f 1070/1130/1 1072/1138/1 1067/1133/1
f 1072/1138/1 1066/1134/1 1067/1133/1
f 1072/1138/1 1073/1139/1 1066/1134/1
f 1073/1139/1 1063/1137/1 1066/1134/1
f 1070/1130/1 1071/1140/1 1072/1138/1
f 1074/1141/1 1063/1137/1 1073/1139/1
f 1180/1142/1 1178/1143/1 1179/1144/1
f 1181/1145/1 1178/1143/1 1180/1142/1
f 1181/1145/1 1177/1146/1 1178/1143/1
f 1182/1147/1 1177/1146/1 1181/1145/1
f 1182/1147/1 1176/1148/1 1177/1146/1
f 1183/1149/1 1176/1148/1 1182/1147/1
f 1183/1149/1 1175/1150/1 1176/1148/1
f 1184/1151/1 1175/1150/1 1183/1149/1
f 1184/1151/1 1174/1152/1 1175/1150/1
f 1185/1153/1 1174/1152/1 1184/1151/1
f 1185/1153/1 1173/1154/1 1174/1152/1
f 1186/1155/1 1173/1154/1 1185/1153/1
f 1186/1155/1 1172/1156/1 1173/1154/1
f 1187/1157/1 1172/1156/1 1186/1155/1
f 1187/1157/1 1171/1158/1 1172/1156/1
f 1188/1159/1 1171/1158/1 1187/1157/1
f 1188/1159/1 1170/1160/50 1171/1158/1
f 1189/1161/1 1170/1160/50 1188/1159/1
f 1189/1161/1 1169/1162/1 1170/1160/50
f 1190/1163/1 1169/1162/1 1189/1161/1
f 1190/1163/1 1168/1164/1 1169/1162/1
f 1191/1165/1 1168/1164/1 1190/1163/1
f 1191/1165/1 1167/1166/1 1168/1164/1
f 1192/1167/1 1167/1166/1 1191/1165/1
f 1192/1167/1 1166/1168/1 1167/1166/1
f 1193/1169/1 1166/1168/1 1192/1167/1
f 1193/1169/1 1165/1170/1 1166/1168/1
f 1194/1171/1 1165/1170/1 1193/1169/1
f 1194/1171/1 1164/1172/1 1165/1170/1
f 1195/1173/1 1164/1172/1 1194/1171/1
f 1195/1173/1 1126/1174/51 1164/1172/1
f 1126/1174/51 1163/1175/1 1164/1172/1
f 1195/1173/1 1125/1176/4 1126/1174/51
f 1127/1177/22 1163/1175/1 1126/1174/51
f 1195/1173/1 1124/1178/1 1125/1176/4
f 1128/1179/2 1163/1175/1 1127/1177/22
f 1129/1180/1 1163/1175/1 1128/1179/2
f 1196/1181/1 1124/1178/1 1195/1173/1
f 1196/1181/1 1123/1182/1 1124/1178/1
f 1129/1180/1 1162/1183/1 1163/1175/1
f 1130/1184/1 1162/1183/1 1129/1180/1
f 1196/1181/1 1122/1185/1 1123/1182/1
f 1131/1186/1 1162/1183/1 1130/1184/1
f 1132/1187/1 1162/1183/1 1131/1186/1
f 1196/1181/1 1121/1188/1 1122/1185/1
f 1132/1187/1 1161/1189/1 1162/1183/1
f 1197/1190/1 1121/1188/1 1196/1181/1
f 1133/1191/1 1161/1189/1 1132/1187/1
f 1197/1190/1 1120/1192/1 1121/1188/1
f 1134/1193/1 1161/1189/1 1133/1191/1
f 1134/1193/1 1160/1194/1 1161/1189/1
f 1198/1195/1 1120/1192/1 1197/1190/1
f 1198/1195/1 1119/1196/1 1120/1192/1
f 1135/1197/1 1160/1194/1 1134/1193/1
f 1198/1195/1 1118/1198/52 1119/1196/1
f 1136/1199/1 1160/1194/1 1135/1197/1
f 1198/1195/1 1117/1200/2 1118/1198/52
f 1136/1199/1 1159/1201/1 1160/1194/1
f 1199/1202/1 1117/1200/2 1198/1195/1
f 1137/1203/1 1159/1201/1 1136/1199/1
f 1199/1202/1 1116/1204/1 1117/1200/2
f 1138/1205/1 1159/1201/1 1137/1203/1
f 1199/1202/1 1115/1206/1 1116/1204/1
f 1138/1205/1 1158/1207/1 1159/1201/1
f 1200/1208/1 1115/1206/1 1199/1202/1
f 1139/1209/31 1158/1207/1 1138/1205/1
f 1200/1208/1 1114/1210/1 1115/1206/1
f 1140/1211/4 1158/1207/1 1139/1209/31
f 1140/1211/4 1157/1212/1 1158/1207/1
f 1200/1208/1 1113/1213/1 1114/1210/1
f 1201/1214/1 1113/1213/1 1200/1208/1
f 1141/1215/28 1157/1212/1 1140/1211/4
f 1201/1214/1 1112/1216/1 1113/1213/1
f 1142/1217/1 1157/1212/1 1141/1215/28
f 1142/1217/1 1156/1218/1 1157/1212/1
f 1202/1219/1 1112/1216/1 1201/1214/1
f 1202/1219/1 1111/1220/1 1112/1216/1
f 1143/1221/1 1156/1218/1 1142/1217/1
f 1202/1219/1 1110/1222/1 1111/1220/1
f 1144/1223/1 1156/1218/1 1143/1221/1
f 1144/1223/1 1155/1224/53 1156/1218/1
f 1203/1225/1 1110/1222/1 1202/1219/1
f 1203/1225/1 1109/1226/1 1110/1222/1
f 1145/1227/1 1155/1224/53 1144/1223/1
f 1203/1225/1 1108/1228/1 1109/1226/1
f 1204/1229/1 1108/1228/1 1203/1225/1
f 1146/1230/1 1155/1224/53 1145/1227/1
f 1147/1231/1 1155/1224/53 1146/1230/1
f 1148/1232/1 1155/1224/53 1147/1231/1
f 1149/1233/8 1155/1224/53 1148/1232/1
f 1150/1234/10 1155/1224/53 1149/1233/8
f 1151/1235/1 1155/1224/53 1150/1234/10
f 1152/1236/1 1155/1224/53 1151/1235/1
f 1153/1237/1 1155/1224/53 1152/1236/1
f 1154/1238/1 1155/1224/53 1153/1237/1
f 1204/1229/1 1107/1239/1 1108/1228/1
f 1205/1240/1 1107/1239/1 1204/1229/1
f 1205/1240/1 1106/1241/1 1107/1239/1
f 1205/1240/1 1105/1242/1 1106/1241/1
f 1206/1243/1 1105/1242/1 1205/1240/1
f 1206/1243/1 1104/1244/1 1105/1242/1
f 1206/1243/1 1103/1245/1 1104/1244/1
f 1207/1246/1 1103/1245/1 1206/1243/1
f 1207/1246/1 1102/1247/1 1103/1245/1
f 1207/1246/1 1101/1248/1 1102/1247/1
f 1207/1246/1 1100/1249/1 1101/1248/1
f 1208/1250/1 1100/1249/1 1207/1246/1
f 1208/1250/1 1099/1251/1 1100/1249/1
f 1208/1250/1 1098/1252/1 1099/1251/1
f 1209/1253/1 1098/1252/1 1208/1250/1
f 1209/1253/1 1097/1254/1 1098/1252/1
f 1209/1253/1 1096/1255/1 1097/1254/1
f 1209/1253/1 1095/1256/1 1096/1255/1
f 1209/1253/1 1094/1257/1 1095/1256/1
f 1210/1258/1 1094/1257/1 1209/1253/1
f 1210/1258/1 1093/1259/1 1094/1257/1
f 1210/1258/1 1092/1260/1 1093/1259/1
f 1210/1258/1 1091/1261/1 1092/1260/1
f 1211/1262/1 1091/1261/1 1210/1258/1
f 1211/1262/1 1090/1263/1 1091/1261/1
f 1211/1262/1 1089/1264/1 1090/1263/1
f 1211/1262/1 1088/1265/1 1089/1264/1
f 1212/1266/1 1088/1265/1 1211/1262/1
f 1212/1266/1 1087/1267/1 1088/1265/1
f 1212/1266/1 1086/1268/1 1087/1267/1
f 1213/1269/1 1086/1268/1 1212/1266/1
f 1213/1269/1 1085/1270/1 1086/1268/1
f 1214/1271/1 1085/1270/1 1213/1269/1
f 1214/1271/1 1084/1272/1 1085/1270/1
f 1215/1273/1 1084/1272/1 1214/1271/1
f 1215/1273/1 1083/1274/1 1084/1272/1
f 1216/1275/1 1083/1274/1 1215/1273/1
f 1217/1276/1 1083/1274/1 1216/1275/1
f 1218/1277/1 1083/1274/1 1217/1276/1
f 1218/1277/1 1082/1278/1 1083/1274/1
f 1219/1279/1 1082/1278/1 1218/1277/1
f 1220/1280/1 1082/1278/1 1219/1279/1
f 1221/1281/1 1082/1278/1 1220/1280/1
f 1221/1281/1 1081/1282/1 1082/1278/1
f 1222/1283/1 1081/1282/1 1221/1281/1
f 1223/1284/1 1081/1282/1 1222/1283/1
f 1224/1285/1 1081/1282/1 1223/1284/1
f 1225/1286/2 1081/1282/1 1224/1285/1
f 1226/1287/1 1081/1282/1 1225/1286/2
f 1226/1287/1 1080/1288/1 1081/1282/1
f 1227/1289/54 1080/1288/1 1226/1287/1
f 1228/1290/1 1080/1288/1 1227/1289/54
f 1228/1290/1 1079/1291/1 1080/1288/1
f 1229/1292/1 1079/1291/1 1228/1290/1
f 1230/1293/1 1079/1291/1 1229/1292/1
f 1231/1294/1 1079/1291/1 1230/1293/1
f 1231/1294/1 1078/1295/1 1079/1291/1
f 1232/1296/1 1078/1295/1 1231/1294/1
f 1233/1297/1 1078/1295/1 1232/1296/1
f 1233/1297/1 1077/1298/1 1078/1295/1
f 1234/1299/1 1077/1298/1 1233/1297/1
f 1234/1299/1 1076/1300/1 1077/1298/1
f 1235/1301/1 1076/1300/1 1234/1299/1
f 1236/1302/1 1076/1300/1 1235/1301/1
f 1236/1302/1 1075/1303/1 1076/1300/1
f 1237/1304/1 1075/1303/1 1236/1302/1
f 1237/1304/1 1330/1305/1 1075/1303/1
f 1238/1306/1 1330/1305/1 1237/1304/1
f 1284/1307/1 1282/1308/1 1283/1309/1
f 1284/1307/1 1281/1310/1 1282/1308/1
f 1284/1307/1 1280/1311/1 1281/1310/1
f 1284/1307/1 1279/1312/1 1280/1311/1
f 1284/1307/1 1278/1313/1 1279/1312/1
f 1284/1307/1 1277/1314/1 1278/1313/1
f 1284/1307/1 1276/1315/1 1277/1314/1
f 1284/1307/1 1275/1316/1 1276/1315/1
f 1284/1307/1 1274/1317/1 1275/1316/1
f 1284/1307/1 1273/1318/1 1274/1317/1
f 1239/1319/1 1330/1305/1 1238/1306/1
f 1284/1307/1 1272/1320/1 1273/1318/1
f 1239/1319/1 1329/1321/1 1330/1305/1
f 1285/1322/1 1272/1320/1 1284/1307/1
f 1240/1323/1 1329/1321/1 1239/1319/1
f 1285/1322/1 1271/1324/1 1272/1320/1
f 1241/1325/1 1329/1321/1 1240/1323/1
f 1241/1325/1 1328/1326/1 1329/1321/1
f 1285/1322/1 1270/1327/1 1271/1324/1
f 1286/1328/1 1270/1327/1 1285/1322/1
f 1242/1329/1 1328/1326/1 1241/1325/1
f 1286/1328/1 1269/1330/1 1270/1327/1
f 1242/1329/1 1327/1331/1 1328/1326/1
f 1243/1332/1 1327/1331/1 1242/1329/1
f 1286/1328/1 1268/1333/1 1269/1330/1
f 1287/1334/1 1268/1333/1 1286/1328/1
f 1244/1335/1 1327/1331/1 1243/1332/1
f 1287/1334/1 1267/1336/1 1268/1333/1
f 1244/1335/1 1326/1337/1 1327/1331/1
f 1245/1338/1 1326/1337/1 1244/1335/1
f 1287/1334/1 1266/1339/1 1267/1336/1
f 1288/1340/1 1266/1339/1 1287/1334/1
f 1246/1341/1 1326/1337/1 1245/1338/1
f 1288/1340/1 1265/1342/1 1266/1339/1
f 1246/1341/1 1325/1343/1 1326/1337/1
f 1247/1344/1 1325/1343/1 1246/1341/1
f 1288/1340/1 1264/1345/55 1265/1342/1
f 1289/1346/1 1264/1345/55 1288/1340/1
f 1248/1347/1 1325/1343/1 1247/1344/1
f 1289/1346/1 1263/1348/1 1264/1345/55
f 1249/1349/1 1325/1343/1 1248/1347/1
f 1249/1349/1 1324/1350/1 1325/1343/1
f 1289/1346/1 1262/1351/1 1263/1348/1
f 1290/1352/1 1262/1351/1 1289/1346/1
f 1250/1353/1 1324/1350/1 1249/1349/1
f 1290/1352/1 1261/1354/1 1262/1351/1
f 1250/1353/1 1323/1355/1 1324/1350/1
f 1251/1356/1 1323/1355/1 1250/1353/1
f 1291/1357/1 1261/1354/1 1290/1352/1
f 1252/1358/1 1323/1355/1 1251/1356/1
f 1291/1357/1 1260/1359/1 1261/1354/1
f 1253/1360/1 1323/1355/1 1252/1358/1
f 1291/1357/1 1259/1361/1 1260/1359/1
f 1253/1360/1 1322/1362/1 1323/1355/1
f 1292/1363/1 1259/1361/1 1291/1357/1
f 1254/1364/1 1322/1362/1 1253/1360/1
f 1292/1363/1 1258/1365/28 1259/1361/1
f 1255/1366/1 1322/1362/1 1254/1364/1
f 1292/1363/1 1257/1367/1 1258/1365/28
f 1256/1368/1 1322/1362/1 1255/1366/1
f 1292/1363/1 1256/1368/1 1257/1367/1
f 1292/1363/1 1322/1362/1 1256/1368/1
f 1292/1363/1 1321/1369/1 1322/1362/1
f 1293/1370/1 1321/1369/1 1292/1363/1
f 1293/1370/1 1320/1371/1 1321/1369/1
f 1294/1372/1 1320/1371/1 1293/1370/1
f 1294/1372/1 1319/1373/1 1320/1371/1
f 1295/1374/1 1319/1373/1 1294/1372/1
f 1296/1375/1 1319/1373/1 1295/1374/1
f 1296/1375/1 1318/1376/1 1319/1373/1
f 1296/1375/1 1317/1377/1 1318/1376/1
f 1297/1378/1 1317/1377/1 1296/1375/1
f 1297/1378/1 1316/1379/1 1317/1377/1
f 1298/1380/1 1316/1379/1 1297/1378/1
f 1298/1380/1 1315/1381/1 1316/1379/1
f 1299/1382/1 1315/1381/1 1298/1380/1
f 1299/1382/1 1314/1383/1 1315/1381/1
f 1300/1384/1 1314/1383/1 1299/1382/1
f 1300/1384/1 1313/1385/1 1314/1383/1
f 1301/1386/1 1313/1385/1 1300/1384/1
f 1301/1386/1 1312/1387/1 1313/1385/1
f 1302/1388/1 1312/1387/1 1301/1386/1
f 1302/1388/1 1311/1389/1 1312/1387/1
f 1303/1390/1 1311/1389/1 1302/1388/1
f 1303/1390/1 1310/1391/1 1311/1389/1
f 1304/1392/1 1310/1391/1 1303/1390/1
f 1304/1392/1 1309/1393/1 1310/1391/1
f 1305/1394/1 1309/1393/1 1304/1392/1
f 1305/1394/1 1308/1395/1 1309/1393/1
f 1306/1396/1 1308/1395/1 1305/1394/1
f 1306/1396/1 1307/1397/1 1308/1395/1
f 1440/1398/1 1438/1399/1 1439/1400/1
f 1440/1398/1 1437/1401/1 1438/1399/1
f 1441/1402/1 1437/1401/1 1440/1398/1
f 1441/1402/1 1436/1403/1 1437/1401/1
f 1442/1404/1 1436/1403/1 1441/1402/1
f 1442/1404/1 1435/1405/1 1436/1403/1
f 1443/1406/1 1435/1405/1 1442/1404/1
f 1443/1406/1 1434/1407/1 1435/1405/1
f 1444/1408/1 1434/1407/1 1443/1406/1
f 1444/1408/1 1433/1409/1 1434/1407/1
f 1445/1410/1 1433/1409/1 1444/1408/1
f 1445/1410/1 1432/1411/1 1433/1409/1
f 1446/1412/1 1432/1411/1 1445/1410/1
f 1446/1412/1 1431/1413/1 1432/1411/1
f 1446/1412/1 1430/1414/1 1431/1413/1
f 1447/1415/1 1430/1414/1 1446/1412/1
f 1447/1415/1 1429/1416/1 1430/1414/1
f 1448/1417/1 1429/1416/1 1447/1415/1
f 1448/1417/1 1428/1418/1 1429/1416/1
f 1449/1419/1 1428/1418/1 1448/1417/1
f 1449/1419/1 1427/1420/1 1428/1418/1
f 1450/1421/1 1427/1420/1 1449/1419/1
f 1450/1421/1 1426/1422/1 1427/1420/1
f 1451/1423/1 1426/1422/1 1450/1421/1
f 1451/1423/1 1425/1424/1 1426/1422/1
f 1452/1425/1 1425/1424/1 1451/1423/1
f 1452/1425/1 1424/1426/1 1425/1424/1
f 1453/1427/1 1424/1426/1 1452/1425/1
f 1453/1427/1 1386/1428/2 1424/1426/1
f 1386/1428/2 1423/1429/1 1424/1426/1
f 1453/1427/1 1385/1430/3 1386/1428/2
f 1387/1431/4 1423/1429/1 1386/1428/2
f 1388/1432/1 1423/1429/1 1387/1431/4
f 1453/1427/1 1384/1433/1 1385/1430/3
f 1453/1427/1 1383/1434/1 1384/1433/1
f 1389/1435/1 1423/1429/1 1388/1432/1
f 1389/1435/1 1422/1436/1 1423/1429/1
f 1454/1437/1 1383/1434/1 1453/1427/1
f 1454/1437/1 1382/1438/1 1383/1434/1
f 1390/1439/1 1422/1436/1 1389/1435/1
f 1391/1440/1 1422/1436/1 1390/1439/1
f 1454/1437/1 1381/1441/1 1382/1438/1
f 1392/1442/1 1422/1436/1 1391/1440/1
f 1392/1442/1 1421/1443/1 1422/1436/1
f 1455/1444/1 1381/1441/1 1454/1437/1
f 1455/1444/1 1380/1445/1 1381/1441/1
f 1393/1446/1 1421/1443/1 1392/1442/1
f 1394/1447/1 1421/1443/1 1393/1446/1
f 1394/1447/1 1420/1448/1 1421/1443/1
f 1455/1444/1 1379/1449/1 1380/1445/1
f 1395/1450/1 1420/1448/1 1394/1447/1
f 1455/1444/1 1378/1451/1 1379/1449/1
f 1456/1452/1 1378/1451/1 1455/1444/1
f 1396/1453/1 1420/1448/1 1395/1450/1
f 1396/1453/1 1419/1454/1 1420/1448/1
f 1397/1455/1 1419/1454/1 1396/1453/1
f 1456/1452/1 1377/1456/1 1378/1451/1
f 1398/1457/1 1419/1454/1 1397/1455/1
f 1398/1457/1 1418/1458/1 1419/1454/1
f 1399/1459/1 1418/1458/1 1398/1457/1
f 1457/1460/1 1377/1456/1 1456/1452/1
f 1457/1460/1 1376/1461/1 1377/1456/1
f 1400/1462/4 1418/1458/1 1399/1459/1
f 1400/1462/4 1417/1463/1 1418/1458/1
f 1401/1464/28 1417/1463/1 1400/1462/4
f 1457/1460/1 1375/1465/1 1376/1461/1
f 1402/1466/1 1417/1463/1 1401/1464/28
f 1458/1467/1 1375/1465/1 1457/1460/1
f 1402/1466/1 1416/1468/1 1417/1463/1
f 1403/1469/1 1416/1468/1 1402/1466/1
f 1458/1467/1 1374/1470/1 1375/1465/1
f 1404/1471/1 1416/1468/1 1403/1469/1
f 1404/1471/1 1415/1472/45 1416/1468/1
f 1405/1473/1 1415/1472/45 1404/1471/1
f 1459/1474/1 1374/1470/1 1458/1467/1
f 1406/1475/1 1415/1472/45 1405/1473/1
f 1407/1476/1 1415/1472/45 1406/1475/1
f 1408/1477/1 1415/1472/45 1407/1476/1
f 1409/1478/8 1415/1472/45 1408/1477/1
f 1410/1479/9 1415/1472/45 1409/1478/8
f 1411/1480/8 1415/1472/45 1410/1479/9
f 1412/1481/56 1415/1472/45 1411/1480/8
f 1413/1482/10 1415/1472/45 1412/1481/56
f 1414/1483/1 1415/1472/45 1413/1482/10
f 1459/1474/1 1373/1484/1 1374/1470/1
f 1459/1474/1 1372/1485/1 1373/1484/1
f 1460/1486/1 1372/1485/1 1459/1474/1
f 1460/1486/1 1371/1487/1 1372/1485/1
f 1461/1488/1 1371/1487/1 1460/1486/1
f 1461/1488/1 1370/1489/11 1371/1487/1
f 1462/1490/12 1370/1489/11 1461/1488/1
f 1462/1490/12 1369/1491/33 1370/1489/11
f 1463/1492/14 1369/1491/33 1462/1490/12
f 1463/1492/14 1368/1493/34 1369/1491/33
f 1464/1494/16 1368/1493/34 1463/1492/14
f 1464/1494/16 1367/1495/35 1368/1493/34
f 1464/1494/16 1366/1496/11 1367/1495/35
f 1465/1497/1 1366/1496/11 1464/1494/16
f 1465/1497/1 1365/1498/1 1366/1496/11
f 1466/1499/1 1365/1498/1 1465/1497/1
f 1466/1499/1 1364/1500/1 1365/1498/1
f 1467/1501/1 1364/1500/1 1466/1499/1
f 1467/1501/1 1363/1502/1 1364/1500/1
f 1468/1503/1 1363/1502/1 1467/1501/1
f 1468/1503/1 1362/1504/1 1363/1502/1
f 1333/1505/1 1331/1506/1 1332/1507/1
f 1333/1505/1 1510/1508/1 1331/1506/1
f 1468/1503/1 1361/1509/1 1362/1504/1
f 1469/1510/1 1361/1509/1 1468/1503/1
f 1334/1511/1 1510/1508/1 1333/1505/1
f 1334/1511/1 1509/1512/1 1510/1508/1
f 1335/1513/1 1509/1512/1 1334/1511/1
f 1469/1510/1 1360/1514/1 1361/1509/1
f 1336/1515/1 1509/1512/1 1335/1513/1
f 1336/1515/1 1508/1516/1 1509/1512/1
f 1470/1517/1 1360/1514/1 1469/1510/1
f 1337/1518/1 1508/1516/1 1336/1515/1
f 1470/1517/1 1359/1519/1 1360/1514/1
f 1338/1520/1 1508/1516/1 1337/1518/1
f 1338/1520/1 1507/1521/1 1508/1516/1
f 1339/1522/1 1507/1521/1 1338/1520/1
f 1470/1517/1 1358/1523/1 1359/1519/1
f 1340/1524/49 1507/1521/1 1339/1522/1
f 1471/1525/1 1358/1523/1 1470/1517/1
f 1340/1524/49 1506/1526/1 1507/1521/1
f 1341/1527/57 1506/1526/1 1340/1524/49
f 1471/1525/1 1357/1528/1 1358/1523/1
f 1342/1529/1 1506/1526/1 1341/1527/57
f 1342/1529/1 1505/1530/1 1506/1526/1
f 1343/1531/1 1505/1530/1 1342/1529/1
f 1472/1532/1 1357/1528/1 1471/1525/1
f 1472/1532/1 1356/1533/1 1357/1528/1
f 1344/1534/57 1505/1530/1 1343/1531/1
f 1345/1535/1 1505/1530/1 1344/1534/57
f 1345/1535/1 1504/1536/1 1505/1530/1
f 1472/1532/1 1355/1537/1 1356/1533/1
f 1473/1538/1 1355/1537/1 1472/1532/1
f 1346/1539/1 1504/1536/1 1345/1535/1
f 1473/1538/1 1354/1540/1 1355/1537/1
f 1346/1539/1 1503/1541/1 1504/1536/1
f 1347/1542/1 1503/1541/1 1346/1539/1
f 1473/1538/1 1353/1543/1 1354/1540/1
f 1348/1544/31 1503/1541/1 1347/1542/1
f 1474/1545/1 1353/1543/1 1473/1538/1
f 1474/1545/1 1352/1546/1 1353/1543/1
f 1474/1545/1 1351/1547/1 1352/1546/1
f 1349/1548/20 1503/1541/1 1348/1544/31
f 1349/1548/20 1502/1549/1 1503/1541/1
f 1474/1545/1 1350/1550/1 1351/1547/1
f 1350/1550/1 1502/1549/1 1349/1548/20
f 1474/1545/1 1502/1549/1 1350/1550/1
f 1474/1545/1 1501/1551/1 1502/1549/1
f 1475/1552/1 1501/1551/1 1474/1545/1
f 1475/1552/1 1500/1553/1 1501/1551/1
f 1476/1554/1 1500/1553/1 1475/1552/1
f 1476/1554/1 1499/1555/1 1500/1553/1
f 1477/1556/1 1499/1555/1 1476/1554/1
f 1477/1556/1 1498/1557/1 1499/1555/1
f 1478/1558/1 1498/1557/1 1477/1556/1
f 1478/1558/1 1497/1559/1 1498/1557/1
f 1479/1560/1 1497/1559/1 1478/1558/1
f 1479/1560/1 1496/1561/1 1497/1559/1
f 1480/1562/1 1496/1561/1 1479/1560/1
f 1480/1562/1 1495/1563/1 1496/1561/1
f 1481/1564/1 1495/1563/1 1480/1562/1
f 1481/1564/1 1494/1565/1 1495/1563/1
f 1482/1566/1 1494/1565/1 1481/1564/1
f 1482/1566/1 1493/1567/1 1494/1565/1
f 1482/1566/1 1492/1568/1 1493/1567/1
f 1483/1569/1 1492/1568/1 1482/1566/1
f 1483/1569/1 1491/1570/1 1492/1568/1
f 1484/1571/1 1491/1570/1 1483/1569/1
f 1484/1571/1 1490/1572/1 1491/1570/1
f 1485/1573/1 1490/1572/1 1484/1571/1
f 1485/1573/1 1489/1574/1 1490/1572/1
f 1486/1575/1 1489/1574/1 1485/1573/1
f 1486/1575/1 1488/1576/1 1489/1574/1
f 1487/1577/1 1488/1576/1 1486/1575/1
f 1518/1578/1 1516/1579/1 1517/1580/1
f 1518/1578/1 1515/1581/1 1516/1579/1
f 1514/1582/1 1512/1583/1 1513/1584/1
f 1514/1582/1 1511/1585/1 1512/1583/1
f 1518/1578/1 1520/1586/1 1515/1581/1
f 1520/1586/1 1514/1582/1 1515/1581/1
f 1520/1586/1 1521/1587/1 1514/1582/1
f 1521/1587/1 1511/1585/1 1514/1582/1
f 1518/1578/1 1519/1588/1 1520/1586/1
f 1522/1589/1 1511/1585/1 1521/1587/1
f 1564/1590/1 1562/1591/1 1563/1592/1
f 1564/1590/1 1561/1593/1 1562/1591/1
f 1526/1594/1 1524/1595/1 1525/1596/1
f 1526/1594/1 1523/1597/1 1524/1595/1
f 1564/1590/1 1560/1598/1 1561/1593/1
f 1564/1590/1 1559/1599/1 1560/1598/1
f 1564/1590/1 1558/1600/1 1559/1599/1
f 1564/1590/1 1557/1601/1 1558/1600/1
f 1564/1590/1 1556/1602/1 1557/1601/1
f 1564/1590/1 1555/1603/1 1556/1602/1
f 1564/1590/1 1554/1604/1 1555/1603/1
f 1564/1590/1 1553/1605/1 1554/1604/1
f 1564/1590/1 1552/1606/1 1553/1605/1
f 1564/1590/1 1551/1607/1 1552/1606/1
f 1564/1590/1 1550/1608/1 1551/1607/1
f 1565/1609/1 1550/1608/1 1564/1590/1
f 1526/1594/1 1611/1610/1 1523/1597/1
f 1565/1609/1 1549/1611/1 1550/1608/1
f 1527/1612/1 1611/1610/1 1526/1594/1
f 1566/1613/1 1549/1611/1 1565/1609/1
f 1527/1612/1 1610/1614/1 1611/1610/1
f 1566/1613/1 1548/1615/1 1549/1611/1
f 1528/1616/1 1610/1614/1 1527/1612/1
f 1567/1617/1 1548/1615/1 1566/1613/1
f 1528/1616/1 1609/1618/1 1610/1614/1
f 1567/1617/1 1547/1619/1 1548/1615/1
f 1529/1620/1 1609/1618/1 1528/1616/1
f 1568/1621/1 1547/1619/1 1567/1617/1
f 1529/1620/1 1608/1622/1 1609/1618/1
f 1568/1621/1 1546/1623/1 1547/1619/1
f 1530/1624/1 1608/1622/1 1529/1620/1
f 1569/1625/6 1546/1623/1 1568/1621/1
f 1530/1624/1 1607/1626/1 1608/1622/1
f 1569/1625/6 1545/1627/1 1546/1623/1
f 1531/1628/1 1607/1626/1 1530/1624/1
f 1570/1629/1 1545/1627/1 1569/1625/6
f 1531/1628/1 1606/1630/1 1607/1626/1
f 1570/1629/1 1544/1631/1 1545/1627/1
f 1532/1632/1 1606/1630/1 1531/1628/1
f 1570/1629/1 1543/1633/1 1544/1631/1
f 1533/1634/1 1606/1630/1 1532/1632/1
f 1571/1635/1 1543/1633/1 1570/1629/1
f 1533/1634/1 1605/1636/1 1606/1630/1
f 1571/1635/1 1542/1637/1 1543/1633/1
f 1534/1638/1 1605/1636/1 1533/1634/1
f 1572/1639/1 1542/1637/1 1571/1635/1
f 1534/1638/1 1604/1640/1 1605/1636/1
f 1572/1639/1 1541/1641/1 1542/1637/1
f 1535/1642/1 1604/1640/1 1534/1638/1
f 1572/1639/1 1540/1643/1 1541/1641/1
f 1536/1644/1 1604/1640/1 1535/1642/1
f 1573/1645/1 1540/1643/1 1572/1639/1
f 1536/1644/1 1603/1646/1 1604/1640/1
f 1573/1645/1 1539/1647/19 1540/1643/1
f 1537/1648/1 1603/1646/1 1536/1644/1
f 1573/1645/1 1538/1649/1 1539/1647/19
f 1538/1649/1 1603/1646/1 1537/1648/1
f 1573/1645/1 1603/1646/1 1538/1649/1
f 1574/1650/1 1603/1646/1 1573/1645/1
f 1574/1650/1 1602/1651/1 1603/1646/1
f 1575/1652/1 1602/1651/1 1574/1650/1
f 1575/1652/1 1601/1653/1 1602/1651/1
f 1576/1654/1 1601/1653/1 1575/1652/1
f 1576/1654/1 1600/1655/1 1601/1653/1
f 1577/1656/1 1600/1655/1 1576/1654/1
f 1577/1656/1 1599/1657/1 1600/1655/1
f 1577/1656/1 1598/1658/1 1599/1657/1
f 1578/1659/1 1598/1658/1 1577/1656/1
f 1578/1659/1 1597/1660/1 1598/1658/1
f 1579/1661/1 1597/1660/1 1578/1659/1
f 1579/1661/1 1596/1662/1 1597/1660/1
f 1580/1663/1 1596/1662/1 1579/1661/1
f 1580/1663/1 1595/1664/1 1596/1662/1
f 1581/1665/1 1595/1664/1 1580/1663/1
f 1581/1665/1 1594/1666/1 1595/1664/1
f 1582/1667/1 1594/1666/1 1581/1665/1
f 1582/1667/1 1593/1668/1 1594/1666/1
f 1583/1669/1 1593/1668/1 1582/1667/1
f 1583/1669/1 1592/1670/1 1593/1668/1
f 1584/1671/1 1592/1670/1 1583/1669/1
f 1584/1671/1 1591/1672/1 1592/1670/1
f 1585/1673/1 1591/1672/1 1584/1671/1
f 1585/1673/1 1590/1674/1 1591/1672/1
f 1586/1675/1 1590/1674/1 1585/1673/1
f 1586/1675/1 1589/1676/1 1590/1674/1
f 1587/1677/1 1589/1676/1 1586/1675/1
f 1587/1677/1 1588/1678/1 1589/1676/1
f 1617/1679/1 1615/1680/1 1616/1681/1
f 1617/1679/1 1614/1682/1 1615/1680/1
f 1617/1679/1 1613/1683/1 1614/1682/1
f 1617/1679/1 1612/1684/1 1613/1683/1
f 1629/1685/1 1625/1686/1 1628/1687/1
f 1625/1686/1 1627/1688/1 1628/1687/1
f 1625/1686/1 1626/1689/1 1627/1688/1
f 1629/1685/1 1624/1690/1 1625/1686/1
f 1629/1685/1 1621/1691/1 1624/1690/1
f 1621/1691/1 1623/1692/1 1624/1690/1
f 1621/1691/1 1622/1693/1 1623/1692/1
f 1629/1685/1 1620/1694/1 1621/1691/1
f 1629/1685/1 1619/1695/1 1620/1694/1
f 1629/1685/1 1618/1696/1 1619/1695/1
f 1636/1697/1 1634/1698/1 1635/1699/1
f 1636/1697/1 1638/1700/1 1634/1698/1
f 1638/1700/1 1633/1701/1 1634/1698/1
f 1633/1701/1 1631/1702/1 1632/1703/1
f 1633/1701/1 1641/1704/1 1631/1702/1
f 1641/1704/1 1630/1705/1 1631/1702/1
f 1633/1701/1 1640/1706/1 1641/1704/1
f 1642/1707/1 1630/1705/1 1641/1704/1
f 1636/1697/1 1637/1708/1 1638/1700/1
f 1639/1709/1 1633/1701/1 1638/1700/1
f 1639/1709/1 1640/1706/1 1633/1701/1
f 1645/1710/1 1643/1711/1 1644/1712/1
f 1645/1710/1 1646/1713/1 1643/1711/1
f 1650/1714/1 1648/1715/1 1649/1716/1
f 1650/1714/1 1647/1717/1 1648/1715/1
f 1651/1718/1 1647/1717/1 1650/1714/1
f 1652/1719/1 1654/1720/1 1651/1718/1
f 1654/1720/1 1647/1717/1 1651/1718/1
f 1652/1719/1 1653/1721/1 1654/1720/1
f 1658/1722/1 1656/1723/1 1657/1724/1
f 1658/1722/1 1655/1725/1 1656/1723/1
f 1659/1726/1 1655/1725/1 1658/1722/1
f 1660/1727/1 1662/1728/1 1659/1726/1
f 1662/1728/1 1655/1725/1 1659/1726/1
f 1660/1727/1 1661/1729/1 1662/1728/1
f 1673/1730/1 1669/1731/1 1672/1732/1
f 1669/1731/1 1671/1733/1 1672/1732/1
f 1669/1731/1 1670/1734/1 1671/1733/1
f 1673/1730/1 1668/1735/1 1669/1731/1
f 1673/1730/1 1665/1736/1 1668/1735/1
f 1665/1736/1 1667/1737/1 1668/1735/1
f 1665/1736/1 1666/1738/1 1667/1737/1
f 1673/1730/1 1664/1739/1 1665/1736/1
f 1673/1730/1 1663/1740/1 1664/1739/1
f 1673/1730/1 1674/1741/1 1663/1740/1
f 1679/1742/1 1677/1743/1 1678/1744/1
f 1679/1742/1 1676/1745/1 1677/1743/1
f 1679/1742/1 1675/1746/1 1676/1745/1
f 1679/1742/1 1680/1747/1 1675/1746/1
f 1688/1748/1 1686/1749/1 1687/1750/1
f 1688/1748/1 1685/1751/1 1686/1749/1
f 1684/1752/1 1682/1753/1 1683/1754/1
f 1684/1752/1 1681/1755/1 1682/1753/1
f 1688/1748/1 1690/1756/1 1685/1751/1
f 1690/1756/1 1684/1752/1 1685/1751/1
f 1690/1756/1 1691/1757/1 1684/1752/1
f 1691/1757/1 1681/1755/1 1684/1752/1
f 1688/1748/1 1689/1758/1 1690/1756/1
f 1692/1759/1 1681/1755/1 1691/1757/1
f 1703/1760/1 1699/1761/1 1702/1762/1
f 1699/1761/1 1701/1763/1 1702/1762/1
f 1699/1761/1 1700/1764/1 1701/1763/1
f 1703/1760/1 1698/1765/1 1699/1761/1
f 1703/1760/1 1695/1766/1 1698/1765/1
f 1695/1766/1 1697/1767/1 1698/1765/1
f 1695/1766/1 1696/1768/1 1697/1767/1
f 1703/1760/1 1694/1769/1 1695/1766/1
f 1703/1760/1 1693/1770/1 1694/1769/1
f 1703/1760/1 1704/1771/1 1693/1770/1
f 1809/1772/1 1807/1773/1 1808/1774/1
f 1810/1775/1 1807/1773/1 1809/1772/1
f 1810/1775/1 1806/1776/1 1807/1773/1
f 1811/1777/1 1806/1776/1 1810/1775/1
f 1811/1777/1 1805/1778/1 1806/1776/1
f 1812/1779/1 1805/1778/1 1811/1777/1
f 1812/1779/1 1804/1780/1 1805/1778/1
f 1813/1781/1 1804/1780/1 1812/1779/1
f 1813/1781/1 1803/1782/1 1804/1780/1
f 1814/1783/1 1803/1782/1 1813/1781/1
f 1814/1783/1 1802/1784/1 1803/1782/1
f 1815/1785/1 1802/1784/1 1814/1783/1
f 1815/1785/1 1801/1786/1 1802/1784/1
f 1816/1787/1 1801/1786/1 1815/1785/1
f 1816/1787/1 1800/1788/1 1801/1786/1
f 1817/1789/1 1800/1788/1 1816/1787/1
f 1817/1789/1 1799/1790/1 1800/1788/1
f 1818/1791/1 1799/1790/1 1817/1789/1
f 1818/1791/1 1798/1792/1 1799/1790/1
f 1819/1793/1 1798/1792/1 1818/1791/1
f 1819/1793/1 1797/1794/1 1798/1792/1
f 1820/1795/1 1797/1794/1 1819/1793/1
f 1820/1795/1 1796/1796/1 1797/1794/1
f 1821/1797/1 1796/1796/1 1820/1795/1
f 1821/1797/1 1795/1798/1 1796/1796/1
f 1822/1799/1 1795/1798/1 1821/1797/1
f 1822/1799/1 1794/1800/1 1795/1798/1
f 1823/1801/1 1794/1800/1 1822/1799/1
f 1823/1801/1 1793/1802/1 1794/1800/1
f 1824/1803/1 1793/1802/1 1823/1801/1
f 1824/1803/1 1756/1804/51 1793/1802/1
f 1756/1804/51 1792/1805/1 1793/1802/1
f 1824/1803/1 1755/1806/4 1756/1804/51
f 1757/1807/3 1792/1805/1 1756/1804/51
f 1758/1808/51 1792/1805/1 1757/1807/3
f 1824/1803/1 1754/1809/1 1755/1806/4
f 1759/1810/1 1792/1805/1 1758/1808/51
f 1825/1811/1 1754/1809/1 1824/1803/1
f 1825/1811/1 1753/1812/1 1754/1809/1
f 1759/1810/1 1791/1813/1 1792/1805/1
f 1760/1814/1 1791/1813/1 1759/1810/1
f 1825/1811/1 1752/1815/1 1753/1812/1
f 1761/1816/1 1791/1813/1 1760/1814/1
f 1761/1816/1 1790/1817/1 1791/1813/1
f 1826/1818/1 1752/1815/1 1825/1811/1
f 1826/1818/1 1751/1819/54 1752/1815/1
f 1762/1820/1 1790/1817/1 1761/1816/1
f 1826/1818/1 1750/1821/26 1751/1819/54
f 1763/1822/1 1790/1817/1 1762/1820/1
f 1763/1822/1 1789/1823/1 1790/1817/1
f 1827/1824/1 1750/1821/26 1826/1818/1
f 1827/1824/1 1749/1825/1 1750/1821/26
f 1764/1826/21 1789/1823/1 1763/1822/1
f 1827/1824/1 1748/1827/1 1749/1825/1
f 1765/1828/1 1789/1823/1 1764/1826/21
f 1827/1824/1 1747/1829/1 1748/1827/1
f 1765/1828/1 1788/1830/1 1789/1823/1
f 1828/1831/1 1747/1829/1 1827/1824/1
f 1766/1832/23 1788/1830/1 1765/1828/1
f 1828/1831/1 1746/1833/1 1747/1829/1
f 1767/1834/1 1788/1830/1 1766/1832/23
f 1828/1831/1 1745/1835/1 1746/1833/1
f 1767/1834/1 1787/1836/1 1788/1830/1
f 1829/1837/1 1745/1835/1 1828/1831/1
f 1768/1838/1 1787/1836/1 1767/1834/1
f 1829/1837/1 1744/1839/1 1745/1835/1
f 1769/1840/1 1787/1836/1 1768/1838/1
f 1769/1840/1 1786/1841/1 1787/1836/1
f 1829/1837/1 1743/1842/1 1744/1839/1
f 1830/1843/1 1743/1842/1 1829/1837/1
f 1770/1844/1 1786/1841/1 1769/1840/1
f 1830/1843/1 1742/1845/1 1743/1842/1
f 1771/1846/1 1786/1841/1 1770/1844/1
f 1771/1846/1 1785/1847/1 1786/1841/1
f 1831/1848/1 1742/1845/1 1830/1843/1
f 1831/1848/1 1741/1849/1 1742/1845/1
f 1772/1850/1 1785/1847/1 1771/1846/1
f 1831/1848/1 1740/1851/1 1741/1849/1
f 1773/1852/1 1785/1847/1 1772/1850/1
f 1773/1852/1 1784/1853/53 1785/1847/1
f 1832/1854/1 1740/1851/1 1831/1848/1
f 1832/1854/1 1739/1855/1 1740/1851/1
f 1774/1856/1 1784/1853/53 1773/1852/1
f 1832/1854/1 1738/1857/1 1739/1855/1
f 1833/1858/1 1738/1857/1 1832/1854/1
f 1775/1859/1 1784/1853/53 1774/1856/1
f 1776/1860/1 1784/1853/53 1775/1859/1
f 1777/1861/1 1784/1853/53 1776/1860/1
f 1778/1862/1 1784/1853/53 1777/1861/1
f 1779/1863/8 1784/1853/53 1778/1862/1
f 1780/1864/9 1784/1853/53 1779/1863/8
f 1781/1865/1 1784/1853/53 1780/1864/9
f 1782/1866/1 1784/1853/53 1781/1865/1
f 1783/1867/1 1784/1853/53 1782/1866/1
f 1833/1858/1 1737/1868/1 1738/1857/1
f 1834/1869/1 1737/1868/1 1833/1858/1
f 1834/1869/1 1736/1870/1 1737/1868/1
f 1834/1869/1 1735/1871/1 1736/1870/1
f 1835/1872/1 1735/1871/1 1834/1869/1
f 1835/1872/1 1734/1873/1 1735/1871/1
f 1835/1872/1 1733/1874/58 1734/1873/1
f 1836/1875/1 1733/1874/58 1835/1872/1
f 1836/1875/1 1732/1876/1 1733/1874/58
f 1836/1875/1 1731/1877/1 1732/1876/1
f 1836/1875/1 1730/1878/1 1731/1877/1
f 1837/1879/1 1730/1878/1 1836/1875/1
f 1837/1879/1 1729/1880/1 1730/1878/1
f 1837/1879/1 1728/1881/1 1729/1880/1
f 1838/1882/1 1728/1881/1 1837/1879/1
f 1838/1882/1 1727/1883/1 1728/1881/1
f 1838/1882/1 1726/1884/1 1727/1883/1
f 1838/1882/1 1725/1885/1 1726/1884/1
f 1838/1882/1 1724/1886/1 1725/1885/1
f 1839/1887/1 1724/1886/1 1838/1882/1
f 1839/1887/1 1723/1888/1 1724/1886/1
f 1839/1887/1 1722/1889/1 1723/1888/1
f 1839/1887/1 1721/1890/1 1722/1889/1
f 1840/1891/1 1721/1890/1 1839/1887/1
f 1840/1891/1 1720/1892/1 1721/1890/1
f 1840/1891/1 1719/1893/1 1720/1892/1
f 1840/1891/1 1718/1894/1 1719/1893/1
f 1841/1895/1 1718/1894/1 1840/1891/1
f 1841/1895/1 1717/1896/1 1718/1894/1
f 1841/1895/1 1716/1897/1 1717/1896/1
f 1842/1898/1 1716/1897/1 1841/1895/1
f 1842/1898/1 1715/1899/1 1716/1897/1
f 1843/1900/1 1715/1899/1 1842/1898/1
f 1843/1900/1 1714/1901/1 1715/1899/1
f 1844/1902/1 1714/1901/1 1843/1900/1
f 1844/1902/1 1713/1903/1 1714/1901/1
f 1845/1904/1 1713/1903/1 1844/1902/1
f 1846/1905/1 1713/1903/1 1845/1904/1
f 1847/1906/1 1713/1903/1 1846/1905/1
f 1847/1906/1 1712/1907/1 1713/1903/1
f 1848/1908/1 1712/1907/1 1847/1906/1
f 1849/1909/1 1712/1907/1 1848/1908/1
f 1850/1910/1 1712/1907/1 1849/1909/1
f 1850/1910/1 1711/1911/1 1712/1907/1
f 1851/1912/1 1711/1911/1 1850/1910/1
f 1852/1913/1 1711/1911/1 1851/1912/1
f 1853/1914/1 1711/1911/1 1852/1913/1
f 1854/1915/59 1711/1911/1 1853/1914/1
f 1855/1916/1 1711/1911/1 1854/1915/59
f 1855/1916/1 1710/1917/1 1711/1911/1
f 1856/1918/1 1710/1917/1 1855/1916/1
f 1857/1919/1 1710/1917/1 1856/1918/1
f 1857/1919/1 1709/1920/1 1710/1917/1
f 1858/1921/1 1709/1920/1 1857/1919/1
f 1859/1922/1 1709/1920/1 1858/1921/1
f 1860/1923/1 1709/1920/1 1859/1922/1
f 1860/1923/1 1708/1924/1 1709/1920/1
f 1861/1925/1 1708/1924/1 1860/1923/1
f 1862/1926/1 1708/1924/1 1861/1925/1
f 1862/1926/1 1707/1927/1 1708/1924/1
f 1863/1928/1 1707/1927/1 1862/1926/1
f 1863/1928/1 1706/1929/1 1707/1927/1
f 1864/1930/1 1706/1929/1 1863/1928/1
f 1865/1931/1 1706/1929/1 1864/1930/1
f 1865/1931/1 1705/1932/1 1706/1929/1
f 1866/1933/1 1705/1932/1 1865/1931/1
f 1866/1933/1 1959/1934/1 1705/1932/1
f 1867/1935/1 1959/1934/1 1866/1933/1
f 1913/1936/1 1911/1937/1 1912/1938/1
f 1913/1936/1 1910/1939/1 1911/1937/1
f 1913/1936/1 1909/1940/1 1910/1939/1
f 1913/1936/1 1908/1941/1 1909/1940/1
f 1913/1936/1 1907/1942/1 1908/1941/1
f 1913/1936/1 1906/1943/1 1907/1942/1
f 1913/1936/1 1905/1944/1 1906/1943/1
f 1913/1936/1 1904/1945/1 1905/1944/1
f 1913/1936/1 1903/1946/1 1904/1945/1
f 1913/1936/1 1902/1947/1 1903/1946/1
f 1868/1948/1 1959/1934/1 1867/1935/1
f 1913/1936/1 1901/1949/1 1902/1947/1
f 1868/1948/1 1958/1950/1 1959/1934/1
f 1914/1951/1 1901/1949/1 1913/1936/1
f 1869/1952/19 1958/1950/1 1868/1948/1
f 1914/1951/1 1900/1953/1 1901/1949/1
f 1870/1954/1 1958/1950/1 1869/1952/19
f 1870/1954/1 1957/1955/1 1958/1950/1
f 1914/1951/1 1899/1956/1 1900/1953/1
f 1915/1957/1 1899/1956/1 1914/1951/1
f 1871/1958/1 1957/1955/1 1870/1954/1
f 1915/1957/1 1898/1959/1 1899/1956/1
f 1871/1958/1 1956/1960/1 1957/1955/1
f 1872/1961/19 1956/1960/1 1871/1958/1
f 1915/1957/1 1897/1962/1 1898/1959/1
f 1916/1963/1 1897/1962/1 1915/1957/1
f 1873/1964/1 1956/1960/1 1872/1961/19
f 1916/1963/1 1896/1965/1 1897/1962/1
f 1873/1964/1 1955/1966/1 1956/1960/1
f 1874/1967/1 1955/1966/1 1873/1964/1
f 1916/1963/1 1895/1968/1 1896/1965/1
f 1917/1969/1 1895/1968/1 1916/1963/1
f 1875/1970/1 1955/1966/1 1874/1967/1
f 1917/1969/1 1894/1971/1 1895/1968/1
f 1875/1970/1 1954/1972/1 1955/1966/1
f 1876/1973/1 1954/1972/1 1875/1970/1
f 1917/1969/1 1893/1974/1 1894/1971/1
f 1918/1975/1 1893/1974/1 1917/1969/1
f 1877/1976/1 1954/1972/1 1876/1973/1
f 1918/1975/1 1892/1977/1 1893/1974/1
f 1878/1978/1 1954/1972/1 1877/1976/1
f 1878/1978/1 1953/1979/1 1954/1972/1
f 1918/1975/1 1891/1980/1 1892/1977/1
f 1919/1981/1 1891/1980/1 1918/1975/1
f 1879/1982/1 1953/1979/1 1878/1978/1
f 1919/1981/1 1890/1983/1 1891/1980/1
f 1879/1982/1 1952/1984/1 1953/1979/1
f 1880/1985/6 1952/1984/1 1879/1982/1
f 1920/1986/1 1890/1983/1 1919/1981/1
f 1920/1986/1 1889/1987/1 1890/1983/1
f 1920/1986/1 1888/1988/1 1889/1987/1
f 1881/1989/60 1952/1984/1 1880/1985/6
f 1882/1990/1 1952/1984/1 1881/1989/60
f 1920/1986/1 1887/1991/1 1888/1988/1
f 1882/1990/1 1951/1992/1 1952/1984/1
f 1921/1993/1 1887/1991/1 1920/1986/1
f 1883/1994/1 1951/1992/1 1882/1990/1
f 1884/1995/1 1951/1992/1 1883/1994/1
f 1921/1993/1 1886/1996/1 1887/1991/1
f 1885/1997/1 1951/1992/1 1884/1995/1
f 1921/1993/1 1885/1997/1 1886/1996/1
f 1921/1993/1 1951/1992/1 1885/1997/1
f 1921/1993/1 1950/1998/1 1951/1992/1
f 1922/1999/1 1950/1998/1 1921/1993/1
f 1922/1999/1 1949/2000/1 1950/1998/1
f 1923/2001/1 1949/2000/1 1922/1999/1
f 1923/2001/1 1948/2002/1 1949/2000/1
f 1924/2003/1 1948/2002/1 1923/2001/1
f 1925/2004/1 1948/2002/1 1924/2003/1
f 1925/2004/1 1947/2005/1 1948/2002/1
f 1925/2004/1 1946/2006/1 1947/2005/1
f 1926/2007/1 1946/2006/1 1925/2004/1
f 1926/2007/1 1945/2008/1 1946/2006/1
f 1927/2009/1 1945/2008/1 1926/2007/1
f 1927/2009/1 1944/2010/1 1945/2008/1
f 1928/2011/1 1944/2010/1 1927/2009/1
f 1928/2011/1 1943/2012/1 1944/2010/1
f 1929/2013/1 1943/2012/1 1928/2011/1
f 1929/2013/1 1942/2014/1 1943/2012/1
f 1930/2015/1 1942/2014/1 1929/2013/1
f 1930/2015/1 1941/2016/1 1942/2014/1
f 1931/2017/1 1941/2016/1 1930/2015/1
f 1931/2017/1 1940/2018/1 1941/2016/1
f 1932/2019/1 1940/2018/1 1931/2017/1
f 1932/2019/1 1939/2020/1 1940/2018/1
f 1933/2021/1 1939/2020/1 1932/2019/1
f 1933/2021/1 1938/2022/1 1939/2020/1
f 1934/2023/1 1938/2022/1 1933/2021/1
f 1934/2023/1 1937/2024/1 1938/2022/1
f 1935/2025/1 1937/2024/1 1934/2023/1
f 1935/2025/1 1936/2026/1 1937/2024/1
f 2062/2027/1 2060/2028/1 2061/2029/1
f 2063/2030/1 2060/2028/1 2062/2027/1
f 2063/2030/1 2059/2031/1 2060/2028/1
f 2064/2032/1 2059/2031/1 2063/2030/1
f 2064/2032/1 2058/2033/1 2059/2031/1
f 2065/2034/1 2058/2033/1 2064/2032/1
f 2065/2034/1 2057/2035/1 2058/2033/1
f 2066/2036/1 2057/2035/1 2065/2034/1
f 2066/2036/1 2056/2037/1 2057/2035/1
f 2067/2038/1 2056/2037/1 2066/2036/1
f 2067/2038/1 2055/2039/1 2056/2037/1
f 2068/2040/1 2055/2039/1 2067/2038/1
f 2068/2040/1 2054/2041/1 2055/2039/1
f 2069/2042/1 2054/2041/1 2068/2040/1
f 2069/2042/1 2053/2043/1 2054/2041/1
f 2070/2044/1 2053/2043/1 2069/2042/1
f 2070/2044/1 2052/2045/1 2053/2043/1
f 2071/2046/1 2052/2045/1 2070/2044/1
f 2071/2046/1 2051/2047/1 2052/2045/1
f 2072/2048/1 2051/2047/1 2071/2046/1
f 2072/2048/1 2050/2049/1 2051/2047/1
f 2073/2050/57 2050/2049/1 2072/2048/1
f 2073/2050/57 2049/2051/1 2050/2049/1
f 2074/2052/1 2049/2051/1 2073/2050/57
f 2074/2052/1 2048/2053/1 2049/2051/1
f 2075/2054/1 2048/2053/1 2074/2052/1
f 2075/2054/1 2047/2055/1 2048/2053/1
f 2076/2056/1 2047/2055/1 2075/2054/1
f 2076/2056/1 2046/2057/1 2047/2055/1
f 2077/2058/1 2046/2057/1 2076/2056/1
f 2077/2058/1 2010/2059/1 2046/2057/1
f 2010/2059/1 2045/2060/1 2046/2057/1
f 2077/2058/1 2009/2061/1 2010/2059/1
f 2011/2062/18 2045/2060/1 2010/2059/1
f 2012/2063/1 2045/2060/1 2011/2062/18
f 2077/2058/1 2008/2064/1 2009/2061/1
f 2078/2065/1 2008/2064/1 2077/2058/1
f 2013/2066/1 2045/2060/1 2012/2063/1
f 2013/2066/1 2044/2067/1 2045/2060/1
f 2078/2065/1 2007/2068/1 2008/2064/1
f 2014/2069/1 2044/2067/1 2013/2066/1
f 2078/2065/1 2006/2070/1 2007/2068/1
f 2015/2071/1 2044/2067/1 2014/2069/1
f 2015/2071/1 2043/2072/1 2044/2067/1
f 2079/2073/1 2006/2070/1 2078/2065/1
f 2079/2073/1 2005/2074/1 2006/2070/1
f 2016/2075/1 2043/2072/1 2015/2071/1
f 2079/2073/1 2004/2076/1 2005/2074/1
f 2017/2077/1 2043/2072/1 2016/2075/1
f 2017/2077/1 2042/2078/1 2043/2072/1
f 2080/2079/1 2004/2076/1 2079/2073/1
f 2080/2079/1 2003/2080/1 2004/2076/1
f 2018/2081/1 2042/2078/1 2017/2077/1
f 2080/2079/1 2002/2082/1 2003/2080/1
f 2019/2083/1 2042/2078/1 2018/2081/1
f 2080/2079/1 2001/2084/2 2002/2082/1
f 2019/2083/1 2041/2085/1 2042/2078/1
f 2081/2086/1 2001/2084/2 2080/2079/1
f 2020/2087/1 2041/2085/1 2019/2083/1
f 2081/2086/1 2000/2088/61 2001/2084/2
f 2021/2089/1 2041/2085/1 2020/2087/1
f 2081/2086/1 1999/2090/1 2000/2088/61
f 2021/2089/1 2040/2091/1 2041/2085/1
f 2082/2092/1 1999/2090/1 2081/2086/1
f 2022/2093/1 2040/2091/1 2021/2089/1
f 2082/2092/1 1998/2094/1 1999/2090/1
f 2023/2095/1 2040/2091/1 2022/2093/1
f 2023/2095/1 2039/2096/1 2040/2091/1
f 2082/2092/1 1997/2097/1 1998/2094/1
f 2083/2098/1 1997/2097/1 2082/2092/1
f 2024/2099/1 2039/2096/1 2023/2095/1
f 2083/2098/1 1996/2100/1 1997/2097/1
f 2025/2101/1 2039/2096/1 2024/2099/1
f 2025/2101/1 2038/2102/1 2039/2096/1
f 2084/2103/1 1996/2100/1 2083/2098/1
f 2084/2103/1 1995/2104/1 1996/2100/1
f 2026/2105/1 2038/2102/1 2025/2101/1
f 2084/2103/1 1994/2106/1 1995/2104/1
f 2027/2107/1 2038/2102/1 2026/2105/1
f 2027/2107/1 2037/2108/62 2038/2102/1
f 2085/2109/1 1994/2106/1 2084/2103/1
f 2085/2109/1 1993/2110/1 1994/2106/1
f 2028/2111/1 2037/2108/62 2027/2107/1
f 2085/2109/1 1992/2112/1 1993/2110/1
f 2086/2113/1 1992/2112/1 2085/2109/1
f 2029/2114/1 2037/2108/62 2028/2111/1
f 2030/2115/1 2037/2108/62 2029/2114/1
f 2031/2116/1 2037/2108/62 2030/2115/1
f 2032/2117/1 2037/2108/62 2031/2116/1
f 2033/2118/1 2037/2108/62 2032/2117/1
f 2034/2119/8 2037/2108/62 2033/2118/1
f 2035/2120/9 2037/2108/62 2034/2119/8
f 2036/2121/1 2037/2108/62 2035/2120/9
f 2086/2113/1 1991/2122/1 1992/2112/1
f 2087/2123/1 1991/2122/1 2086/2113/1
f 2087/2123/1 1990/2124/1 1991/2122/1
f 2087/2123/1 1989/2125/1 1990/2124/1
f 2088/2126/1 1989/2125/1 2087/2123/1
f 2088/2126/1 1988/2127/1 1989/2125/1
f 2088/2126/1 1987/2128/1 1988/2127/1
f 2089/2129/1 1987/2128/1 2088/2126/1
f 2089/2129/1 1986/2130/1 1987/2128/1
f 2089/2129/1 1985/2131/1 1986/2130/1
f 2089/2129/1 1984/2132/1 1985/2131/1
f 2090/2133/1 1984/2132/1 2089/2129/1
f 2090/2133/1 1983/2134/1 1984/2132/1
f 2090/2133/1 1982/2135/1 1983/2134/1
f 2091/2136/1 1982/2135/1 2090/2133/1
f 2091/2136/1 1981/2137/1 1982/2135/1
f 2091/2136/1 1980/2138/1 1981/2137/1
f 2091/2136/1 1979/2139/1 1980/2138/1
f 2092/2140/1 1979/2139/1 2091/2136/1
f 2092/2140/1 1978/2141/1 1979/2139/1
f 2092/2140/1 1977/2142/1 1978/2141/1
f 2092/2140/1 1976/2143/1 1977/2142/1
f 2093/2144/1 1976/2143/1 2092/2140/1
f 2093/2144/1 1975/2145/1 1976/2143/1
f 2093/2144/1 1974/2146/1 1975/2145/1
f 2093/2144/1 1973/2147/1 1974/2146/1
f 2094/2148/1 1973/2147/1 2093/2144/1
f 2094/2148/1 1972/2149/1 1973/2147/1
f 2094/2148/1 1971/2150/1 1972/2149/1
f 2095/2151/1 1971/2150/1 2094/2148/1
f 2095/2151/1 1970/2152/1 1971/2150/1
f 2096/2153/1 1970/2152/1 2095/2151/1
f 2096/2153/1 1969/2154/1 1970/2152/1
f 2097/2155/1 1969/2154/1 2096/2153/1
f 2097/2155/1 1968/2156/1 1969/2154/1
f 2098/2157/1 1968/2156/1 2097/2155/1
f 2099/2158/1 1968/2156/1 2098/2157/1
f 2100/2159/1 1968/2156/1 2099/2158/1
f 2100/2159/1 1967/2160/1 1968/2156/1
f 2101/2161/1 1967/2160/1 2100/2159/1
f 2102/2162/1 1967/2160/1 2101/2161/1
f 2103/2163/1 1967/2160/1 2102/2162/1
f 2103/2163/1 1966/2164/1 1967/2160/1
f 2104/2165/1 1966/2164/1 2103/2163/1
f 2105/2166/1 1966/2164/1 2104/2165/1
f 2106/2167/1 1966/2164/1 2105/2166/1
f 2107/2168/1 1966/2164/1 2106/2167/1
f 2107/2168/1 1965/2169/1 1966/2164/1
f 2108/2170/1 1965/2169/1 2107/2168/1
f 2109/2171/1 1965/2169/1 2108/2170/1
f 2109/2171/1 1964/2172/1 1965/2169/1
f 2110/2173/1 1964/2172/1 2109/2171/1
f 2111/2174/1 1964/2172/1 2110/2173/1
f 2112/2175/1 1964/2172/1 2111/2174/1
f 2112/2175/1 1963/2176/1 1964/2172/1
f 2113/2177/1 1963/2176/1 2112/2175/1
f 2114/2178/1 1963/2176/1 2113/2177/1
f 2114/2178/1 1962/2179/1 1963/2176/1
f 2115/2180/1 1962/2179/1 2114/2178/1
f 2115/2180/1 1961/2181/1 1962/2179/1
f 2116/2182/1 1961/2181/1 2115/2180/1
f 2117/2183/1 1961/2181/1 2116/2182/1
f 2117/2183/1 1960/2184/1 1961/2181/1
f 2118/2185/1 1960/2184/1 2117/2183/1
f 2118/2185/1 2213/2186/1 1960/2184/1
f 2119/2187/1 2213/2186/1 2118/2185/1
f 2167/2188/1 2165/2189/1 2166/2190/1
f 2167/2188/1 2164/2191/1 2165/2189/1
f 2167/2188/1 2163/2192/1 2164/2191/1
f 2167/2188/1 2162/2193/1 2163/2192/1
f 2167/2188/1 2161/2194/1 2162/2193/1
f 2167/2188/1 2160/2195/1 2161/2194/1
f 2167/2188/1 2159/2196/1 2160/2195/1
f 2167/2188/1 2158/2197/1 2159/2196/1
f 2167/2188/1 2157/2198/1 2158/2197/1
f 2167/2188/1 2156/2199/1 2157/2198/1
f 2167/2188/1 2155/2200/1 2156/2199/1
f 2120/2201/1 2213/2186/1 2119/2187/1
f 2167/2188/1 2154/2202/1 2155/2200/1
f 2120/2201/1 2212/2203/1 2213/2186/1
f 2168/2204/1 2154/2202/1 2167/2188/1
f 2121/2205/1 2212/2203/1 2120/2201/1
f 2168/2204/1 2153/2206/1 2154/2202/1
f 2122/2207/1 2212/2203/1 2121/2205/1
f 2122/2207/1 2211/2208/1 2212/2203/1
f 2168/2204/1 2152/2209/1 2153/2206/1
f 2169/2210/1 2152/2209/1 2168/2204/1
f 2123/2211/1 2211/2208/1 2122/2207/1
f 2169/2210/1 2151/2212/1 2152/2209/1
f 2123/2211/1 2210/2213/1 2211/2208/1
f 2124/2214/1 2210/2213/1 2123/2211/1
f 2169/2210/1 2150/2215/1 2151/2212/1
f 2170/2216/1 2150/2215/1 2169/2210/1
f 2125/2217/1 2210/2213/1 2124/2214/1
f 2170/2216/1 2149/2218/1 2150/2215/1
f 2125/2217/1 2209/2219/1 2210/2213/1
f 2126/2220/1 2209/2219/1 2125/2217/1
f 2170/2216/1 2148/2221/1 2149/2218/1
f 2171/2222/1 2148/2221/1 2170/2216/1
f 2127/2223/1 2209/2219/1 2126/2220/1
f 2171/2222/1 2147/2224/1 2148/2221/1
f 2127/2223/1 2208/2225/1 2209/2219/1
f 2128/2226/1 2208/2225/1 2127/2223/1
f 2171/2222/1 2146/2227/1 2147/2224/1
f 2172/2228/1 2146/2227/1 2171/2222/1
f 2129/2229/1 2208/2225/1 2128/2226/1
f 2172/2228/1 2145/2230/63 2146/2227/1
f 2130/2231/1 2208/2225/1 2129/2229/1
f 2130/2231/1 2207/2232/1 2208/2225/1
f 2172/2228/1 2144/2233/27 2145/2230/63
f 2173/2234/1 2144/2233/27 2172/2228/1
f 2131/2235/1 2207/2232/1 2130/2231/1
f 2173/2234/1 2143/2236/1 2144/2233/27
f 2131/2235/1 2206/2237/1 2207/2232/1
f 2132/2238/1 2206/2237/1 2131/2235/1
f 2173/2234/1 2142/2239/1 2143/2236/1
f 2174/2240/1 2142/2239/1 2173/2234/1
f 2133/2241/1 2206/2237/1 2132/2238/1
f 2174/2240/1 2141/2242/1 2142/2239/1
f 2174/2240/1 2140/2243/1 2141/2242/1
f 2134/2244/1 2206/2237/1 2133/2241/1
f 2134/2244/1 2205/2245/1 2206/2237/1
f 2174/2240/1 2139/2246/1 2140/2243/1
f 2175/2247/1 2139/2246/1 2174/2240/1
f 2135/2248/1 2205/2245/1 2134/2244/1
f 2136/2249/1 2205/2245/1 2135/2248/1
f 2175/2247/1 2138/2250/1 2139/2246/1
f 2137/2251/1 2205/2245/1 2136/2249/1
f 2175/2247/1 2137/2251/1 2138/2250/1
f 2175/2247/1 2205/2245/1 2137/2251/1
f 2175/2247/1 2204/2252/1 2205/2245/1
f 2176/2253/1 2204/2252/1 2175/2247/1
f 2176/2253/1 2203/2254/1 2204/2252/1
f 2177/2255/1 2203/2254/1 2176/2253/1
f 2177/2255/1 2202/2256/1 2203/2254/1
f 2178/2257/1 2202/2256/1 2177/2255/1
f 2179/2258/1 2202/2256/1 2178/2257/1
f 2179/2258/1 2201/2259/1 2202/2256/1
f 2179/2258/1 2200/2260/1 2201/2259/1
f 2180/2261/1 2200/2260/1 2179/2258/1
f 2180/2261/1 2199/2262/1 2200/2260/1
f 2181/2263/1 2199/2262/1 2180/2261/1
f 2181/2263/1 2198/2264/1 2199/2262/1
f 2182/2265/1 2198/2264/1 2181/2263/1
f 2182/2265/1 2197/2266/1 2198/2264/1
f 2183/2267/1 2197/2266/1 2182/2265/1
f 2183/2267/1 2196/2268/1 2197/2266/1
f 2184/2269/1 2196/2268/1 2183/2267/1
f 2184/2269/1 2195/2270/1 2196/2268/1
f 2185/2271/1 2195/2270/1 2184/2269/1
f 2185/2271/1 2194/2272/1 2195/2270/1
f 2186/2273/1 2194/2272/1 2185/2271/1
f 2186/2273/1 2193/2274/1 2194/2272/1
f 2187/2275/1 2193/2274/1 2186/2273/1
f 2187/2275/1 2192/2276/1 2193/2274/1
f 2188/2277/1 2192/2276/1 2187/2275/1
f 2188/2277/1 2191/2278/1 2192/2276/1
f 2189/2279/1 2191/2278/1 2188/2277/1
f 2189/2279/1 2190/2280/1 2191/2278/1
f 2224/2281/1 2220/2282/1 2223/2283/1
f 2220/2282/1 2222/2284/1 2223/2283/1
f 2220/2282/1 2221/2285/1 2222/2284/1
f 2224/2281/1 2219/2286/1 2220/2282/1
f 2224/2281/1 2216/2287/1 2219/2286/1
f 2216/2287/1 2218/2288/1 2219/2286/1
f 2216/2287/1 2217/2289/1 2218/2288/1
f 2224/2281/1 2215/2290/1 2216/2287/1
f 2224/2281/1 2214/2291/1 2215/2290/1
f 2224/2281/1 2225/2292/1 2214/2291/1
f 7/2293/1 5/2294/1 6/2295/1
f 7/2293/1 9/2296/1 5/2294/1
f 9/2296/1 4/2297/1 5/2294/1
f 4/2297/1 2/2298/1 3/2299/1
f 4/2297/1 1/2300/1 2/2298/1
f 7/2293/1 8/2301/1 9/2296/1
f 10/2302/1 4/2297/1 9/2296/1
f 10/2302/1 1/2300/1 4/2297/1
f 2286/2303/1 2290/2304/1 2287/2305/1
f 2283/2306/1 2290/2304/1 2286/2303/1
f 4527/2307/56 4526/2308/56 4528/2309/56
f 4527/2307/56 4528/2309/56 4529/2310/56
f 4531/2311/56 4530/2312/56 4532/2313/56
f 4531/2311/56 4532/2313/56 4533/2314/56
f 4535/2315/56 4534/2316/56 4536/2317/56
f 4535/2315/56 4536/2317/56 4537/2318/56
f 4539/2319/56 4538/2320/56 4540/2321/56
f 4539/2319/56 4540/2321/56 4541/2322/56
f 4543/2323/56 4542/2324/56 4544/2325/56
f 4543/2323/56 4544/2325/56 4545/2326/56
f 4547/2327/56 4546/2328/56 4548/2329/56
f 4547/2327/56 4548/2329/56 4549/2330/56
f 4551/2331/56 4550/2332/56 4552/2333/56
f 4551/2331/56 4552/2333/56 4553/2334/56
f 4555/2335/56 4554/2336/56 4556/2337/56
f 4555/2335/56 4556/2337/56 4557/2338/56
f 4559/2339/56 4558/2340/56 4560/2341/56
f 4559/2339/56 4560/2341/56 4561/2342/56
f 4563/2343/56 4562/2344/56 4564/2345/56
f 4563/2343/56 4564/2345/56 4565/2346/56
f 4567/2347/56 4566/2348/56 4568/2349/56
f 4567/2347/56 4568/2349/56 4569/2350/56
f 4570/2305/56 4571/2351/56 4572/2352/56
f 4570/2305/56 4572/2352/56 4573/2304/56
f 4574/2303/56 4570/2305/56 4573/2304/64
f 4575/2353/56 4574/2303/56 4576/2306/56
f 4576/2306/1 4574/2303/56 4573/2304/65
f 4575/2353/56 4576/2306/56 4577/2354/56
f 4578/2355/56 4579/2356/56 4580/2357/56
f 4578/2355/56 4580/2357/56 4581/2358/56
f 4582/2359/56 4583/2360/56 4584/2361/56
f 4582/2359/56 4584/2361/56 4585/2362/56
f 4578/2355/56 4581/2358/56 4586/2363/56
f 4586/2363/56 4581/2358/56 4582/2359/56
f 4586/2363/56 4582/2359/56 4587/2364/56
f 4587/2364/56 4582/2359/56 4585/2362/56
f 4578/2355/56 4586/2363/56 4588/2365/56
f 4589/2366/56 4587/2364/56 4585/2362/56
f 4590/2367/56 4591/2368/56 4592/2369/56
f 4590/2367/56 4592/2369/56 4593/2370/56
f 4593/2370/56 4592/2369/56 4594/2371/56
f 4594/2371/56 4595/2372/56 4596/2373/56
f 4594/2371/56 4596/2373/56 4597/2374/56
f 4597/2374/56 4596/2373/56 4598/2375/56
f 4590/2367/56 4593/2370/56 4599/2376/56
f 4600/2377/56 4593/2370/56 4594/2371/56
f 4594/2371/56 4597/2374/56 4601/2378/56
f 4602/2379/56 4597/2374/56 4598/2375/56
f 4600/2377/56 4594/2371/56 4601/2378/56
f 4526/2308/66 2242/2307/66 2239/2308/66
f 4528/2309/67 2239/2308/67 2240/2309/67
f 4527/2307/68 2241/2310/68 2242/2307/68
f 4529/2310/69 2240/2309/69 2241/2310/69
f 4530/2312/66 2246/2311/66 2243/2312/66
f 4532/2313/67 2243/2312/67 2244/2313/67
f 4531/2311/68 2245/2314/68 2246/2311/68
f 4533/2314/69 2244/2313/69 2245/2314/69
f 4534/2316/66 2250/2315/66 2247/2316/66
f 4536/2317/67 2247/2316/67 2248/2317/67
f 4535/2315/68 2249/2318/68 2250/2315/68
f 4537/2318/69 2248/2317/69 2249/2318/69
f 4538/2320/66 2254/2319/66 2251/2320/66
f 4540/2321/67 2251/2320/67 2252/2321/67
f 4539/2319/68 2253/2322/68 2254/2319/68
f 4541/2322/69 2252/2321/69 2253/2322/69
f 4542/2324/66 2258/2323/66 2255/2324/66
f 4544/2325/67 2255/2324/67 2256/2325/67
f 4543/2323/68 2257/2326/68 2258/2323/68
f 4545/2326/69 2256/2325/69 2257/2326/69
f 4546/2328/66 2262/2327/66 2259/2328/66
f 4548/2329/67 2259/2328/67 2260/2329/67
f 4547/2327/68 2261/2330/68 2262/2327/68
f 4549/2330/69 2260/2329/69 2261/2330/69
f 4550/2332/66 2266/2331/66 2263/2332/66
f 4552/2333/67 2263/2332/67 2264/2333/67
f 4551/2331/68 2265/2334/68 2266/2331/68
f 4553/2334/69 2264/2333/69 2265/2334/69
f 4554/2336/66 2270/2335/66 2267/2336/66
f 4556/2337/67 2267/2336/67 2268/2337/67
f 4555/2335/68 2269/2338/68 2270/2335/68
f 4557/2338/69 2268/2337/69 2269/2338/69
f 4558/2340/66 2274/2339/66 2271/2340/66
f 4560/2341/67 2271/2340/67 2272/2341/67
f 4559/2339/68 2273/2342/68 2274/2339/68
f 4561/2342/69 2272/2341/69 2273/2342/69
f 4562/2344/66 2278/2343/66 2275/2344/66
f 4564/2345/67 2275/2344/67 2276/2345/67
f 4563/2343/68 2277/2346/68 2278/2343/68
f 4565/2346/69 2276/2345/69 2277/2346/69
f 4566/2348/66 2282/2347/66 2279/2348/66
f 4568/2349/67 2279/2348/67 2280/2349/67
f 4567/2347/68 2281/2350/68 2282/2347/68
f 4569/2350/69 2280/2349/69 2281/2350/69
f 4571/2351/66 2287/2305/66 2288/2351/66
f 4572/2352/67 2288/2351/67 2289/2352/67
f 4573/2304/69 2289/2352/69 2290/2304/69
f 4570/2305/68 2286/2303/68 2287/2305/68
f 4574/2303/66 2285/2353/66 2286/2303/66
f 4576/2306/68 2290/2304/68 2283/2306/68
f 4575/2353/68 2284/2354/68 2285/2353/68
f 4577/2354/69 2283/2306/69 2284/2354/69
f 4579/2356/66 2295/2355/66 2296/2356/66
f 4580/2357/67 2296/2356/67 2297/2357/67
f 4581/2358/69 2297/2357/69 2298/2358/69
f 4583/2360/66 2299/2359/66 2300/2360/66
f 4584/2361/67 2300/2360/67 2301/2361/67
f 4585/2362/69 2301/2361/69 2302/2362/69
f 4582/2359/67 2298/2358/67 2299/2359/67
f 4586/2363/68 2292/2364/68 2293/2363/68
f 4578/2355/68 2294/2365/68 2295/2355/68
f 4588/2365/69 2293/2363/69 2294/2365/69
f 4587/2364/66 2291/2366/66 2292/2364/66
f 4589/2366/68 2302/2362/68 2291/2366/68
f 4591/2368/66 2232/2367/66 2233/2368/66
f 4592/2369/67 2233/2368/67 2234/2369/67
f 4594/2371/70 2234/2369/70 2235/2371/70
f 4595/2372/71 2235/2371/71 2236/2372/71
f 4596/2373/67 2236/2372/67 2237/2373/67
f 4598/2375/69 2237/2373/69 2238/2375/69
f 4590/2367/68 2231/2376/68 2232/2367/68
f 4599/2376/69 2230/2370/69 2231/2376/69
f 4593/2370/72 2229/2380/72 2230/2370/72
f 4601/2378/73 2227/2374/73 2228/2378/73
f 4597/2374/66 2226/2379/66 2227/2374/66
f 4602/2379/68 2238/2375/68 2226/2379/68
f 4600/2377/74 2228/2378/74 2229/2380/74
f 4526/2308/66 4527/2307/66 2242/2307/66
f 4528/2309/67 4526/2308/67 2239/2308/67
f 4527/2307/68 4529/2310/68 2241/2310/68
f 4529/2310/69 4528/2309/69 2240/2309/69
f 4530/2312/66 4531/2311/66 2246/2311/66
f 4532/2313/67 4530/2312/67 2243/2312/67
f 4531/2311/68 4533/2314/68 2245/2314/68
f 4533/2314/69 4532/2313/69 2244/2313/69
f 4534/2316/66 4535/2315/66 2250/2315/66
f 4536/2317/67 4534/2316/67 2247/2316/67
f 4535/2315/68 4537/2318/68 2249/2318/68
f 4537/2318/69 4536/2317/69 2248/2317/69
f 4538/2320/66 4539/2319/66 2254/2319/66
f 4540/2321/67 4538/2320/67 2251/2320/67
f 4539/2319/68 4541/2322/68 2253/2322/68
f 4541/2322/69 4540/2321/69 2252/2321/69
f 4542/2324/66 4543/2323/66 2258/2323/66
f 4544/2325/67 4542/2324/67 2255/2324/67
f 4543/2323/68 4545/2326/68 2257/2326/68
f 4545/2326/69 4544/2325/69 2256/2325/69
f 4546/2328/66 4547/2327/66 2262/2327/66
f 4548/2329/67 4546/2328/67 2259/2328/67
f 4547/2327/68 4549/2330/68 2261/2330/68
f 4549/2330/69 4548/2329/69 2260/2329/69
f 4550/2332/66 4551/2331/66 2266/2331/66
f 4552/2333/67 4550/2332/67 2263/2332/67
f 4551/2331/68 4553/2334/68 2265/2334/68
f 4553/2334/69 4552/2333/69 2264/2333/69
f 4554/2336/66 4555/2335/66 2270/2335/66
f 4556/2337/67 4554/2336/67 2267/2336/67
f 4555/2335/68 4557/2338/68 2269/2338/68
f 4557/2338/69 4556/2337/69 2268/2337/69
f 4558/2340/66 4559/2339/66 2274/2339/66
f 4560/2341/67 4558/2340/67 2271/2340/67
f 4559/2339/68 4561/2342/68 2273/2342/68
f 4561/2342/69 4560/2341/69 2272/2341/69
f 4562/2344/66 4563/2343/66 2278/2343/66
f 4564/2345/67 4562/2344/67 2275/2344/67
f 4563/2343/68 4565/2346/68 2277/2346/68
f 4565/2346/69 4564/2345/69 2276/2345/69
f 4566/2348/66 4567/2347/66 2282/2347/66
f 4568/2349/67 4566/2348/67 2279/2348/67
f 4567/2347/68 4569/2350/68 2281/2350/68
f 4569/2350/69 4568/2349/69 2280/2349/69
f 4571/2351/66 4570/2305/66 2287/2305/66
f 4572/2352/67 4571/2351/67 2288/2351/67
f 4573/2304/69 4572/2352/69 2289/2352/69
f 4570/2305/68 4574/2303/68 2286/2303/68
f 4574/2303/66 4575/2353/66 2285/2353/66
f 4576/2306/68 4573/2304/68 2290/2304/68
f 4575/2353/68 4577/2354/68 2284/2354/68
f 4577/2354/69 4576/2306/69 2283/2306/69
f 4579/2356/66 4578/2355/66 2295/2355/66
f 4580/2357/67 4579/2356/67 2296/2356/67
f 4581/2358/69 4580/2357/69 2297/2357/69
f 4583/2360/66 4582/2359/66 2299/2359/66
f 4584/2361/67 4583/2360/67 2300/2360/67
f 4585/2362/69 4584/2361/69 2301/2361/69
f 4582/2359/67 4581/2358/67 2298/2358/67
f 4586/2363/68 4587/2364/68 2292/2364/68
f 4578/2355/68 4588/2365/68 2294/2365/68
f 4588/2365/69 4586/2363/69 2293/2363/69
f 4587/2364/66 4589/2366/66 2291/2366/66
f 4589/2366/68 4585/2362/68 2302/2362/68
f 4591/2368/66 4590/2367/66 2232/2367/66
f 4592/2369/67 4591/2368/67 2233/2368/67
f 4594/2371/70 4592/2369/70 2234/2369/70
f 4595/2372/71 4594/2371/71 2235/2371/71
f 4596/2373/67 4595/2372/67 2236/2372/67
f 4598/2375/69 4596/2373/69 2237/2373/69
f 4590/2367/68 4599/2376/68 2231/2376/68
f 4599/2376/69 4593/2370/69 2230/2370/69
f 4593/2370/72 4600/2377/72 2229/2380/72
f 4601/2378/73 4597/2374/73 2227/2374/73
f 4597/2374/66 4602/2379/66 2226/2379/66
f 4602/2379/68 4598/2375/68 2238/2375/68
f 4600/2377/74 4601/2378/74 2228/2378/74
f 2304/2381/56 2303/2382/56 2305/2383/56
f 2304/2381/56 2305/2383/56 2306/2384/56
f 2307/2385/1 2304/2381/1 2306/2384/1
f 2308/2386/56 2307/2385/56 2309/2387/56
f 2309/2387/1 2307/2385/1 2306/2384/1
f 2308/2386/56 2309/2387/56 2310/2388/56
f 2312/2389/56 2311/2390/56 2313/2391/56
f 2313/2391/56 2311/2390/56 2314/2392/56
f 2313/2391/56 2314/2392/56 2315/2393/56
f 2312/2389/56 2313/2391/56 2316/2394/56
f 2312/2389/56 2316/2394/56 2317/2395/56
f 2317/2395/56 2316/2394/56 2318/2396/56
f 2317/2395/56 2318/2396/56 2319/2397/56
f 2312/2389/56 2317/2395/56 2320/2398/56
f 2312/2389/56 2320/2398/56 2321/2399/56
f 2312/2389/56 2321/2399/56 2322/2400/56
f 2324/2401/56 2323/2402/56 2325/2403/56
f 2324/2401/56 2325/2403/56 2326/2404/56
f 2327/2405/56 2324/2401/56 2326/2404/56
f 2327/2405/56 2326/2404/56 2328/2406/56
f 2329/2407/56 2327/2405/56 2328/2406/56
f 2329/2407/56 2328/2406/56 2330/2408/56
f 2331/2409/56 2329/2407/56 2330/2408/56
f 2331/2409/56 2330/2408/56 2332/2410/56
f 2333/2411/56 2331/2409/56 2332/2410/56
f 2333/2411/56 2332/2410/56 2334/2412/56
f 2335/2413/56 2333/2411/56 2334/2412/56
f 2335/2413/56 2334/2412/56 2336/2414/56
f 2337/2415/56 2335/2413/56 2336/2414/56
f 2337/2415/56 2336/2414/56 2338/2416/56
f 2337/2415/56 2338/2416/56 2339/2417/56
f 2340/2418/56 2337/2415/56 2339/2417/56
f 2340/2418/56 2339/2417/56 2341/2419/56
f 2342/2420/56 2340/2418/56 2341/2419/56
f 2342/2420/56 2341/2419/56 2343/2421/56
f 2344/2422/56 2342/2420/56 2343/2421/56
f 2344/2422/56 2343/2421/56 2345/2423/56
f 2346/2424/56 2344/2422/56 2345/2423/56
f 2346/2424/56 2345/2423/56 2347/2425/56
f 2348/2426/56 2346/2424/56 2347/2425/56
f 2348/2426/56 2347/2425/56 2349/2427/56
f 2350/2428/56 2348/2426/56 2349/2427/56
f 2350/2428/56 2349/2427/56 2351/2429/56
f 2352/2430/56 2350/2428/56 2351/2429/56
f 2352/2430/56 2351/2429/56 2353/2431/75
f 2353/2431/75 2351/2429/56 2354/2432/56
f 2352/2430/56 2353/2431/75 2355/2433/76
f 2356/2434/56 2353/2431/75 2354/2432/56
f 2357/2435/56 2356/2434/56 2354/2432/56
f 2352/2430/56 2355/2433/76 2358/2436/75
f 2360/2437/56 2357/2435/56 2354/2432/56
f 2352/2430/56 2358/2436/75 2359/2438/56
f 2352/2430/56 2359/2438/56 2363/2439/56
f 2360/2437/56 2354/2432/56 2361/2440/56
f 2362/2441/56 2352/2430/56 2363/2439/56
f 2364/2442/77 2360/2437/56 2361/2440/56
f 2362/2441/56 2363/2439/56 2366/2443/56
f 2365/2444/56 2364/2442/77 2361/2440/56
f 2365/2444/56 2361/2440/56 2367/2445/56
f 2368/2446/56 2365/2444/56 2367/2445/56
f 2362/2441/56 2366/2443/56 2369/2447/56
f 2370/2448/56 2362/2441/56 2369/2447/56
f 2370/2448/56 2369/2447/56 2372/2449/56
f 2371/2450/56 2368/2446/56 2367/2445/56
f 2373/2451/56 2371/2450/56 2367/2445/56
f 2373/2451/56 2367/2445/56 2374/2452/56
f 2370/2448/56 2372/2449/56 2375/2453/56
f 2376/2454/56 2373/2451/56 2374/2452/56
f 2370/2448/56 2375/2453/56 2377/2455/56
f 2378/2456/56 2370/2448/56 2377/2455/56
f 2379/2457/56 2376/2454/56 2374/2452/56
f 2379/2457/56 2374/2452/56 2380/2458/56
f 2381/2459/56 2379/2457/56 2380/2458/56
f 2378/2456/56 2377/2455/56 2382/2460/56
f 2383/2461/78 2381/2459/56 2380/2458/56
f 2383/2461/78 2380/2458/56 2384/2462/56
f 2385/2463/79 2383/2461/78 2384/2462/56
f 2386/2464/56 2378/2456/56 2382/2460/56
f 2386/2464/56 2382/2460/56 2387/2465/56
f 2388/2466/56 2385/2463/79 2384/2462/56
f 2388/2466/56 2384/2462/56 2389/2467/56
f 2390/2468/56 2388/2466/56 2389/2467/56
f 2386/2464/56 2387/2465/56 2391/2469/56
f 2392/2470/56 2390/2468/56 2389/2467/56
f 2393/2471/56 2386/2464/56 2391/2469/56
f 2392/2470/56 2389/2467/56 2394/2472/56
f 2395/2473/56 2392/2470/56 2394/2472/56
f 2393/2471/56 2391/2469/56 2396/2474/56
f 2397/2475/56 2395/2473/56 2394/2472/56
f 2397/2475/56 2394/2472/56 4603/2476/56
f 2398/2477/56 2397/2475/56 4603/2476/56
f 2399/2478/56 2393/2471/56 2396/2474/56
f 2400/2479/1 2398/2477/1 4603/2476/64
f 2401/2480/1 2400/2479/1 4603/2476/64
f 2402/2481/1 2401/2480/1 4603/2476/64
f 2403/2482/80 2402/2481/1 4603/2476/64
f 2404/2483/81 2403/2482/80 4603/2476/64
f 2405/2484/1 2404/2483/81 4603/2476/64
f 2406/2485/1 2405/2484/1 4603/2476/64
f 2407/2486/1 2406/2485/1 4603/2476/64
f 2399/2478/56 2396/2474/56 2408/2487/56
f 2399/2478/56 2408/2487/56 2409/2488/56
f 2410/2489/56 2399/2478/56 2409/2488/56
f 2410/2489/56 2409/2488/56 2411/2490/56
f 2412/2491/56 2410/2489/56 2411/2490/56
f 2412/2491/56 2411/2490/56 2413/2492/82
f 2414/2493/83 2412/2491/56 2413/2492/82
f 2414/2493/83 2413/2492/82 2415/2494/84
f 2416/2495/85 2414/2493/83 2415/2494/84
f 2416/2495/85 2415/2494/84 2417/2496/86
f 2418/2497/87 2416/2495/85 2417/2496/86
f 2418/2497/87 2417/2496/86 2419/2498/88
f 2418/2497/87 2419/2498/88 2420/2499/89
f 2421/2500/56 2418/2497/87 2420/2499/89
f 2421/2500/56 2420/2499/89 2422/2501/56
f 2423/2502/56 2421/2500/56 2422/2501/56
f 2423/2502/56 2422/2501/56 2424/2503/56
f 2425/2504/56 2423/2502/56 2424/2503/56
f 2425/2504/56 2424/2503/56 2426/2505/56
f 2427/2506/56 2425/2504/56 2426/2505/56
f 2427/2506/56 2426/2505/56 2428/2507/56
f 2430/2508/56 2429/2509/56 2431/2510/56
f 2430/2508/56 2431/2510/56 2432/2511/56
f 2427/2506/56 2428/2507/56 2433/2512/56
f 2434/2513/56 2427/2506/56 2433/2512/56
f 2435/2514/56 2430/2508/56 2432/2511/56
f 2435/2514/56 2432/2511/56 2436/2515/56
f 2437/2516/56 2435/2514/56 2436/2515/56
f 2434/2513/56 2433/2512/56 2438/2517/56
f 2439/2518/56 2437/2516/56 2436/2515/56
f 2439/2518/56 2436/2515/56 2440/2519/56
f 2441/2520/56 2434/2513/56 2438/2517/56
f 2442/2521/90 2439/2518/56 2440/2519/56
f 2441/2520/56 2438/2517/56 2443/2522/56
f 2444/2523/91 2442/2521/90 2440/2519/56
f 2444/2523/91 2440/2519/56 2445/2524/56
f 2446/2525/56 2444/2523/91 2445/2524/56
f 2441/2520/56 2443/2522/56 2447/2526/56
f 2448/2527/56 2446/2525/56 2445/2524/56
f 2449/2528/56 2441/2520/56 2447/2526/56
f 2448/2527/56 2445/2524/56 2450/2529/56
f 2451/2530/56 2448/2527/56 2450/2529/56
f 2449/2528/56 2447/2526/56 2452/2531/56
f 2453/2532/79 2451/2530/56 2450/2529/56
f 2453/2532/79 2450/2529/56 2454/2533/56
f 2455/2534/56 2453/2532/79 2454/2533/56
f 2456/2535/56 2449/2528/56 2452/2531/56
f 2456/2535/56 2452/2531/56 2457/2536/56
f 2458/2537/56 2455/2534/56 2454/2533/56
f 2458/2537/56 2454/2533/56 2459/2538/56
f 2456/2535/56 2457/2536/56 2460/2539/56
f 2461/2540/56 2456/2535/56 2460/2539/56
f 2462/2541/56 2458/2537/56 2459/2538/56
f 2463/2542/56 2462/2541/56 2459/2538/56
f 2461/2540/56 2460/2539/56 2465/2543/56
f 2463/2542/56 2459/2538/56 2464/2544/56
f 2461/2540/56 2465/2543/56 2466/2545/56
f 2467/2546/56 2463/2542/56 2464/2544/56
f 2470/2547/92 2467/2546/56 2464/2544/56
f 2468/2548/56 2461/2540/56 2466/2545/56
f 2468/2548/56 2466/2545/56 2469/2549/56
f 2468/2548/56 2469/2549/56 2471/2550/56
f 2472/2551/56 2470/2547/92 2464/2544/56
f 2472/2551/56 2464/2544/56 2473/2552/56
f 2468/2548/56 2471/2550/56 2474/2553/56
f 2474/2553/56 2472/2551/56 2473/2552/56
f 2468/2548/56 2474/2553/56 2473/2552/56
f 2468/2548/56 2473/2552/56 2475/2554/56
f 2476/2555/56 2468/2548/56 2475/2554/56
f 2476/2555/56 2475/2554/56 2477/2556/56
f 2478/2557/56 2476/2555/56 2477/2556/56
f 2478/2557/56 2477/2556/56 2479/2558/56
f 2480/2559/93 2478/2557/56 2479/2558/56
f 2480/2559/93 2479/2558/56 2481/2560/56
f 2482/2561/56 2480/2559/93 2481/2560/56
f 2482/2561/56 2481/2560/56 2483/2562/56
f 2484/2563/56 2482/2561/56 2483/2562/56
f 2484/2563/56 2483/2562/56 2485/2564/56
f 2486/2565/56 2484/2563/56 2485/2564/56
f 2486/2565/56 2485/2564/56 2487/2566/56
f 2488/2567/56 2486/2565/56 2487/2566/56
f 2488/2567/56 2487/2566/56 2489/2568/56
f 2490/2569/56 2488/2567/56 2489/2568/56
f 2490/2569/56 2489/2568/56 2491/2570/56
f 2490/2569/56 2491/2570/56 2492/2571/56
f 2493/2572/56 2490/2569/56 2492/2571/56
f 2493/2572/56 2492/2571/56 2494/2573/56
f 2495/2574/56 2493/2572/56 2494/2573/56
f 2495/2574/56 2494/2573/56 2496/2575/56
f 2497/2576/56 2495/2574/56 2496/2575/56
f 2497/2576/56 2496/2575/56 2498/2577/56
f 2499/2578/56 2497/2576/56 2498/2577/56
f 2499/2578/56 2498/2577/56 2500/2579/56
f 2501/2580/56 2499/2578/56 2500/2579/56
f 2503/2581/56 2502/2582/56 2504/2583/56
f 2503/2581/56 2504/2583/56 2505/2584/56
f 2507/2585/56 2506/2586/56 2508/2587/56
f 2507/2585/56 2508/2587/56 2509/2588/56
f 2503/2581/56 2505/2584/56 2510/2589/56
f 2510/2589/56 2505/2584/56 2507/2585/56
f 2510/2589/56 2507/2585/56 2511/2590/56
f 2511/2590/56 2507/2585/56 2509/2588/56
f 2503/2581/56 2510/2589/56 2512/2591/56
f 2513/2592/56 2511/2590/56 2509/2588/56
f 2515/2593/56 2514/2594/56 2516/2595/56
f 2515/2593/56 2516/2595/56 2517/2596/56
f 2517/2596/56 2516/2595/56 2518/2597/56
f 2518/2597/56 2519/2598/56 2520/2599/56
f 2518/2597/56 2520/2599/56 2521/2600/56
f 2515/2593/56 2517/2596/56 2522/2601/56
f 2523/2602/56 2517/2596/56 2518/2597/56
f 2523/2602/56 2518/2597/56 2521/2600/56
f 2525/2603/56 2524/2604/56 2526/2605/56
f 2525/2603/56 2526/2605/56 2527/2606/56
f 2529/2607/56 2528/2608/56 2530/2609/56
f 2531/2610/56 2529/2607/56 2530/2609/56
f 2531/2610/56 2530/2609/56 2532/2611/56
f 2533/2612/56 2531/2610/56 2532/2611/56
f 2533/2612/56 2532/2611/56 2534/2613/56
f 2535/2614/56 2533/2612/56 2534/2613/56
f 2535/2614/56 2534/2613/56 2536/2615/56
f 2537/2616/56 2535/2614/56 2536/2615/56
f 2537/2616/56 2536/2615/56 2538/2617/56
f 2539/2618/56 2537/2616/56 2538/2617/56
f 2539/2618/56 2538/2617/56 2540/2619/56
f 2541/2620/56 2539/2618/56 2540/2619/56
f 2541/2620/56 2540/2619/56 2542/2621/56
f 2543/2622/56 2541/2620/56 2542/2621/56
f 2543/2622/56 2542/2621/56 2544/2623/56
f 2545/2624/56 2543/2622/56 2544/2623/56
f 2545/2624/56 2544/2623/56 2546/2625/56
f 2547/2626/56 2545/2624/56 2546/2625/56
f 2547/2626/56 2546/2625/56 2548/2627/56
f 2549/2628/56 2547/2626/56 2548/2627/56
f 2549/2628/56 2548/2627/56 2550/2629/56
f 2551/2630/56 2549/2628/56 2550/2629/56
f 2551/2630/56 2550/2629/56 2552/2631/56
f 2553/2632/56 2551/2630/56 2552/2631/56
f 2553/2632/56 2552/2631/56 2554/2633/56
f 2555/2634/56 2553/2632/56 2554/2633/56
f 2555/2634/56 2554/2633/56 2556/2635/56
f 2557/2636/56 2555/2634/56 2556/2635/56
f 2557/2636/56 2556/2635/56 2558/2637/56
f 2559/2638/56 2557/2636/56 2558/2637/56
f 2559/2638/56 2558/2637/56 2560/2639/56
f 2560/2639/56 2558/2637/56 2561/2640/56
f 2559/2638/56 2560/2639/56 2563/2641/56
f 2562/2642/94 2560/2639/56 2561/2640/56
f 2564/2643/56 2562/2642/94 2561/2640/56
f 2559/2638/56 2563/2641/56 2566/2644/56
f 2567/2645/56 2564/2643/56 2561/2640/56
f 2565/2646/56 2559/2638/56 2566/2644/56
f 2567/2645/56 2561/2640/56 2568/2647/56
f 2565/2646/56 2566/2644/56 2569/2648/56
f 2570/2649/56 2567/2645/56 2568/2647/56
f 2565/2646/56 2569/2648/56 2571/2650/56
f 2572/2651/56 2570/2649/56 2568/2647/56
f 2572/2651/56 2568/2647/56 2573/2652/56
f 2574/2653/56 2565/2646/56 2571/2650/56
f 2576/2654/95 2572/2651/56 2573/2652/56
f 2574/2653/56 2571/2650/56 2575/2655/56
f 2574/2653/56 2575/2655/56 2577/2656/56
f 2578/2657/96 2576/2654/95 2573/2652/56
f 2578/2657/96 2573/2652/56 2579/2658/56
f 2580/2659/56 2574/2653/56 2577/2656/56
f 2580/2659/56 2577/2656/56 2581/2660/56
f 2582/2661/56 2578/2657/96 2579/2658/56
f 2580/2659/56 2581/2660/56 2583/2662/56
f 2584/2663/56 2582/2661/56 2579/2658/56
f 2580/2659/56 2583/2662/56 2585/2664/56
f 2584/2663/56 2579/2658/56 2586/2665/56
f 2587/2666/56 2580/2659/56 2585/2664/56
f 2588/2667/56 2584/2663/56 2586/2665/56
f 2587/2666/56 2585/2664/56 2589/2668/56
f 2590/2669/56 2588/2667/56 2586/2665/56
f 2587/2666/56 2589/2668/56 2591/2670/56
f 2590/2669/56 2586/2665/56 2592/2671/56
f 2593/2672/56 2587/2666/56 2591/2670/56
f 2594/2673/56 2590/2669/56 2592/2671/56
f 2593/2672/56 2591/2670/56 2595/2674/56
f 2596/2675/56 2594/2673/56 2592/2671/56
f 2596/2675/56 2592/2671/56 2597/2676/56
f 2593/2672/56 2595/2674/56 2598/2677/56
f 2599/2678/56 2593/2672/56 2598/2677/56
f 2600/2679/56 2596/2675/56 2597/2676/56
f 2599/2678/56 2598/2677/56 2601/2680/56
f 2602/2681/56 2600/2679/56 2597/2676/56
f 2602/2681/56 2597/2676/56 2603/2682/56
f 2604/2683/56 2599/2678/56 2601/2680/56
f 2604/2683/56 2601/2680/56 2605/2684/56
f 2606/2685/56 2602/2681/56 2603/2682/56
f 2604/2683/56 2605/2684/56 2607/2686/56
f 2608/2687/56 2606/2685/56 2603/2682/56
f 2608/2687/56 2603/2682/56 2609/2688/56
f 2610/2689/56 2604/2683/56 2607/2686/56
f 2610/2689/56 2607/2686/56 2611/2690/56
f 2612/2691/56 2608/2687/56 2609/2688/56
f 2610/2689/56 2611/2690/56 2613/2692/56
f 2614/2693/56 2610/2689/56 2613/2692/56
f 2615/2694/97 2612/2691/1 2609/2688/65
f 2616/2695/1 2615/2694/97 2609/2688/64
f 2617/2696/80 2616/2695/1 2609/2688/64
f 2618/2697/81 2617/2696/80 2609/2688/64
f 2619/2698/1 2618/2697/81 2609/2688/64
f 2620/2699/1 2619/2698/1 2609/2688/64
f 2621/2700/1 2620/2699/1 2609/2688/64
f 2622/2701/1 2621/2700/1 2609/2688/64
f 2623/2702/1 2622/2701/1 2609/2688/64
f 2614/2693/56 2613/2692/56 2624/2703/56
f 2625/2704/56 2614/2693/56 2624/2703/56
f 2625/2704/56 2624/2703/56 2626/2705/56
f 2625/2704/56 2626/2705/56 2627/2706/56
f 2628/2707/56 2625/2704/56 2627/2706/56
f 2628/2707/56 2627/2706/56 2629/2708/56
f 2628/2707/56 2629/2708/56 2630/2709/56
f 2631/2710/56 2628/2707/56 2630/2709/56
f 2631/2710/56 2630/2709/56 2632/2711/56
f 2631/2710/56 2632/2711/56 2633/2712/56
f 2631/2710/56 2633/2712/56 2634/2713/56
f 2635/2714/56 2631/2710/56 2634/2713/56
f 2635/2714/56 2634/2713/56 2636/2715/56
f 2635/2714/56 2636/2715/56 2637/2716/56
f 2638/2717/56 2635/2714/56 2637/2716/56
f 2638/2717/56 2637/2716/56 2639/2718/56
f 2638/2717/56 2639/2718/56 2640/2719/56
f 2638/2717/56 2640/2719/56 2641/2720/56
f 2638/2717/56 2641/2720/56 2642/2721/56
f 2643/2722/56 2638/2717/56 2642/2721/56
f 2643/2722/56 2642/2721/56 2644/2723/56
f 2643/2722/56 2644/2723/56 2645/2724/56
f 2643/2722/56 2645/2724/56 2646/2725/56
f 2647/2726/56 2643/2722/56 2646/2725/56
f 2647/2726/56 2646/2725/56 2648/2727/56
f 2647/2726/56 2648/2727/56 2649/2728/56
f 2647/2726/56 2649/2728/56 2651/2729/56
f 2650/2730/56 2647/2726/56 2651/2729/56
f 2650/2730/56 2651/2729/56 2652/2731/56
f 2653/2732/56 2650/2730/56 2652/2731/56
f 2653/2732/56 2652/2731/56 2654/2733/56
f 2655/2734/56 2653/2732/56 2654/2733/56
f 2655/2734/56 2654/2733/56 2656/2735/56
f 2657/2736/56 2655/2734/56 2656/2735/56
f 2657/2736/56 2656/2735/56 2658/2737/56
f 2659/2738/56 2657/2736/56 2658/2737/56
f 2660/2739/56 2659/2738/56 2658/2737/56
f 2661/2740/56 2660/2739/56 2658/2737/56
f 2661/2740/56 2658/2737/56 2662/2741/56
f 2663/2742/56 2661/2740/56 2662/2741/56
f 2664/2743/56 2663/2742/56 2662/2741/56
f 2665/2744/56 2664/2743/56 2662/2741/56
f 2665/2744/56 2662/2741/56 2666/2745/56
f 2667/2746/56 2665/2744/56 2666/2745/56
f 2668/2747/56 2667/2746/56 2666/2745/56
f 2669/2748/56 2668/2747/56 2666/2745/56
f 2670/2749/91 2669/2748/56 2666/2745/56
f 2671/2750/56 2670/2749/91 2666/2745/56
f 2671/2750/56 2666/2745/56 2672/2751/56
f 2673/2752/56 2671/2750/56 2672/2751/56
f 2674/2753/56 2673/2752/56 2672/2751/56
f 2674/2753/56 2672/2751/56 2675/2754/56
f 2676/2755/56 2674/2753/56 2675/2754/56
f 2677/2756/56 2676/2755/56 2675/2754/56
f 2678/2757/56 2677/2756/56 2675/2754/56
f 2678/2757/56 2675/2754/56 2679/2758/56
f 2680/2759/56 2678/2757/56 2679/2758/56
f 2681/2760/56 2680/2759/56 2679/2758/56
f 2681/2760/56 2679/2758/56 2682/2761/56
f 2683/2762/56 2681/2760/56 2682/2761/56
f 2683/2762/56 2682/2761/56 2684/2763/56
f 2685/2764/56 2683/2762/56 2684/2763/56
f 2686/2765/56 2685/2764/56 2684/2763/56
f 2686/2765/56 2684/2763/56 2687/2766/56
f 2688/2767/56 2686/2765/56 2687/2766/56
f 2688/2767/56 2687/2766/56 2689/2768/56
f 2690/2769/56 2688/2767/56 2689/2768/56
f 2692/2770/56 2691/2771/56 2693/2772/56
f 2692/2770/56 2693/2772/56 2694/2773/56
f 2692/2770/56 2694/2773/56 2695/2774/56
f 2692/2770/56 2695/2774/56 2696/2775/56
f 2692/2770/56 2696/2775/56 2697/2776/56
f 2692/2770/56 2697/2776/56 2698/2777/56
f 2692/2770/56 2698/2777/56 2699/2778/56
f 2692/2770/56 2699/2778/56 2700/2779/56
f 2692/2770/56 2700/2779/56 2701/2780/56
f 2692/2770/56 2701/2780/56 2702/2781/56
f 2692/2770/56 2702/2781/56 2703/2782/56
f 2704/2783/56 2690/2769/56 2689/2768/56
f 2692/2770/56 2703/2782/56 2705/2784/56
f 2704/2783/56 2689/2768/56 2706/2785/56
f 2707/2786/56 2692/2770/56 2705/2784/56
f 2708/2787/56 2704/2783/56 2706/2785/56
f 2707/2786/56 2705/2784/56 2709/2788/56
f 2710/2789/56 2708/2787/56 2706/2785/56
f 2710/2789/56 2706/2785/56 2711/2790/56
f 2707/2786/56 2709/2788/56 2712/2791/56
f 2713/2792/56 2707/2786/56 2712/2791/56
f 2714/2793/56 2710/2789/56 2711/2790/56
f 2713/2792/56 2712/2791/56 2715/2794/56
f 2714/2793/56 2711/2790/56 2716/2795/56
f 2717/2796/56 2714/2793/56 2716/2795/56
f 2713/2792/56 2715/2794/56 2718/2797/56
f 2719/2798/56 2713/2792/56 2718/2797/56
f 2720/2799/56 2717/2796/56 2716/2795/56
f 2719/2798/56 2718/2797/56 2721/2800/56
f 2720/2799/56 2716/2795/56 2722/2801/56
f 2723/2802/56 2720/2799/56 2722/2801/56
f 2719/2798/56 2721/2800/56 2724/2803/56
f 2725/2804/56 2719/2798/56 2724/2803/56
f 2726/2805/56 2723/2802/56 2722/2801/56
f 2725/2804/56 2724/2803/56 2727/2806/56
f 2726/2805/56 2722/2801/56 2728/2807/56
f 2729/2808/56 2726/2805/56 2728/2807/56
f 2725/2804/56 2727/2806/56 2730/2809/56
f 2731/2810/56 2725/2804/56 2730/2809/56
f 2732/2811/56 2729/2808/56 2728/2807/56
f 2731/2810/56 2730/2809/56 2733/2812/98
f 2736/2813/56 2732/2811/56 2728/2807/56
f 2736/2813/56 2728/2807/56 2734/2814/56
f 2731/2810/56 2733/2812/98 2737/2815/56
f 2735/2816/56 2731/2810/56 2737/2815/56
f 2739/2817/56 2736/2813/56 2734/2814/56
f 2735/2816/56 2737/2815/56 2740/2818/56
f 2739/2817/56 2734/2814/56 2738/2819/56
f 2741/2820/56 2735/2816/56 2740/2818/56
f 2742/2821/56 2739/2817/56 2738/2819/56
f 2741/2820/56 2740/2818/56 2743/2822/56
f 2746/2823/56 2742/2821/56 2738/2819/56
f 2741/2820/56 2743/2822/56 2744/2824/56
f 2746/2823/56 2738/2819/56 2745/2825/56
f 2747/2826/56 2741/2820/56 2744/2824/56
f 2748/2827/56 2746/2823/56 2745/2825/56
f 2747/2826/56 2744/2824/56 2749/2828/56
f 2750/2829/56 2748/2827/56 2745/2825/56
f 2747/2826/56 2749/2828/56 2751/2830/56
f 2752/2831/56 2750/2829/56 2745/2825/56
f 2747/2826/56 2751/2830/56 2752/2831/56
f 2747/2826/56 2752/2831/56 2745/2825/56
f 2747/2826/56 2745/2825/56 2753/2832/56
f 2754/2833/56 2747/2826/56 2753/2832/56
f 2754/2833/56 2753/2832/56 2755/2834/56
f 2756/2835/56 2754/2833/56 2755/2834/56
f 2756/2835/56 2755/2834/56 2757/2836/56
f 2758/2837/56 2756/2835/56 2757/2836/56
f 2759/2838/56 2758/2837/56 2757/2836/56
f 2759/2838/56 2757/2836/56 2760/2839/56
f 2759/2838/56 2760/2839/56 2761/2840/56
f 2762/2841/56 2759/2838/56 2761/2840/56
f 2762/2841/56 2761/2840/56 2763/2842/56
f 2764/2843/56 2762/2841/56 2763/2842/56
f 2764/2843/56 2763/2842/56 2765/2844/56
f 2766/2845/56 2764/2843/56 2765/2844/56
f 2766/2845/56 2765/2844/56 2767/2846/56
f 2768/2847/56 2766/2845/56 2767/2846/56
f 2768/2847/56 2767/2846/56 2769/2848/56
f 2770/2849/56 2768/2847/56 2769/2848/56
f 2770/2849/56 2769/2848/56 2771/2850/56
f 2772/2851/56 2770/2849/56 2771/2850/56
f 2772/2851/56 2771/2850/56 2773/2852/56
f 2774/2853/56 2772/2851/56 2773/2852/56
f 2774/2853/56 2773/2852/56 2775/2854/56
f 2776/2855/56 2774/2853/56 2775/2854/56
f 2776/2855/56 2775/2854/56 2777/2856/56
f 2778/2857/56 2776/2855/56 2777/2856/56
f 2778/2857/56 2777/2856/56 2779/2858/56
f 2780/2859/56 2778/2857/56 2779/2858/56
f 2780/2859/56 2779/2858/56 2781/2860/56
f 2783/2861/56 2782/2862/56 2784/2863/56
f 2783/2861/56 2784/2863/56 2785/2864/56
f 2786/2865/56 2783/2861/56 2785/2864/56
f 2786/2865/56 2785/2864/56 2787/2866/56
f 2788/2867/56 2786/2865/56 2787/2866/56
f 2788/2867/56 2787/2866/56 2789/2868/56
f 2790/2869/56 2788/2867/56 2789/2868/56
f 2790/2869/56 2789/2868/56 2791/2870/56
f 2792/2871/56 2790/2869/56 2791/2870/56
f 2792/2871/56 2791/2870/56 2793/2872/56
f 2794/2873/56 2792/2871/56 2793/2872/56
f 2794/2873/56 2793/2872/56 2795/2874/56
f 2796/2875/56 2794/2873/56 2795/2874/56
f 2796/2875/56 2795/2874/56 2797/2876/56
f 2796/2875/56 2797/2876/56 2798/2877/56
f 2799/2878/56 2796/2875/56 2798/2877/56
f 2799/2878/56 2798/2877/56 2800/2879/56
f 2801/2880/56 2799/2878/56 2800/2879/56
f 2801/2880/56 2800/2879/56 2802/2881/56
f 2803/2882/56 2801/2880/56 2802/2881/56
f 2803/2882/56 2802/2881/56 2804/2883/56
f 2805/2884/56 2803/2882/56 2804/2883/56
f 2805/2884/56 2804/2883/56 2806/2885/56
f 2807/2886/56 2805/2884/56 2806/2885/56
f 2807/2886/56 2806/2885/56 2808/2887/56
f 2809/2888/56 2807/2886/56 2808/2887/56
f 2809/2888/56 2808/2887/56 2810/2889/56
f 2811/2890/56 2809/2888/56 2810/2889/56
f 2811/2890/56 2810/2889/56 2812/2891/78
f 2812/2891/78 2810/2889/56 2813/2892/56
f 2811/2890/56 2812/2891/78 2814/2893/76
f 2815/2894/56 2812/2891/78 2813/2892/56
f 2816/2895/56 2815/2894/56 2813/2892/56
f 2811/2890/56 2814/2893/76 2817/2896/99
f 2811/2890/56 2817/2896/99 2818/2897/56
f 2821/2898/56 2816/2895/56 2813/2892/56
f 2811/2890/56 2818/2897/56 2822/2899/56
f 2821/2898/56 2813/2892/56 2819/2900/56
f 2820/2901/56 2811/2890/56 2822/2899/56
f 2823/2902/56 2821/2898/56 2819/2900/56
f 2820/2901/56 2822/2899/56 2824/2903/56
f 2823/2902/56 2819/2900/56 2825/2904/56
f 2826/2905/56 2823/2902/56 2825/2904/56
f 2820/2901/56 2824/2903/56 2827/2906/56
f 2828/2907/56 2820/2901/56 2827/2906/56
f 2828/2907/56 2827/2906/56 2830/2908/56
f 2829/2909/56 2826/2905/56 2825/2904/56
f 2831/2910/56 2829/2909/56 2825/2904/56
f 2831/2910/56 2825/2904/56 2832/2911/56
f 2828/2907/56 2830/2908/56 2833/2912/56
f 2834/2913/56 2831/2910/56 2832/2911/56
f 2828/2907/56 2833/2912/56 2835/2914/56
f 2836/2915/56 2828/2907/56 2835/2914/56
f 2837/2916/56 2834/2913/56 2832/2911/56
f 2837/2916/56 2832/2911/56 2838/2917/56
f 2839/2918/56 2837/2916/56 2838/2917/56
f 2836/2915/56 2835/2914/56 2840/2919/56
f 2841/2920/79 2839/2918/56 2838/2917/56
f 2841/2920/79 2838/2917/56 2842/2921/56
f 2843/2922/56 2841/2920/79 2842/2921/56
f 2844/2923/56 2836/2915/56 2840/2919/56
f 2844/2923/56 2840/2919/56 2845/2924/56
f 2846/2925/56 2843/2922/56 2842/2921/56
f 2846/2925/56 2842/2921/56 2847/2926/56
f 2848/2927/56 2846/2925/56 2847/2926/56
f 2844/2923/56 2845/2924/56 2849/2928/56
f 2850/2929/56 2848/2927/56 2847/2926/56
f 2851/2930/56 2844/2923/56 2849/2928/56
f 2850/2929/56 2847/2926/56 2852/2931/56
f 2853/2932/56 2850/2929/56 2852/2931/56
f 2851/2930/56 2849/2928/56 2854/2933/56
f 2855/2934/79 2853/2932/56 2852/2931/56
f 2855/2934/79 2852/2931/56 2856/2935/56
f 2857/2936/56 2855/2934/79 2856/2935/56
f 2858/2937/56 2851/2930/56 2854/2933/56
f 2859/2938/97 2857/2936/1 2856/2935/65
f 2860/2939/1 2859/2938/97 2856/2935/64
f 2861/2940/80 2860/2939/1 2856/2935/64
f 2862/2941/81 2861/2940/80 2856/2935/64
f 2863/2942/80 2862/2941/81 2856/2935/64
f 2864/2943/81 2863/2942/80 2856/2935/64
f 2865/2944/1 2864/2943/81 2856/2935/64
f 2866/2945/1 2865/2944/1 2856/2935/64
f 2867/2946/1 2866/2945/1 2856/2935/64
f 2858/2937/56 2854/2933/56 2868/2947/56
f 2858/2937/56 2868/2947/56 2869/2948/56
f 2870/2949/56 2858/2937/56 2869/2948/56
f 2870/2949/56 2869/2948/56 2871/2950/56
f 2872/2951/56 2870/2949/56 2871/2950/56
f 2872/2951/56 2871/2950/56 2873/2952/89
f 2874/2953/83 2872/2951/56 2873/2952/89
f 2874/2953/83 2873/2952/89 2875/2954/100
f 2876/2955/85 2874/2953/83 2875/2954/100
f 2876/2955/85 2875/2954/100 2877/2956/86
f 2878/2957/87 2876/2955/85 2877/2956/86
f 2878/2957/87 2877/2956/86 2879/2958/88
f 2878/2957/87 2879/2958/88 2880/2959/89
f 2881/2960/56 2878/2957/87 2880/2959/89
f 2881/2960/56 2880/2959/89 2882/2961/56
f 2883/2962/56 2881/2960/56 2882/2961/56
f 2883/2962/56 2882/2961/56 2884/2963/56
f 2885/2964/56 2883/2962/56 2884/2963/56
f 2885/2964/56 2884/2963/56 2886/2965/56
f 2887/2966/56 2885/2964/56 2886/2965/56
f 2887/2966/56 2886/2965/56 2888/2967/56
f 2890/2968/56 2889/2969/101 2891/2970/56
f 2890/2968/56 2891/2970/56 2892/2971/56
f 2887/2966/56 2888/2967/56 2893/2972/56
f 2894/2973/56 2887/2966/56 2893/2972/56
f 2895/2974/56 2890/2968/56 2892/2971/56
f 2895/2974/56 2892/2971/56 2896/2975/56
f 2897/2976/56 2895/2974/56 2896/2975/56
f 2894/2973/56 2893/2972/56 2898/2977/56
f 2899/2978/56 2897/2976/56 2896/2975/56
f 2899/2978/56 2896/2975/56 2900/2979/56
f 2901/2980/56 2894/2973/56 2898/2977/56
f 2902/2981/56 2899/2978/56 2900/2979/56
f 2901/2980/56 2898/2977/56 2903/2982/56
f 2904/2983/56 2902/2981/56 2900/2979/56
f 2904/2983/56 2900/2979/56 2905/2984/56
f 2906/2985/56 2904/2983/56 2905/2984/56
f 2901/2980/56 2903/2982/56 2907/2986/56
f 2908/2987/56 2906/2985/56 2905/2984/56
f 2909/2988/56 2901/2980/56 2907/2986/56
f 2908/2987/56 2905/2984/56 2910/2989/56
f 2911/2990/56 2908/2987/56 2910/2989/56
f 2909/2988/56 2907/2986/56 2912/2991/56
f 2913/2992/56 2911/2990/56 2910/2989/56
f 2913/2992/56 2910/2989/56 2914/2993/56
f 2915/2994/56 2913/2992/56 2914/2993/56
f 2916/2995/56 2909/2988/56 2912/2991/56
f 2916/2995/56 2912/2991/56 2917/2996/56
f 2918/2997/56 2915/2994/56 2914/2993/56
f 2918/2997/56 2914/2993/56 2919/2998/56
f 2916/2995/56 2917/2996/56 2920/2999/56
f 2921/3000/56 2916/2995/56 2920/2999/56
f 2922/3001/56 2918/2997/56 2919/2998/56
f 2921/3000/56 2920/2999/56 2924/3002/56
f 2925/3003/56 2922/3001/56 2919/2998/56
f 2925/3003/56 2919/2998/56 2923/3004/56
f 2927/3005/56 2925/3003/56 2923/3004/56
f 2921/3000/56 2924/3002/56 2926/3006/56
f 2930/3007/92 2927/3005/56 2923/3004/56
f 2928/3008/56 2921/3000/56 2926/3006/56
f 2928/3008/56 2926/3006/56 2929/3009/56
f 2928/3008/56 2929/3009/56 2931/3010/56
f 2932/3011/56 2930/3007/92 2923/3004/56
f 2932/3011/56 2923/3004/56 2933/3012/56
f 2928/3008/56 2931/3010/56 2934/3013/56
f 2934/3013/56 2932/3011/56 2933/3012/56
f 2928/3008/56 2934/3013/56 2933/3012/56
f 2928/3008/56 2933/3012/56 2935/3014/56
f 2936/3015/56 2928/3008/56 2935/3014/56
f 2936/3015/56 2935/3014/56 2937/3016/56
f 2938/3017/56 2936/3015/56 2937/3016/56
f 2938/3017/56 2937/3016/56 2939/3018/56
f 2940/3019/56 2938/3017/56 2939/3018/56
f 2940/3019/56 2939/3018/56 2941/3020/56
f 2942/3021/56 2940/3019/56 2941/3020/56
f 2942/3021/56 2941/3020/56 2943/3022/56
f 2944/3023/56 2942/3021/56 2943/3022/56
f 2944/3023/56 2943/3022/56 2945/3024/96
f 2946/3025/56 2944/3023/56 2945/3024/96
f 2946/3025/56 2945/3024/96 2947/3026/56
f 2948/3027/56 2946/3025/56 2947/3026/56
f 2948/3027/56 2947/3026/56 2949/3028/56
f 2950/3029/56 2948/3027/56 2949/3028/56
f 2950/3029/56 2949/3028/56 2951/3030/56
f 2950/3029/56 2951/3030/56 2952/3031/56
f 2953/3032/56 2950/3029/56 2952/3031/56
f 2953/3032/56 2952/3031/56 2954/3033/56
f 2955/3034/56 2953/3032/56 2954/3033/56
f 2955/3034/56 2954/3033/56 2956/3035/56
f 2957/3036/56 2955/3034/56 2956/3035/56
f 2957/3036/56 2956/3035/56 2958/3037/56
f 2959/3038/56 2957/3036/56 2958/3037/56
f 2959/3038/56 2958/3037/56 2960/3039/56
f 2961/3040/56 2959/3038/56 2960/3039/56
f 2963/3041/56 2962/3042/56 2964/3043/56
f 2963/3041/56 2964/3043/56 2965/3044/56
f 2967/3045/56 2966/3046/56 2968/3047/56
f 2967/3045/56 2968/3047/56 2969/3048/56
f 2963/3041/56 2965/3044/56 2970/3049/56
f 2970/3049/56 2965/3044/56 2967/3045/56
f 2970/3049/56 2967/3045/56 2971/3050/56
f 2971/3050/56 2967/3045/56 2969/3048/56
f 2963/3041/56 2970/3049/56 2972/3051/56
f 2973/3052/56 2971/3050/56 2969/3048/56
f 2975/3053/56 2974/3054/56 2976/3055/56
f 2975/3053/56 2976/3055/56 2977/3056/56
f 2979/3057/56 2978/3058/56 2980/3059/56
f 2980/3059/56 2978/3058/56 2981/3060/56
f 2980/3059/56 2981/3060/56 2982/3061/56
f 2979/3057/56 2980/3059/56 2983/3062/56
f 2979/3057/56 2983/3062/56 2984/3063/56
f 2984/3063/56 2983/3062/56 2985/3064/56
f 2984/3063/56 2985/3064/56 2986/3065/56
f 2979/3057/56 2984/3063/56 2987/3066/56
f 2979/3057/56 2987/3066/56 2988/3067/56
f 2979/3057/56 2988/3067/56 2989/3068/56
f 2991/3069/56 2990/3070/56 2992/3071/56
f 2991/3069/56 2992/3071/56 2993/3072/56
f 2995/3073/56 2994/3074/56 2996/3075/56
f 2995/3073/56 2996/3075/56 2997/3076/56
f 2991/3069/56 2993/3072/56 2998/3077/56
f 2998/3077/56 2993/3072/56 2995/3073/56
f 2998/3077/56 2995/3073/56 2999/3078/56
f 2999/3078/56 2995/3073/56 2997/3076/56
f 2991/3069/56 2998/3077/56 3000/3079/56
f 3001/3080/56 2999/3078/56 2997/3076/56
f 3003/3081/56 3002/3082/56 3004/3083/56
f 3005/3084/56 3003/3081/56 3004/3083/56
f 3005/3084/56 3004/3083/56 3006/3085/56
f 3007/3086/56 3005/3084/56 3006/3085/56
f 3007/3086/56 3006/3085/56 3008/3087/56
f 3009/3088/56 3007/3086/56 3008/3087/56
f 3009/3088/56 3008/3087/56 3010/3089/56
f 3011/3090/56 3009/3088/56 3010/3089/56
f 3011/3090/56 3010/3089/56 3012/3091/56
f 3013/3092/56 3011/3090/56 3012/3091/56
f 3013/3092/56 3012/3091/56 3014/3093/56
f 3015/3094/56 3013/3092/56 3014/3093/56
f 3015/3094/56 3014/3093/56 3016/3095/56
f 3017/3096/56 3015/3094/56 3016/3095/56
f 3017/3096/56 3016/3095/56 3018/3097/56
f 3019/3098/56 3017/3096/56 3018/3097/56
f 3019/3098/56 3018/3097/56 3020/3099/56
f 3021/3100/56 3019/3098/56 3020/3099/56
f 3021/3100/56 3020/3099/56 3022/3101/56
f 3023/3102/56 3021/3100/56 3022/3101/56
f 3023/3102/56 3022/3101/56 3024/3103/56
f 3025/3104/56 3023/3102/56 3024/3103/56
f 3025/3104/56 3024/3103/56 3026/3105/56
f 3027/3106/56 3025/3104/56 3026/3105/56
f 3027/3106/56 3026/3105/56 3028/3107/56
f 3027/3106/56 3028/3107/56 3029/3108/56
f 3030/3109/56 3027/3106/56 3031/3110/56
f 3031/3110/56 3027/3106/56 3029/3108/56
f 3030/3109/56 3031/3110/56 3032/3111/56
f 3033/3112/56 3031/3110/56 3029/3108/56
f 3030/3109/56 3032/3111/56 3034/3113/56
f 3035/3114/56 3033/3112/56 3029/3108/56
f 3030/3109/56 3034/3113/56 3036/3115/102
f 3037/3116/56 3035/3114/56 3029/3108/56
f 3030/3109/56 3036/3115/102 3040/3117/56
f 3041/3118/56 3037/3116/56 3029/3108/56
f 3041/3118/56 3029/3108/56 3038/3119/56
f 3039/3120/56 3030/3109/56 3040/3117/56
f 3039/3120/56 3040/3117/56 3042/3121/56
f 3043/3122/56 3041/3118/56 3038/3119/56
f 3039/3120/56 3042/3121/56 3044/3123/56
f 3045/3124/56 3043/3122/56 3038/3119/56
f 3045/3124/56 3038/3119/56 3046/3125/56
f 3047/3126/56 3039/3120/56 3044/3123/56
f 3047/3126/56 3044/3123/56 3048/3127/56
f 3049/3128/56 3045/3124/56 3046/3125/56
f 3047/3126/56 3048/3127/56 3050/3129/56
f 3051/3130/56 3049/3128/56 3046/3125/56
f 3051/3130/56 3046/3125/56 3052/3131/56
f 3053/3132/56 3047/3126/56 3050/3129/56
f 3053/3132/56 3050/3129/56 3054/3133/56
f 3055/3134/56 3051/3130/56 3052/3131/56
f 3053/3132/56 3054/3133/56 3056/3135/56
f 3057/3136/56 3055/3134/56 3052/3131/56
f 3057/3136/56 3052/3131/56 3058/3137/56
f 3059/3138/56 3053/3132/56 3056/3135/56
f 3059/3138/56 3056/3135/56 3060/3139/56
f 3061/3140/56 3057/3136/56 3058/3137/56
f 3059/3138/56 3060/3139/56 3062/3141/56
f 3063/3142/56 3061/3140/56 3058/3137/56
f 3063/3142/56 3058/3137/56 3064/3143/56
f 3065/3144/56 3059/3138/56 3062/3141/56
f 3065/3144/56 3062/3141/56 3066/3145/56
f 3067/3146/56 3063/3142/56 3064/3143/56
f 3067/3146/56 3064/3143/56 3068/3147/56
f 3069/3148/56 3065/3144/56 3066/3145/56
f 3069/3148/56 3066/3145/56 3070/3149/56
f 3071/3150/56 3067/3146/56 3068/3147/56
f 3069/3148/56 3070/3149/56 3072/3151/56
f 3073/3152/56 3071/3150/56 3068/3147/56
f 3073/3152/56 3068/3147/56 3074/3153/56
f 3075/3154/56 3069/3148/56 3072/3151/56
f 3075/3154/56 3072/3151/56 3076/3155/56
f 3077/3156/56 3073/3152/56 3074/3153/56
f 3077/3156/56 3074/3153/56 3078/3157/56
f 3079/3158/56 3075/3154/56 3076/3155/56
f 3079/3158/56 3076/3155/56 3080/3159/89
f 3081/3160/103 3077/3156/56 3078/3157/56
f 3081/3160/103 3078/3157/56 3082/3161/104
f 3083/3162/105 3079/3158/56 3080/3159/89
f 3083/3162/105 3080/3159/89 3084/3163/84
f 3085/3164/106 3081/3160/103 3082/3161/104
f 3085/3164/106 3082/3161/104 3086/3165/107
f 3087/3166/108 3083/3162/105 3084/3163/84
f 3087/3166/108 3084/3163/84 3088/3167/109
f 3089/3168/110 3085/3164/106 3086/3165/107
f 3090/3169/111 3087/3166/108 3088/3167/109
f 3090/3169/111 3088/3167/109 3091/3170/112
f 3092/3171/106 3089/3168/110 3086/3165/107
f 3092/3171/106 3086/3165/107 3093/3172/104
f 3090/3169/111 3091/3170/112 3094/3173/89
f 3095/3174/103 3092/3171/106 3093/3172/104
f 3095/3174/103 3093/3172/104 3096/3175/56
f 3097/3176/56 3090/3169/111 3094/3173/89
f 3097/3176/56 3094/3173/89 3098/3177/56
f 3099/3178/56 3095/3174/103 3096/3175/56
f 3099/3178/56 3096/3175/56 3100/3179/56
f 3101/3180/56 3097/3176/56 3098/3177/56
f 3101/3180/56 3098/3177/56 3102/3181/56
f 3103/3182/56 3099/3178/56 3100/3179/56
f 3103/3182/56 3100/3179/56 3104/3183/56
f 3105/3184/56 3101/3180/56 3102/3181/56
f 3105/3184/56 3102/3181/56 3106/3185/56
f 3107/3186/56 3103/3182/56 3104/3183/56
f 3107/3186/56 3104/3183/56 3108/3187/56
f 3109/3188/56 3105/3184/56 3106/3185/56
f 3109/3188/56 3106/3185/56 3110/3189/56
f 3111/3190/56 3107/3186/56 3108/3187/56
f 3109/3188/56 3110/3189/56 3112/3191/56
f 3113/3192/56 3111/3190/56 3108/3187/56
f 3113/3192/56 3108/3187/56 3114/3193/56
f 3115/3194/56 3109/3188/56 3112/3191/56
f 3115/3194/56 3112/3191/56 3116/3195/56
f 3117/3196/56 3113/3192/56 3114/3193/56
f 3117/3196/56 3114/3193/56 3118/3197/56
f 3119/3198/56 3115/3194/56 3116/3195/56
f 3119/3198/56 3116/3195/56 3120/3199/56
f 3121/3200/56 3117/3196/56 3118/3197/56
f 3119/3198/56 3120/3199/56 3122/3201/56
f 3123/3202/56 3121/3200/56 3118/3197/56
f 3123/3202/56 3118/3197/56 3124/3203/56
f 3125/3204/56 3119/3198/56 3122/3201/56
f 3125/3204/56 3122/3201/56 3126/3205/56
f 3127/3206/56 3123/3202/56 3124/3203/56
f 3125/3204/56 3126/3205/56 3130/3207/56
f 3131/3208/56 3127/3206/56 3124/3203/56
f 3131/3208/56 3124/3203/56 3128/3209/56
f 3129/3210/56 3125/3204/56 3130/3207/56
f 3133/3211/56 3131/3208/56 3128/3209/56
f 3129/3210/56 3130/3207/56 3132/3212/56
f 3133/3211/56 3128/3209/56 3134/3213/56
f 3135/3214/56 3129/3210/56 3132/3212/56
f 3135/3214/56 3132/3212/56 3136/3215/56
f 3137/3216/56 3133/3211/56 3134/3213/56
f 3135/3214/56 3136/3215/56 3138/3217/56
f 3139/3218/56 3137/3216/56 3134/3213/56
f 3135/3214/56 3138/3217/56 3140/3219/56
f 3139/3218/56 3134/3213/56 3141/3220/56
f 3142/3221/56 3135/3214/56 3140/3219/56
f 3142/3221/56 3140/3219/56 3143/3222/56
f 3144/3223/56 3139/3218/56 3141/3220/56
f 3142/3221/56 3143/3222/56 3145/3224/56
f 3146/3225/56 3144/3223/56 3141/3220/56
f 3142/3221/56 3145/3224/56 3147/3226/56
f 3147/3226/56 3146/3225/56 3141/3220/56
f 3142/3221/56 3147/3226/56 3141/3220/56
f 3142/3221/56 3141/3220/56 3148/3227/56
f 3149/3228/56 3142/3221/56 3148/3227/56
f 3150/3229/56 3149/3228/56 3148/3227/56
f 3150/3229/56 3148/3227/56 3151/3230/56
f 3152/3231/56 3150/3229/56 3151/3230/56
f 3152/3231/56 3151/3230/56 3153/3232/56
f 3154/3233/56 3152/3231/56 3153/3232/56
f 3154/3233/56 3153/3232/56 3155/3234/56
f 3156/3235/56 3154/3233/56 3155/3234/56
f 3156/3235/56 3155/3234/56 3157/3236/56
f 3158/3237/56 3156/3235/56 3157/3236/56
f 3158/3237/56 3157/3236/56 3159/3238/56
f 3160/3239/56 3158/3237/56 3159/3238/56
f 3160/3239/56 3159/3238/56 3161/3240/56
f 3162/3241/56 3160/3239/56 3161/3240/56
f 3162/3241/56 3161/3240/56 3163/3242/56
f 3164/3243/56 3162/3241/56 3163/3242/56
f 3164/3243/56 3163/3242/56 3165/3244/56
f 3166/3245/56 3164/3243/56 3165/3244/56
f 3166/3245/56 3165/3244/56 3167/3246/56
f 3168/3247/56 3166/3245/56 3167/3246/56
f 3168/3247/56 3167/3246/56 3169/3248/56
f 3170/3249/56 3168/3247/56 3169/3248/56
f 3170/3249/56 3169/3248/56 3171/3250/56
f 3172/3251/56 3170/3249/56 3171/3250/56
f 3174/3252/56 3173/3253/56 3175/3254/56
f 3174/3252/56 3175/3254/56 3176/3255/56
f 3177/3256/56 3174/3252/56 3176/3255/56
f 3177/3256/56 3176/3255/56 3178/3257/56
f 3179/3258/56 3177/3256/56 3178/3257/56
f 3179/3258/56 3178/3257/56 3180/3259/56
f 3181/3260/56 3179/3258/56 3180/3259/56
f 3181/3260/56 3180/3259/56 3182/3261/56
f 3183/3262/56 3181/3260/56 3182/3261/56
f 3183/3262/56 3182/3261/56 3184/3263/56
f 3185/3264/56 3183/3262/56 3184/3263/56
f 3185/3264/56 3184/3263/56 3186/3265/56
f 3187/3266/56 3185/3264/56 3186/3265/56
f 3187/3266/56 3186/3265/56 3188/3267/113
f 3187/3266/56 3188/3267/113 3189/3268/56
f 3190/3269/56 3187/3266/56 3189/3268/56
f 3190/3269/56 3189/3268/56 3191/3270/56
f 3192/3271/56 3190/3269/56 3191/3270/56
f 3192/3271/56 3191/3270/56 3193/3272/56
f 3194/3273/56 3192/3271/56 3193/3272/56
f 3194/3273/56 3193/3272/56 3195/3274/56
f 3196/3275/56 3194/3273/56 3195/3274/56
f 3196/3275/56 3195/3274/56 3197/3276/56
f 3198/3277/56 3196/3275/56 3197/3276/56
f 3198/3277/56 3197/3276/56 3199/3278/56
f 3200/3279/56 3198/3277/56 3199/3278/56
f 3200/3279/56 3199/3278/56 3201/3280/56
f 3202/3281/56 3200/3279/56 3201/3280/56
f 3202/3281/56 3201/3280/56 3203/3282/75
f 3203/3282/75 3201/3280/56 3204/3283/56
f 3202/3281/56 3203/3282/75 3205/3284/76
f 3206/3285/56 3203/3282/75 3204/3283/56
f 3207/3286/56 3206/3285/56 3204/3283/56
f 3202/3281/56 3205/3284/76 3208/3287/75
f 3202/3281/56 3208/3287/75 3210/3288/56
f 3209/3289/56 3207/3286/56 3204/3283/56
f 3209/3289/56 3204/3283/56 3211/3290/56
f 3212/3291/56 3202/3281/56 3210/3288/56
f 3213/3292/56 3209/3289/56 3211/3290/56
f 3212/3291/56 3210/3288/56 3214/3293/56
f 3215/3294/56 3213/3292/56 3211/3290/56
f 3212/3291/56 3214/3293/56 3216/3295/56
f 3215/3294/56 3211/3290/56 3217/3296/56
f 3218/3297/56 3215/3294/56 3217/3296/56
f 3212/3291/56 3216/3295/56 3220/3298/56
f 3219/3299/56 3212/3291/56 3220/3298/56
f 3221/3300/56 3218/3297/56 3217/3296/56
f 3222/3301/56 3221/3300/56 3217/3296/56
f 3222/3301/56 3217/3296/56 3223/3302/56
f 3219/3299/56 3220/3298/56 3224/3303/56
f 3225/3304/56 3222/3301/56 3223/3302/56
f 3219/3299/56 3224/3303/56 3226/3305/56
f 3227/3306/56 3219/3299/56 3226/3305/56
f 3228/3307/56 3225/3304/56 3223/3302/56
f 3228/3307/56 3223/3302/56 3229/3308/56
f 3230/3309/56 3228/3307/56 3229/3308/56
f 3227/3306/56 3226/3305/56 3231/3310/56
f 3232/3311/56 3230/3309/56 3229/3308/56
f 3232/3311/56 3229/3308/56 3233/3312/56
f 3234/3313/56 3232/3311/56 3233/3312/56
f 3235/3314/56 3227/3306/56 3231/3310/56
f 3235/3314/56 3231/3310/56 3236/3315/56
f 3237/3316/56 3234/3313/56 3233/3312/56
f 3237/3316/56 3233/3312/56 3238/3317/56
f 3239/3318/56 3237/3316/56 3238/3317/56
f 3235/3314/56 3236/3315/56 3240/3319/56
f 3241/3320/56 3239/3318/56 3238/3317/56
f 3242/3321/56 3235/3314/56 3240/3319/56
f 3241/3320/56 3238/3317/56 3243/3322/56
f 3244/3323/114 3241/3320/56 3243/3322/56
f 3242/3321/56 3240/3319/56 3245/3324/56
f 3246/3325/99 3244/3323/114 3243/3322/56
f 3246/3325/99 3243/3322/56 3247/3326/56
f 3248/3327/115 3246/3325/99 3247/3326/56
f 3249/3328/56 3242/3321/56 3245/3324/56
f 3250/3329/1 3248/3327/1 3247/3326/1
f 3251/3330/1 3250/3329/1 3247/3326/1
f 3252/3331/1 3251/3330/1 3247/3326/1
f 3253/3332/1 3252/3331/1 3247/3326/1
f 3254/3333/1 3253/3332/1 3247/3326/1
f 3255/3334/1 3254/3333/1 3247/3326/1
f 3256/3335/1 3255/3334/1 3247/3326/1
f 3257/3336/1 3256/3335/1 3247/3326/1
f 3258/3337/1 3257/3336/1 3247/3326/1
f 3249/3328/56 3245/3324/56 3259/3338/56
f 3249/3328/56 3259/3338/56 3260/3339/56
f 3261/3340/56 3249/3328/56 3260/3339/56
f 3261/3340/56 3260/3339/56 3262/3341/56
f 3263/3342/116 3261/3340/56 3262/3341/56
f 3263/3342/116 3262/3341/56 3264/3343/89
f 3265/3344/83 3263/3342/116 3264/3343/89
f 3265/3344/83 3264/3343/89 3266/3345/84
f 3267/3346/85 3265/3344/83 3266/3345/84
f 3267/3346/85 3266/3345/84 3268/3347/109
f 3269/3348/87 3267/3346/85 3268/3347/109
f 3269/3348/87 3268/3347/109 3270/3349/112
f 3269/3348/87 3270/3349/112 3271/3350/89
f 3272/3351/117 3269/3348/87 3271/3350/89
f 3272/3351/117 3271/3350/89 3273/3352/56
f 3274/3353/56 3272/3351/117 3273/3352/56
f 3274/3353/56 3273/3352/56 3275/3354/56
f 3276/3355/56 3274/3353/56 3275/3354/56
f 3276/3355/56 3275/3354/56 3277/3356/56
f 3278/3357/56 3276/3355/56 3277/3356/56
f 3278/3357/56 3277/3356/56 3279/3358/56
f 3281/3359/56 3280/3360/118 3282/3361/56
f 3281/3359/56 3282/3361/56 3283/3362/56
f 3278/3357/56 3279/3358/56 3284/3363/56
f 3285/3364/56 3278/3357/56 3284/3363/56
f 3286/3365/56 3281/3359/56 3283/3362/56
f 3286/3365/56 3283/3362/56 3287/3366/56
f 3288/3367/56 3286/3365/56 3287/3366/56
f 3285/3364/56 3284/3363/56 3289/3368/56
f 3290/3369/56 3288/3367/56 3287/3366/56
f 3290/3369/56 3287/3366/56 3291/3370/56
f 3292/3371/56 3285/3364/56 3289/3368/56
f 3293/3372/56 3290/3369/56 3291/3370/56
f 3292/3371/56 3289/3368/56 3294/3373/56
f 3295/3374/56 3293/3372/56 3291/3370/56
f 3295/3374/56 3291/3370/56 3296/3375/56
f 3297/3376/56 3295/3374/56 3296/3375/56
f 3292/3371/56 3294/3373/56 3298/3377/56
f 3299/3378/56 3297/3376/56 3296/3375/56
f 3300/3379/56 3292/3371/56 3298/3377/56
f 3299/3378/56 3296/3375/56 3301/3380/56
f 3302/3381/56 3299/3378/56 3301/3380/56
f 3300/3379/56 3298/3377/56 3303/3382/56
f 3304/3383/56 3302/3381/56 3301/3380/56
f 3304/3383/56 3301/3380/56 3305/3384/56
f 3306/3385/98 3304/3383/56 3305/3384/56
f 3307/3386/56 3300/3379/56 3303/3382/56
f 3307/3386/56 3303/3382/56 3309/3387/56
f 3308/3388/56 3306/3385/98 3305/3384/56
f 3308/3388/56 3305/3384/56 3310/3389/56
f 3311/3390/93 3308/3388/56 3310/3389/56
f 3307/3386/56 3309/3387/56 3313/3391/56
f 3312/3392/56 3307/3386/56 3313/3391/56
f 3314/3393/56 3311/3390/93 3310/3389/56
f 3314/3393/56 3310/3389/56 3315/3394/56
f 3312/3392/56 3313/3391/56 3316/3395/56
f 3317/3396/56 3314/3393/56 3315/3394/56
f 3318/3397/56 3317/3396/56 3315/3394/56
f 3312/3392/56 3316/3395/56 3319/3398/56
f 3322/3399/92 3318/3397/56 3315/3394/56
f 3320/3400/56 3312/3392/56 3319/3398/56
f 3320/3400/56 3319/3398/56 3321/3401/56
f 3320/3400/56 3321/3401/56 3323/3402/56
f 3324/3403/56 3322/3399/92 3315/3394/56
f 3324/3403/56 3315/3394/56 3325/3404/56
f 3320/3400/56 3323/3402/56 3326/3405/56
f 3326/3405/56 3324/3403/56 3325/3404/56
f 3320/3400/56 3326/3405/56 3325/3404/56
f 3320/3400/56 3325/3404/56 3327/3406/56
f 3328/3407/56 3320/3400/56 3327/3406/56
f 3328/3407/56 3327/3406/56 3329/3408/56
f 3330/3409/56 3328/3407/56 3329/3408/56
f 3330/3409/56 3329/3408/56 3331/3410/56
f 3332/3411/56 3330/3409/56 3331/3410/56
f 3332/3411/56 3331/3410/56 3333/3412/56
f 3334/3413/56 3332/3411/56 3333/3412/56
f 3334/3413/56 3333/3412/56 3335/3414/56
f 3336/3415/56 3334/3413/56 3335/3414/56
f 3336/3415/56 3335/3414/56 3337/3416/56
f 3338/3417/56 3336/3415/56 3337/3416/56
f 3338/3417/56 3337/3416/56 3339/3418/56
f 3340/3419/56 3338/3417/56 3339/3418/56
f 3340/3419/56 3339/3418/56 3341/3420/56
f 3342/3421/56 3340/3419/56 3341/3420/56
f 3342/3421/56 3341/3420/56 3343/3422/56
f 3342/3421/56 3343/3422/56 3344/3423/56
f 3345/3424/56 3342/3421/56 3344/3423/56
f 3345/3424/56 3344/3423/56 3346/3425/56
f 3347/3426/56 3345/3424/56 3346/3425/56
f 3347/3426/56 3346/3425/56 3348/3427/56
f 3349/3428/56 3347/3426/56 3348/3427/56
f 3349/3428/56 3348/3427/56 3350/3429/56
f 3351/3430/56 3349/3428/56 3350/3429/56
f 3351/3430/56 3350/3429/56 3352/3431/56
f 3353/3432/56 3351/3430/56 3352/3431/56
f 3355/3433/56 3354/3434/56 3356/3435/56
f 3355/3433/56 3356/3435/56 3357/3436/56
f 3359/3437/56 3358/3438/56 3360/3439/56
f 3359/3437/56 3360/3439/56 3361/3440/56
f 3355/3433/56 3357/3436/56 3362/3441/56
f 3362/3441/56 3357/3436/56 3359/3437/56
f 3362/3441/56 3359/3437/56 3363/3442/56
f 3363/3442/56 3359/3437/56 3361/3440/56
f 3355/3433/56 3362/3441/56 3364/3443/56
f 3365/3444/56 3363/3442/56 3361/3440/56
f 3367/3445/56 3366/3446/56 3368/3447/56
f 3369/3448/56 3367/3445/56 3368/3447/56
f 3369/3448/56 3368/3447/56 3370/3449/56
f 3371/3450/56 3369/3448/56 3370/3449/56
f 3371/3450/56 3370/3449/56 3372/3451/56
f 3373/3452/56 3371/3450/56 3372/3451/56
f 3373/3452/56 3372/3451/56 3374/3453/56
f 3375/3454/56 3373/3452/56 3374/3453/56
f 3375/3454/56 3374/3453/56 3376/3455/56
f 3377/3456/56 3375/3454/56 3376/3455/56
f 3377/3456/56 3376/3455/56 3378/3457/56
f 3379/3458/56 3377/3456/56 3378/3457/56
f 3379/3458/56 3378/3457/56 3380/3459/56
f 3381/3460/56 3379/3458/56 3380/3459/56
f 3381/3460/56 3380/3459/56 3382/3461/56
f 3383/3462/56 3381/3460/56 3382/3461/56
f 3383/3462/56 3382/3461/56 3384/3463/56
f 3385/3464/56 3383/3462/56 3384/3463/56
f 3385/3464/56 3384/3463/56 3386/3465/56
f 3387/3466/56 3385/3464/56 3386/3465/56
f 3387/3466/56 3386/3465/56 3388/3467/56
f 3389/3468/56 3387/3466/56 3388/3467/56
f 3389/3468/56 3388/3467/56 3390/3469/56
f 3391/3470/56 3389/3468/56 3390/3469/56
f 3391/3470/56 3390/3469/56 3392/3471/56
f 3393/3472/56 3391/3470/56 3392/3471/56
f 3393/3472/56 3392/3471/56 3394/3473/56
f 3395/3474/56 3393/3472/56 3394/3473/56
f 3395/3474/56 3394/3473/56 3396/3475/56
f 3397/3476/56 3395/3474/56 3396/3475/56
f 3397/3476/56 3396/3475/56 3398/3477/75
f 3398/3477/75 3396/3475/56 3399/3478/56
f 3397/3476/56 3398/3477/75 3400/3479/76
f 3401/3480/94 3398/3477/75 3399/3478/56
f 3397/3476/56 3400/3479/76 3403/3481/56
f 3402/3482/56 3401/3480/94 3399/3478/56
f 3404/3483/56 3402/3482/56 3399/3478/56
f 3405/3484/56 3397/3476/56 3403/3481/56
f 3405/3484/56 3403/3481/56 3407/3485/56
f 3404/3483/56 3399/3478/56 3406/3486/56
f 3408/3487/56 3404/3483/56 3406/3486/56
f 3405/3484/56 3407/3485/56 3410/3488/56
f 3409/3489/56 3408/3487/56 3406/3486/56
f 3411/3490/56 3409/3489/56 3406/3486/56
f 3405/3484/56 3410/3488/56 3414/3491/56
f 3411/3490/56 3406/3486/56 3412/3492/56
f 3413/3493/56 3405/3484/56 3414/3491/56
f 3415/3494/56 3411/3490/56 3412/3492/56
f 3413/3493/56 3414/3491/56 3416/3495/56
f 3417/3496/56 3415/3494/56 3412/3492/56
f 3417/3496/56 3412/3492/56 3418/3497/56
f 3419/3498/56 3413/3493/56 3416/3495/56
f 3419/3498/56 3416/3495/56 3420/3499/119
f 3421/3500/56 3417/3496/56 3418/3497/56
f 3419/3498/56 3420/3499/119 3422/3501/77
f 3423/3502/56 3421/3500/56 3418/3497/56
f 3419/3498/56 3422/3501/77 3424/3503/119
f 3423/3502/56 3418/3497/56 3425/3504/56
f 3426/3505/56 3419/3498/56 3424/3503/119
f 3427/3506/56 3423/3502/56 3425/3504/56
f 3426/3505/56 3424/3503/119 3428/3507/56
f 3429/3508/56 3427/3506/56 3425/3504/56
f 3426/3505/56 3428/3507/56 3430/3509/56
f 3429/3508/56 3425/3504/56 3431/3510/56
f 3432/3511/56 3426/3505/56 3430/3509/56
f 3433/3512/56 3429/3508/56 3431/3510/56
f 3432/3511/56 3430/3509/56 3434/3513/56
f 3435/3514/79 3433/3512/56 3431/3510/56
f 3435/3514/79 3431/3510/56 3436/3515/56
f 3432/3511/56 3434/3513/56 3437/3516/56
f 3438/3517/56 3432/3511/56 3437/3516/56
f 3439/3518/78 3435/3514/79 3436/3515/56
f 3438/3517/56 3437/3516/56 3440/3519/56
f 3441/3520/56 3439/3518/78 3436/3515/56
f 3441/3520/56 3436/3515/56 3442/3521/56
f 3443/3522/56 3438/3517/56 3440/3519/56
f 3443/3522/56 3440/3519/56 3444/3523/56
f 3445/3524/56 3441/3520/56 3442/3521/56
f 3443/3522/56 3444/3523/56 3446/3525/56
f 3447/3526/56 3445/3524/56 3442/3521/56
f 3447/3526/56 3442/3521/56 3448/3527/56
f 3449/3528/56 3443/3522/56 3446/3525/56
f 3449/3528/56 3446/3525/56 3450/3529/56
f 3451/3530/56 3447/3526/56 3448/3527/56
f 3449/3528/56 3450/3529/56 3452/3531/56
f 3453/3532/56 3449/3528/56 3452/3531/56
f 3454/3533/1 3451/3530/1 3448/3527/64
f 3455/3534/1 3454/3533/1 3448/3527/64
f 3456/3535/1 3455/3534/1 3448/3527/64
f 3457/3536/1 3456/3535/1 3448/3527/64
f 3458/3537/80 3457/3536/1 3448/3527/64
f 3459/3538/81 3458/3537/80 3448/3527/64
f 3460/3539/1 3459/3538/81 3448/3527/64
f 3461/3540/1 3460/3539/1 3448/3527/64
f 3462/3541/1 3461/3540/1 3448/3527/64
f 3453/3532/56 3452/3531/56 3463/3542/56
f 3464/3543/56 3453/3532/56 3463/3542/56
f 3464/3543/56 3463/3542/56 3465/3544/56
f 3464/3543/56 3465/3544/56 3466/3545/56
f 3467/3546/56 3464/3543/56 3466/3545/56
f 3467/3546/56 3466/3545/56 3468/3547/56
f 3467/3546/56 3468/3547/56 3469/3548/56
f 3470/3549/56 3467/3546/56 3469/3548/56
f 3470/3549/56 3469/3548/56 3471/3550/56
f 3470/3549/56 3471/3550/56 3472/3551/56
f 3470/3549/56 3472/3551/56 3473/3552/56
f 3474/3553/56 3470/3549/56 3473/3552/56
f 3474/3553/56 3473/3552/56 3475/3554/56
f 3474/3553/56 3475/3554/56 3476/3555/56
f 3477/3556/56 3474/3553/56 3476/3555/56
f 3477/3556/56 3476/3555/56 3478/3557/56
f 3477/3556/56 3478/3557/56 3479/3558/56
f 3477/3556/56 3479/3558/56 3480/3559/56
f 3477/3556/56 3480/3559/56 3481/3560/56
f 3482/3561/56 3477/3556/56 3481/3560/56
f 3482/3561/56 3481/3560/56 3483/3562/56
f 3482/3561/56 3483/3562/56 3484/3563/56
f 3482/3561/56 3484/3563/56 3485/3564/56
f 3486/3565/56 3482/3561/56 3485/3564/56
f 3486/3565/56 3485/3564/56 3487/3566/56
f 3486/3565/56 3487/3566/56 3488/3567/56
f 3486/3565/56 3488/3567/56 3489/3568/56
f 3490/3569/56 3486/3565/56 3489/3568/56
f 3490/3569/56 3489/3568/56 3491/3570/56
f 3490/3569/56 3491/3570/56 3492/3571/56
f 3493/3572/56 3490/3569/56 3492/3571/56
f 3493/3572/56 3492/3571/56 3494/3573/56
f 3495/3574/56 3493/3572/56 3494/3573/56
f 3495/3574/56 3494/3573/56 3496/3575/56
f 3497/3576/56 3495/3574/56 3496/3575/56
f 3497/3576/56 3496/3575/56 3498/3577/56
f 3499/3578/56 3497/3576/56 3498/3577/56
f 3500/3579/56 3499/3578/56 3498/3577/56
f 3501/3580/56 3500/3579/56 3498/3577/56
f 3501/3580/56 3498/3577/56 3502/3581/56
f 3503/3582/56 3501/3580/56 3502/3581/56
f 3504/3583/56 3503/3582/56 3502/3581/56
f 3505/3584/56 3504/3583/56 3502/3581/56
f 3505/3584/56 3502/3581/56 3506/3585/56
f 3507/3586/56 3505/3584/56 3506/3585/56
f 3508/3587/56 3507/3586/56 3506/3585/56
f 3509/3588/56 3508/3587/56 3506/3585/56
f 3510/3589/91 3509/3588/56 3506/3585/56
f 3511/3590/102 3510/3589/91 3506/3585/56
f 3511/3590/102 3506/3585/56 3512/3591/56
f 3513/3592/93 3511/3590/102 3512/3591/56
f 3514/3593/56 3513/3592/93 3512/3591/56
f 3514/3593/56 3512/3591/56 3515/3594/56
f 3516/3595/56 3514/3593/56 3515/3594/56
f 3517/3596/56 3516/3595/56 3515/3594/56
f 3518/3597/56 3517/3596/56 3515/3594/56
f 3518/3597/56 3515/3594/56 3519/3598/56
f 3520/3599/56 3518/3597/56 3519/3598/56
f 3521/3600/56 3520/3599/56 3519/3598/56
f 3521/3600/56 3519/3598/56 3522/3601/56
f 3523/3602/56 3521/3600/56 3522/3601/56
f 3523/3602/56 3522/3601/56 3524/3603/56
f 3525/3604/56 3523/3602/56 3524/3603/56
f 3526/3605/56 3525/3604/56 3524/3603/56
f 3526/3605/56 3524/3603/56 3527/3606/56
f 3528/3607/56 3526/3605/56 3527/3606/56
f 3528/3607/56 3527/3606/56 3529/3608/56
f 3530/3609/56 3528/3607/56 3529/3608/56
f 3532/3610/56 3531/3611/56 3533/3612/56
f 3532/3610/56 3533/3612/56 3534/3613/56
f 3532/3610/56 3534/3613/56 3535/3614/56
f 3532/3610/56 3535/3614/56 3536/3615/56
f 3532/3610/56 3536/3615/56 3537/3616/56
f 3532/3610/56 3537/3616/56 3538/3617/56
f 3532/3610/56 3538/3617/56 3539/3618/56
f 3532/3610/56 3539/3618/56 3540/3619/56
f 3532/3610/56 3540/3619/56 3541/3620/56
f 3532/3610/56 3541/3620/56 3542/3621/56
f 3543/3622/56 3530/3609/56 3529/3608/56
f 3532/3610/56 3542/3621/56 3544/3623/56
f 3543/3622/56 3529/3608/56 3545/3624/56
f 3546/3625/56 3532/3610/56 3544/3623/56
f 3547/3626/56 3543/3622/56 3545/3624/56
f 3546/3625/56 3544/3623/56 3548/3627/56
f 3549/3628/56 3547/3626/56 3545/3624/56
f 3549/3628/56 3545/3624/56 3550/3629/56
f 3546/3625/56 3548/3627/56 3551/3630/56
f 3552/3631/56 3546/3625/56 3551/3630/56
f 3553/3632/56 3549/3628/56 3550/3629/56
f 3552/3631/56 3551/3630/56 3554/3633/56
f 3553/3632/56 3550/3629/56 3555/3634/56
f 3556/3635/56 3553/3632/56 3555/3634/56
f 3552/3631/56 3554/3633/56 3557/3636/56
f 3558/3637/56 3552/3631/56 3557/3636/56
f 3559/3638/56 3556/3635/56 3555/3634/56
f 3558/3637/56 3557/3636/56 3560/3639/56
f 3559/3638/56 3555/3634/56 3561/3640/56
f 3562/3641/56 3559/3638/56 3561/3640/56
f 3558/3637/56 3560/3639/56 3563/3642/56
f 3564/3643/56 3558/3637/56 3563/3642/56
f 3565/3644/56 3562/3641/56 3561/3640/56
f 3564/3643/56 3563/3642/56 3566/3645/56
f 3565/3644/56 3561/3640/56 3567/3646/56
f 3568/3647/56 3565/3644/56 3567/3646/56
f 3564/3643/56 3566/3645/56 3569/3648/120
f 3570/3649/56 3564/3643/56 3569/3648/120
f 3571/3650/56 3568/3647/56 3567/3646/56
f 3570/3649/56 3569/3648/120 3572/3651/121
f 3573/3652/56 3571/3650/56 3567/3646/56
f 3573/3652/56 3567/3646/56 3574/3653/56
f 3570/3649/56 3572/3651/121 3576/3654/56
f 3575/3655/56 3570/3649/56 3576/3654/56
f 3577/3656/56 3573/3652/56 3574/3653/56
f 3575/3655/56 3576/3654/56 3580/3657/56
f 3577/3656/56 3574/3653/56 3578/3658/56
f 3579/3659/56 3577/3656/56 3578/3658/56
f 3581/3660/56 3575/3655/56 3580/3657/56
f 3582/3661/56 3579/3659/56 3578/3658/56
f 3581/3660/56 3580/3657/56 3583/3662/56
f 3586/3663/56 3582/3661/56 3578/3658/56
f 3581/3660/56 3583/3662/56 3584/3664/56
f 3586/3663/56 3578/3658/56 3585/3665/56
f 3587/3666/56 3581/3660/56 3584/3664/56
f 3588/3667/56 3586/3663/56 3585/3665/56
f 3587/3666/56 3584/3664/56 3589/3668/56
f 3590/3669/56 3588/3667/56 3585/3665/56
f 3587/3666/56 3589/3668/56 3591/3670/90
f 3592/3671/56 3590/3669/56 3585/3665/56
f 3587/3666/56 3591/3670/90 3592/3671/56
f 3587/3666/56 3592/3671/56 3585/3665/56
f 3587/3666/56 3585/3665/56 3593/3672/56
f 3594/3673/56 3587/3666/56 3593/3672/56
f 3594/3673/56 3593/3672/56 3595/3674/56
f 3596/3675/56 3594/3673/56 3595/3674/56
f 3596/3675/56 3595/3674/56 3597/3676/56
f 3598/3677/102 3596/3675/56 3597/3676/56
f 3599/3678/56 3598/3677/102 3597/3676/56
f 3599/3678/56 3597/3676/56 3600/3679/56
f 3599/3678/56 3600/3679/56 3601/3680/56
f 3602/3681/56 3599/3678/56 3601/3680/56
f 3602/3681/56 3601/3680/56 3603/3682/56
f 3604/3683/56 3602/3681/56 3603/3682/56
f 3604/3683/56 3603/3682/56 3605/3684/56
f 3606/3685/56 3604/3683/56 3605/3684/56
f 3606/3685/56 3605/3684/56 3607/3686/56
f 3608/3687/56 3606/3685/56 3607/3686/56
f 3608/3687/56 3607/3686/56 3609/3688/56
f 3610/3689/56 3608/3687/56 3609/3688/56
f 3610/3689/56 3609/3688/56 3611/3690/56
f 3612/3691/56 3610/3689/56 3611/3690/56
f 3612/3691/56 3611/3690/56 3613/3692/56
f 3614/3693/56 3612/3691/56 3613/3692/56
f 3614/3693/56 3613/3692/56 3615/3694/56
f 3616/3695/56 3614/3693/56 3615/3694/56
f 3616/3695/56 3615/3694/56 3617/3696/56
f 3618/3697/56 3616/3695/56 3617/3696/56
f 3618/3697/56 3617/3696/56 3619/3698/56
f 3620/3699/56 3618/3697/56 3619/3698/56
f 3620/3699/56 3619/3698/56 3621/3700/56
f 3623/3701/56 3622/3702/56 3624/3703/56
f 3623/3701/56 3624/3703/56 3625/3704/56
f 3626/3705/56 3623/3701/56 3625/3704/56
f 3626/3705/56 3625/3704/56 3627/3706/56
f 3628/3707/56 3626/3705/56 3627/3706/56
f 3628/3707/56 3627/3706/56 3629/3708/56
f 3630/3709/56 3628/3707/56 3629/3708/56
f 3630/3709/56 3629/3708/56 3631/3710/56
f 3632/3711/56 3630/3709/56 3631/3710/56
f 3632/3711/56 3631/3710/56 3633/3712/56
f 3634/3713/56 3632/3711/56 3633/3712/56
f 3634/3713/56 3633/3712/56 3635/3714/56
f 3636/3715/56 3634/3713/56 3635/3714/56
f 3636/3715/56 3635/3714/56 3637/3716/56
f 3636/3715/56 3637/3716/56 3638/3717/56
f 3639/3718/56 3636/3715/56 3638/3717/56
f 3639/3718/56 3638/3717/56 3640/3719/56
f 3641/3720/56 3639/3718/56 3640/3719/56
f 3641/3720/56 3640/3719/56 3642/3721/56
f 3643/3722/56 3641/3720/56 3642/3721/56
f 3643/3722/56 3642/3721/56 3644/3723/56
f 3645/3724/56 3643/3722/56 3644/3723/56
f 3645/3724/56 3644/3723/56 3646/3725/56
f 3647/3726/56 3645/3724/56 3646/3725/56
f 3647/3726/56 3646/3725/56 3648/3727/56
f 3649/3728/56 3647/3726/56 3648/3727/56
f 3649/3728/56 3648/3727/56 3650/3729/56
f 3651/3730/56 3649/3728/56 3650/3729/56
f 3651/3730/56 3650/3729/56 3652/3731/78
f 3652/3731/78 3650/3729/56 3653/3732/56
f 3651/3730/56 3652/3731/78 3654/3733/122
f 3655/3734/56 3652/3731/78 3653/3732/56
f 3656/3735/56 3655/3734/56 3653/3732/56
f 3651/3730/56 3654/3733/122 3657/3736/123
f 3651/3730/56 3657/3736/123 3659/3737/56
f 3658/3738/56 3656/3735/56 3653/3732/56
f 3658/3738/56 3653/3732/56 3660/3739/56
f 3661/3740/56 3651/3730/56 3659/3737/56
f 3661/3740/56 3659/3737/56 3663/3741/56
f 3662/3742/56 3658/3738/56 3660/3739/56
f 3664/3743/56 3662/3742/56 3660/3739/56
f 3661/3740/56 3663/3741/56 3665/3744/56
f 3667/3745/56 3664/3743/56 3660/3739/56
f 3667/3745/56 3660/3739/56 3666/3746/56
f 3668/3747/56 3661/3740/56 3665/3744/56
f 3668/3747/56 3665/3744/56 3670/3748/56
f 3669/3749/56 3667/3745/56 3666/3746/56
f 3671/3750/56 3669/3749/56 3666/3746/56
f 3671/3750/56 3666/3746/56 3672/3751/56
f 3668/3747/56 3670/3748/56 3673/3752/56
f 3674/3753/56 3671/3750/56 3672/3751/56
f 3668/3747/56 3673/3752/56 3675/3754/56
f 3676/3755/56 3668/3747/56 3675/3754/56
f 3677/3756/56 3674/3753/56 3672/3751/56
f 3677/3756/56 3672/3751/56 3678/3757/56
f 3679/3758/56 3677/3756/56 3678/3757/56
f 3676/3755/56 3675/3754/56 3680/3759/56
f 3681/3760/56 3679/3758/56 3678/3757/56
f 3681/3760/56 3678/3757/56 3682/3761/56
f 3683/3762/99 3681/3760/56 3682/3761/56
f 3684/3763/56 3676/3755/56 3680/3759/56
f 3684/3763/56 3680/3759/56 3685/3764/56
f 3686/3765/79 3683/3762/99 3682/3761/56
f 3686/3765/79 3682/3761/56 3687/3766/56
f 3688/3767/75 3686/3765/79 3687/3766/56
f 3684/3763/56 3685/3764/56 3689/3768/56
f 3690/3769/56 3688/3767/75 3687/3766/56
f 3691/3770/56 3684/3763/56 3689/3768/56
f 3690/3769/56 3687/3766/56 3692/3771/56
f 3693/3772/56 3690/3769/56 3692/3771/56
f 3691/3770/56 3689/3768/56 3694/3773/56
f 3695/3774/56 3693/3772/56 3692/3771/56
f 3695/3774/56 3692/3771/56 3696/3775/56
f 3697/3776/56 3695/3774/56 3696/3775/56
f 3698/3777/56 3691/3770/56 3694/3773/56
f 3699/3778/80 3697/3776/1 3696/3775/64
f 3700/3779/97 3699/3778/80 3696/3775/65
f 3701/3780/1 3700/3779/97 3696/3775/64
f 3702/3781/56 3701/3780/1 3696/3775/65
f 3703/3782/1 3702/3781/56 3696/3775/64
f 3704/3783/56 3703/3782/1 3696/3775/65
f 3705/3784/1 3704/3783/56 3696/3775/64
f 3706/3785/1 3705/3784/1 3696/3775/64
f 3707/3786/1 3706/3785/1 3696/3775/64
f 3698/3777/56 3694/3773/56 3708/3787/56
f 3698/3777/56 3708/3787/56 3709/3788/56
f 3710/3789/56 3698/3777/56 3709/3788/56
f 3710/3789/56 3709/3788/56 3711/3790/56
f 3712/3791/56 3710/3789/56 3711/3790/56
f 3712/3791/56 3711/3790/56 3713/3792/89
f 3714/3793/83 3712/3791/56 3713/3792/89
f 3714/3793/83 3713/3792/89 3715/3794/100
f 3716/3795/85 3714/3793/83 3715/3794/100
f 3716/3795/85 3715/3794/100 3717/3796/86
f 3718/3797/87 3716/3795/85 3717/3796/86
f 3718/3797/87 3717/3796/86 3719/3798/88
f 3718/3797/87 3719/3798/88 3720/3799/89
f 3721/3800/56 3718/3797/87 3720/3799/89
f 3721/3800/56 3720/3799/89 3722/3801/56
f 3723/3802/56 3721/3800/56 3722/3801/56
f 3723/3802/56 3722/3801/56 3724/3803/56
f 3725/3804/56 3723/3802/56 3724/3803/56
f 3725/3804/56 3724/3803/56 3726/3805/56
f 3727/3806/56 3725/3804/56 3726/3805/56
f 3727/3806/56 3726/3805/56 3728/3807/56
f 3730/3808/56 3729/3809/56 3731/3810/56
f 3730/3808/56 3731/3810/56 3732/3811/56
f 3727/3806/56 3728/3807/56 3733/3812/56
f 3734/3813/56 3727/3806/56 3733/3812/56
f 3735/3814/56 3730/3808/56 3732/3811/56
f 3735/3814/56 3732/3811/56 3736/3815/56
f 3737/3816/56 3735/3814/56 3736/3815/56
f 3734/3813/56 3733/3812/56 3738/3817/56
f 3739/3818/56 3737/3816/56 3736/3815/56
f 3739/3818/56 3736/3815/56 3740/3819/56
f 3741/3820/56 3734/3813/56 3738/3817/56
f 3742/3821/56 3739/3818/56 3740/3819/56
f 3741/3820/56 3738/3817/56 3743/3822/56
f 3744/3823/56 3742/3821/56 3740/3819/56
f 3744/3823/56 3740/3819/56 3745/3824/56
f 3746/3825/124 3744/3823/56 3745/3824/56
f 3741/3820/56 3743/3822/56 3747/3826/56
f 3748/3827/113 3746/3825/124 3745/3824/56
f 3749/3828/56 3741/3820/56 3747/3826/56
f 3748/3827/113 3745/3824/56 3750/3829/56
f 3751/3830/91 3748/3827/113 3750/3829/56
f 3749/3828/56 3747/3826/56 3752/3831/56
f 3753/3832/56 3751/3830/91 3750/3829/56
f 3753/3832/56 3750/3829/56 3754/3833/56
f 3755/3834/114 3753/3832/56 3754/3833/56
f 3756/3835/56 3749/3828/56 3752/3831/56
f 3756/3835/56 3752/3831/56 3758/3836/56
f 3757/3837/56 3755/3834/114 3754/3833/56
f 3760/3838/56 3757/3837/56 3754/3833/56
f 3760/3838/56 3754/3833/56 3759/3839/56
f 3756/3835/56 3758/3836/56 3761/3840/56
f 3762/3841/56 3756/3835/56 3761/3840/56
f 3763/3842/56 3760/3838/56 3759/3839/56
f 3762/3841/56 3761/3840/56 3765/3843/56
f 3763/3842/56 3759/3839/56 3764/3844/56
f 3766/3845/56 3763/3842/56 3764/3844/56
f 3762/3841/56 3765/3843/56 3767/3846/56
f 3770/3847/125 3766/3845/56 3764/3844/56
f 3768/3848/56 3762/3841/56 3767/3846/56
f 3768/3848/56 3767/3846/56 3769/3849/56
f 3768/3848/56 3769/3849/56 3771/3850/56
f 3772/3851/56 3770/3847/125 3764/3844/56
f 3772/3851/56 3764/3844/56 3773/3852/56
f 3768/3848/56 3771/3850/56 3774/3853/56
f 3774/3853/56 3772/3851/56 3773/3852/56
f 3768/3848/56 3774/3853/56 3773/3852/56
f 3768/3848/56 3773/3852/56 3775/3854/56
f 3776/3855/56 3768/3848/56 3775/3854/56
f 3776/3855/56 3775/3854/56 3777/3856/56
f 3778/3857/56 3776/3855/56 3777/3856/56
f 3778/3857/56 3777/3856/56 3779/3858/56
f 3780/3859/56 3778/3857/56 3779/3858/56
f 3780/3859/56 3779/3858/56 3781/3860/56
f 3782/3861/56 3780/3859/56 3781/3860/56
f 3782/3861/56 3781/3860/56 3783/3862/56
f 3784/3863/56 3782/3861/56 3783/3862/56
f 3784/3863/56 3783/3862/56 3785/3864/56
f 3786/3865/56 3784/3863/56 3785/3864/56
f 3786/3865/56 3785/3864/56 3787/3866/56
f 3788/3867/56 3786/3865/56 3787/3866/56
f 3788/3867/56 3787/3866/56 3789/3868/56
f 3790/3869/56 3788/3867/56 3789/3868/56
f 3790/3869/56 3789/3868/56 3791/3870/56
f 3790/3869/56 3791/3870/56 3792/3871/56
f 3793/3872/56 3790/3869/56 3792/3871/56
f 3793/3872/56 3792/3871/56 3794/3873/56
f 3795/3874/56 3793/3872/56 3794/3873/56
f 3795/3874/56 3794/3873/56 3796/3875/56
f 3797/3876/56 3795/3874/56 3796/3875/56
f 3797/3876/56 3796/3875/56 3798/3877/56
f 3799/3878/56 3797/3876/56 3798/3877/56
f 3799/3878/56 3798/3877/56 3800/3879/56
f 3801/3880/56 3799/3878/56 3800/3879/56
f 3803/3881/56 3802/3882/56 3804/3883/56
f 3803/3881/56 3804/3883/56 3805/3884/56
f 3807/3885/56 3806/3886/56 3808/3887/56
f 3807/3885/56 3808/3887/56 3809/3888/56
f 3803/3881/56 3805/3884/56 3810/3889/56
f 3810/3889/56 3805/3884/56 3807/3885/56
f 3810/3889/56 3807/3885/56 3811/3890/56
f 3811/3890/56 3807/3885/56 3809/3888/56
f 3803/3881/56 3810/3889/56 3812/3891/56
f 3813/3892/56 3811/3890/56 3809/3888/56
f 3815/3893/56 3814/3894/56 3816/3895/56
f 3815/3893/56 3816/3895/56 3817/3896/56
f 3819/3897/56 3818/3898/56 3820/3899/56
f 3819/3897/56 3820/3899/56 3821/3900/56
f 3815/3893/56 3817/3896/56 3822/3901/56
f 3815/3893/56 3822/3901/56 3823/3902/56
f 3815/3893/56 3823/3902/56 3824/3903/56
f 3815/3893/56 3824/3903/56 3825/3904/56
f 3815/3893/56 3825/3904/56 3826/3905/56
f 3815/3893/56 3826/3905/56 3827/3906/56
f 3815/3893/56 3827/3906/56 3828/3907/56
f 3815/3893/56 3828/3907/56 3829/3908/56
f 3815/3893/56 3829/3908/56 3830/3909/56
f 3815/3893/56 3830/3909/56 3831/3910/56
f 3815/3893/56 3831/3910/56 3832/3911/56
f 3833/3912/56 3815/3893/56 3832/3911/56
f 3819/3897/56 3821/3900/56 3834/3913/56
f 3833/3912/56 3832/3911/56 3835/3914/56
f 3836/3915/56 3819/3897/56 3834/3913/56
f 3837/3916/56 3833/3912/56 3835/3914/56
f 3836/3915/56 3834/3913/56 3838/3917/56
f 3837/3916/56 3835/3914/56 3839/3918/56
f 3840/3919/56 3836/3915/56 3838/3917/56
f 3841/3920/56 3837/3916/56 3839/3918/56
f 3840/3919/56 3838/3917/56 3842/3921/56
f 3841/3920/56 3839/3918/56 3843/3922/56
f 3844/3923/56 3840/3919/56 3842/3921/56
f 3845/3924/56 3841/3920/56 3843/3922/56
f 3844/3923/56 3842/3921/56 3846/3925/56
f 3845/3924/56 3843/3922/56 3847/3926/56
f 3848/3927/56 3844/3923/56 3846/3925/56
f 3849/3928/56 3845/3924/56 3847/3926/56
f 3848/3927/56 3846/3925/56 3850/3929/56
f 3849/3928/56 3847/3926/56 3851/3930/56
f 3852/3931/56 3848/3927/56 3850/3929/56
f 3853/3932/56 3849/3928/56 3851/3930/56
f 3852/3931/56 3850/3929/56 3854/3933/56
f 3853/3932/56 3851/3930/56 3855/3934/56
f 3856/3935/56 3852/3931/56 3854/3933/56
f 3853/3932/56 3855/3934/56 3857/3936/56
f 3858/3937/56 3856/3935/56 3854/3933/56
f 3859/3938/56 3853/3932/56 3857/3936/56
f 3858/3937/56 3854/3933/56 3860/3939/56
f 3859/3938/56 3857/3936/56 3861/3940/56
f 3862/3941/56 3858/3937/56 3860/3939/56
f 3863/3942/56 3859/3938/56 3861/3940/56
f 3862/3941/56 3860/3939/56 3864/3943/56
f 3863/3942/56 3861/3940/56 3865/3944/56
f 3866/3945/56 3862/3941/56 3864/3943/56
f 3863/3942/56 3865/3944/56 3867/3946/56
f 3868/3947/56 3866/3945/56 3864/3943/56
f 3869/3948/56 3863/3942/56 3867/3946/56
f 3868/3947/56 3864/3943/56 3870/3949/56
f 3869/3948/56 3867/3946/56 3871/3950/126
f 3872/3951/56 3868/3947/56 3870/3949/56
f 3869/3948/56 3871/3950/126 3873/3952/56
f 3873/3952/56 3872/3951/56 3870/3949/56
f 3869/3948/56 3873/3952/56 3870/3949/56
f 3874/3953/56 3869/3948/56 3870/3949/56
f 3874/3953/56 3870/3949/56 3875/3954/56
f 3876/3955/56 3874/3953/56 3875/3954/56
f 3876/3955/56 3875/3954/56 3877/3956/56
f 3878/3957/56 3876/3955/56 3877/3956/56
f 3878/3957/56 3877/3956/56 3879/3958/56
f 3880/3959/56 3878/3957/56 3879/3958/56
f 3880/3959/56 3879/3958/56 3881/3960/56
f 3880/3959/56 3881/3960/56 3882/3961/56
f 3883/3962/56 3880/3959/56 3882/3961/56
f 3883/3962/56 3882/3961/56 3884/3963/56
f 3885/3964/56 3883/3962/56 3884/3963/56
f 3885/3964/56 3884/3963/56 3886/3965/56
f 3887/3966/56 3885/3964/56 3886/3965/56
f 3887/3966/56 3886/3965/56 3888/3967/56
f 3889/3968/56 3887/3966/56 3888/3967/56
f 3889/3968/56 3888/3967/56 3890/3969/56
f 3891/3970/56 3889/3968/56 3890/3969/56
f 3891/3970/56 3890/3969/56 3892/3971/56
f 3893/3972/56 3891/3970/56 3892/3971/56
f 3893/3972/56 3892/3971/56 3894/3973/56
f 3895/3974/56 3893/3972/56 3894/3973/56
f 3895/3974/56 3894/3973/56 3896/3975/56
f 3897/3976/56 3895/3974/56 3896/3975/56
f 3897/3976/56 3896/3975/56 3898/3977/56
f 3899/3978/56 3897/3976/56 3898/3977/56
f 3899/3978/56 3898/3977/56 3900/3979/56
f 3901/3980/56 3899/3978/56 3900/3979/56
f 3901/3980/56 3900/3979/56 3902/3981/56
f 3904/3982/56 3903/3983/56 3905/3984/56
f 3904/3982/56 3905/3984/56 3906/3985/56
f 3904/3982/56 3906/3985/56 3907/3986/56
f 3904/3982/56 3907/3986/56 3908/3987/56
f 3910/3988/56 3909/3989/56 3911/3990/56
f 3911/3990/56 3909/3989/56 3912/3991/56
f 3911/3990/56 3912/3991/56 3913/3992/56
f 3910/3988/56 3911/3990/56 3914/3993/56
f 3910/3988/56 3914/3993/56 3915/3994/56
f 3915/3994/56 3914/3993/56 3916/3995/56
f 3915/3994/56 3916/3995/56 3917/3996/56
f 3910/3988/56 3915/3994/56 3918/3997/56
f 3910/3988/56 3918/3997/56 3919/3998/56
f 3910/3988/56 3919/3998/56 3920/3999/56
f 3922/4000/56 3921/4001/56 3923/4002/56
f 3922/4000/56 3923/4002/56 3924/4003/56
f 3924/4003/56 3923/4002/56 3925/4004/56
f 3925/4004/56 3926/4005/56 3927/4006/56
f 3925/4004/56 3927/4006/56 3928/4007/56
f 3928/4007/56 3927/4006/56 3929/4008/56
f 3925/4004/56 3928/4007/56 3930/4009/56
f 3931/4010/56 3928/4007/56 3929/4008/56
f 3922/4000/56 3924/4003/56 3932/4011/56
f 3933/4012/56 3924/4003/56 3925/4004/56
f 3933/4012/56 3925/4004/56 3930/4009/56
f 3935/4013/56 3934/4014/56 3936/4015/56
f 3935/4013/56 3936/4015/56 3937/4016/56
f 3939/4017/56 3938/4018/56 3940/4019/56
f 3939/4017/56 3940/4019/56 3941/4020/56
f 3942/4021/1 3939/4017/1 3941/4020/1
f 3943/4022/56 3942/4021/56 3944/4023/56
f 3944/4023/1 3942/4021/1 3941/4020/1
f 3943/4022/56 3944/4023/56 3945/4024/56
f 3947/4025/56 3946/4026/56 3948/4027/56
f 3947/4025/56 3948/4027/56 3949/4028/56
f 3950/4029/1 3947/4025/1 3949/4028/1
f 3951/4030/56 3950/4029/56 3952/4031/56
f 3952/4031/1 3950/4029/1 3949/4028/1
f 3951/4030/56 3952/4031/56 3953/4032/56
f 3955/4033/56 3954/4034/56 3956/4035/56
f 3956/4035/56 3954/4034/56 3957/4036/56
f 3956/4035/56 3957/4036/56 3958/4037/56
f 3955/4033/56 3956/4035/56 3959/4038/56
f 3955/4033/56 3959/4038/56 3960/4039/56
f 3960/4039/56 3959/4038/56 3961/4040/56
f 3960/4039/56 3961/4040/56 3962/4041/56
f 3955/4033/56 3960/4039/56 3963/4042/56
f 3955/4033/56 3963/4042/56 3964/4043/56
f 3955/4033/56 3964/4043/56 3965/4044/56
f 3967/4045/56 3966/4046/56 3968/4047/56
f 3967/4045/56 3968/4047/56 3969/4048/56
f 3967/4045/56 3969/4048/56 3970/4049/56
f 3967/4045/56 3970/4049/56 3971/4050/56
f 3973/4051/56 3972/4052/56 3974/4053/56
f 3973/4051/56 3974/4053/56 3975/4054/56
f 3977/4055/56 3976/4056/56 3978/4057/56
f 3977/4055/56 3978/4057/56 3979/4058/56
f 3973/4051/56 3975/4054/56 3980/4059/56
f 3980/4059/56 3975/4054/56 3977/4055/56
f 3980/4059/56 3977/4055/56 3981/4060/56
f 3981/4060/56 3977/4055/56 3979/4058/56
f 3973/4051/56 3980/4059/56 3982/4061/56
f 3983/4062/56 3981/4060/56 3979/4058/56
f 3985/4063/56 3984/4064/56 3986/4065/56
f 3986/4065/56 3984/4064/56 3987/4066/56
f 3986/4065/56 3987/4066/56 3988/4067/56
f 3985/4063/56 3986/4065/56 3989/4068/56
f 3985/4063/56 3989/4068/56 3990/4069/56
f 3990/4069/56 3989/4068/56 3991/4070/56
f 3990/4069/56 3991/4070/56 3992/4071/56
f 3985/4063/56 3990/4069/56 3993/4072/56
f 3985/4063/56 3993/4072/56 3994/4073/56
f 3985/4063/56 3994/4073/56 3995/4074/56
f 3997/4075/56 3996/4076/56 3998/4077/56
f 3999/4078/56 3997/4075/56 3998/4077/56
f 3999/4078/56 3998/4077/56 4000/4079/56
f 4001/4080/56 3999/4078/56 4000/4079/56
f 4001/4080/56 4000/4079/56 4002/4081/56
f 4003/4082/56 4001/4080/56 4002/4081/56
f 4003/4082/56 4002/4081/56 4004/4083/56
f 4005/4084/56 4003/4082/56 4004/4083/56
f 4005/4084/56 4004/4083/56 4006/4085/56
f 4007/4086/56 4005/4084/56 4006/4085/56
f 4007/4086/56 4006/4085/56 4008/4087/56
f 4009/4088/56 4007/4086/56 4008/4087/56
f 4009/4088/56 4008/4087/56 4010/4089/56
f 4011/4090/56 4009/4088/56 4010/4089/56
f 4011/4090/56 4010/4089/56 4012/4091/56
f 4013/4092/56 4011/4090/56 4012/4091/56
f 4013/4092/56 4012/4091/56 4014/4093/56
f 4015/4094/56 4013/4092/56 4014/4093/56
f 4015/4094/56 4014/4093/56 4016/4095/56
f 4017/4096/56 4015/4094/56 4016/4095/56
f 4017/4096/56 4016/4095/56 4018/4097/56
f 4019/4098/56 4017/4096/56 4018/4097/56
f 4019/4098/56 4018/4097/56 4020/4099/56
f 4021/4100/56 4019/4098/56 4020/4099/56
f 4021/4100/56 4020/4099/56 4022/4101/56
f 4023/4102/56 4021/4100/56 4022/4101/56
f 4023/4102/56 4022/4101/56 4024/4103/56
f 4025/4104/56 4023/4102/56 4024/4103/56
f 4025/4104/56 4024/4103/56 4026/4105/56
f 4027/4106/56 4025/4104/56 4026/4105/56
f 4027/4106/56 4026/4105/56 4028/4107/75
f 4028/4107/75 4026/4105/56 4029/4108/56
f 4027/4106/56 4028/4107/75 4030/4109/76
f 4031/4110/127 4028/4107/75 4029/4108/56
f 4032/4111/56 4031/4110/127 4029/4108/56
f 4027/4106/56 4030/4109/76 4033/4112/56
f 4034/4113/56 4032/4111/56 4029/4108/56
f 4035/4114/56 4027/4106/56 4033/4112/56
f 4035/4114/56 4033/4112/56 4037/4115/56
f 4034/4113/56 4029/4108/56 4036/4116/56
f 4038/4117/56 4034/4113/56 4036/4116/56
f 4035/4114/56 4037/4115/56 4039/4118/56
f 4040/4119/56 4038/4117/56 4036/4116/56
f 4040/4119/56 4036/4116/56 4041/4120/56
f 4042/4121/56 4035/4114/56 4039/4118/56
f 4042/4121/56 4039/4118/56 4043/4122/56
f 4044/4123/56 4040/4119/56 4041/4120/56
f 4042/4121/56 4043/4122/56 4045/4124/102
f 4046/4125/78 4044/4123/56 4041/4120/56
f 4046/4125/78 4041/4120/56 4047/4126/56
f 4048/4127/56 4042/4121/56 4045/4124/102
f 4048/4127/56 4045/4124/102 4049/4128/56
f 4050/4129/56 4046/4125/78 4047/4126/56
f 4048/4127/56 4049/4128/56 4051/4130/56
f 4052/4131/78 4050/4129/56 4047/4126/56
f 4048/4127/56 4051/4130/56 4053/4132/56
f 4052/4131/78 4047/4126/56 4054/4133/56
f 4055/4134/56 4048/4127/56 4053/4132/56
f 4056/4135/79 4052/4131/78 4054/4133/56
f 4055/4134/56 4053/4132/56 4057/4136/56
f 4058/4137/56 4056/4135/79 4054/4133/56
f 4055/4134/56 4057/4136/56 4059/4138/56
f 4058/4137/56 4054/4133/56 4060/4139/56
f 4061/4140/56 4055/4134/56 4059/4138/56
f 4062/4141/56 4058/4137/56 4060/4139/56
f 4061/4140/56 4059/4138/56 4063/4142/56
f 4064/4143/56 4062/4141/56 4060/4139/56
f 4064/4143/56 4060/4139/56 4065/4144/56
f 4061/4140/56 4063/4142/56 4066/4145/56
f 4067/4146/56 4061/4140/56 4066/4145/56
f 4068/4147/78 4064/4143/56 4065/4144/56
f 4067/4146/56 4066/4145/56 4069/4148/56
f 4070/4149/56 4068/4147/78 4065/4144/56
f 4070/4149/56 4065/4144/56 4071/4150/56
f 4072/4151/56 4067/4146/56 4069/4148/56
f 4072/4151/56 4069/4148/56 4073/4152/56
f 4074/4153/56 4070/4149/56 4071/4150/56
f 4072/4151/56 4073/4152/56 4075/4154/56
f 4076/4155/56 4074/4153/56 4071/4150/56
f 4076/4155/56 4071/4150/56 4077/4156/56
f 4078/4157/56 4072/4151/56 4075/4154/56
f 4078/4157/56 4075/4154/56 4079/4158/56
f 4080/4159/56 4076/4155/56 4077/4156/56
f 4078/4157/56 4079/4158/56 4081/4160/56
f 4082/4161/56 4078/4157/56 4081/4160/56
f 4083/4162/1 4080/4159/1 4077/4156/64
f 4084/4163/1 4083/4162/1 4077/4156/64
f 4085/4164/1 4084/4163/1 4077/4156/64
f 4086/4165/1 4085/4164/1 4077/4156/64
f 4087/4166/80 4086/4165/1 4077/4156/64
f 4088/4167/81 4087/4166/80 4077/4156/64
f 4089/4168/80 4088/4167/81 4077/4156/64
f 4090/4169/56 4089/4168/80 4077/4156/64
f 4091/4170/56 4090/4169/56 4077/4156/64
f 4082/4161/56 4081/4160/56 4092/4171/56
f 4093/4172/56 4082/4161/56 4092/4171/56
f 4093/4172/56 4092/4171/56 4094/4173/56
f 4093/4172/56 4094/4173/56 4095/4174/56
f 4096/4175/56 4093/4172/56 4095/4174/56
f 4096/4175/56 4095/4174/56 4097/4176/56
f 4096/4175/56 4097/4176/56 4098/4177/56
f 4099/4178/56 4096/4175/56 4098/4177/56
f 4099/4178/56 4098/4177/56 4100/4179/120
f 4099/4178/56 4100/4179/120 4101/4180/56
f 4099/4178/56 4101/4180/56 4102/4181/56
f 4103/4182/56 4099/4178/56 4102/4181/56
f 4103/4182/56 4102/4181/56 4104/4183/56
f 4103/4182/56 4104/4183/56 4105/4184/56
f 4106/4185/56 4103/4182/56 4105/4184/56
f 4106/4185/56 4105/4184/56 4107/4186/56
f 4106/4185/56 4107/4186/56 4108/4187/56
f 4106/4185/56 4108/4187/56 4109/4188/56
f 4106/4185/56 4109/4188/56 4110/4189/56
f 4111/4190/56 4106/4185/56 4110/4189/56
f 4111/4190/56 4110/4189/56 4112/4191/56
f 4111/4190/56 4112/4191/56 4113/4192/92
f 4111/4190/56 4113/4192/92 4114/4193/56
f 4115/4194/56 4111/4190/56 4114/4193/56
f 4115/4194/56 4114/4193/56 4116/4195/128
f 4115/4194/56 4116/4195/128 4117/4196/56
f 4115/4194/56 4117/4196/56 4118/4197/56
f 4119/4198/56 4115/4194/56 4118/4197/56
f 4119/4198/56 4118/4197/56 4120/4199/56
f 4119/4198/56 4120/4199/56 4121/4200/56
f 4122/4201/56 4119/4198/56 4121/4200/56
f 4122/4201/56 4121/4200/56 4123/4202/56
f 4124/4203/56 4122/4201/56 4123/4202/56
f 4124/4203/56 4123/4202/56 4125/4204/56
f 4126/4205/56 4124/4203/56 4125/4204/56
f 4126/4205/56 4125/4204/56 4127/4206/56
f 4128/4207/56 4126/4205/56 4127/4206/56
f 4129/4208/56 4128/4207/56 4127/4206/56
f 4130/4209/56 4129/4208/56 4127/4206/56
f 4130/4209/56 4127/4206/56 4131/4210/56
f 4132/4211/56 4130/4209/56 4131/4210/56
f 4133/4212/56 4132/4211/56 4131/4210/56
f 4134/4213/56 4133/4212/56 4131/4210/56
f 4134/4213/56 4131/4210/56 4135/4214/56
f 4136/4215/56 4134/4213/56 4135/4214/56
f 4137/4216/56 4136/4215/56 4135/4214/56
f 4138/4217/56 4137/4216/56 4135/4214/56
f 4139/4218/91 4138/4217/56 4135/4214/56
f 4140/4219/56 4139/4218/91 4135/4214/56
f 4140/4219/56 4135/4214/56 4141/4220/56
f 4142/4221/56 4140/4219/56 4141/4220/56
f 4143/4222/56 4142/4221/56 4141/4220/56
f 4143/4222/56 4141/4220/56 4144/4223/56
f 4145/4224/56 4143/4222/56 4144/4223/56
f 4146/4225/56 4145/4224/56 4144/4223/56
f 4147/4226/56 4146/4225/56 4144/4223/56
f 4147/4226/56 4144/4223/56 4148/4227/56
f 4149/4228/56 4147/4226/56 4148/4227/56
f 4150/4229/56 4149/4228/56 4148/4227/56
f 4150/4229/56 4148/4227/56 4151/4230/56
f 4152/4231/56 4150/4229/56 4151/4230/56
f 4152/4231/56 4151/4230/56 4153/4232/56
f 4154/4233/56 4152/4231/56 4153/4232/56
f 4155/4234/56 4154/4233/56 4153/4232/56
f 4155/4234/56 4153/4232/56 4156/4235/56
f 4157/4236/56 4155/4234/56 4156/4235/56
f 4157/4236/56 4156/4235/56 4158/4237/56
f 4159/4238/56 4157/4236/56 4158/4237/56
f 4161/4239/56 4160/4240/56 4162/4241/56
f 4161/4239/56 4162/4241/56 4163/4242/56
f 4161/4239/56 4163/4242/56 4164/4243/56
f 4161/4239/56 4164/4243/56 4165/4244/56
f 4161/4239/56 4165/4244/56 4166/4245/56
f 4161/4239/56 4166/4245/56 4167/4246/56
f 4161/4239/56 4167/4246/56 4168/4247/56
f 4161/4239/56 4168/4247/56 4169/4248/56
f 4161/4239/56 4169/4248/56 4170/4249/56
f 4161/4239/56 4170/4249/56 4171/4250/56
f 4172/4251/56 4159/4238/56 4158/4237/56
f 4161/4239/56 4171/4250/56 4173/4252/56
f 4172/4251/56 4158/4237/56 4174/4253/56
f 4175/4254/56 4161/4239/56 4173/4252/56
f 4176/4255/99 4172/4251/56 4174/4253/56
f 4175/4254/56 4173/4252/56 4177/4256/56
f 4178/4257/56 4176/4255/99 4174/4253/56
f 4178/4257/56 4174/4253/56 4179/4258/56
f 4175/4254/56 4177/4256/56 4180/4259/56
f 4181/4260/56 4175/4254/56 4180/4259/56
f 4182/4261/56 4178/4257/56 4179/4258/56
f 4181/4260/56 4180/4259/56 4183/4262/56
f 4182/4261/56 4179/4258/56 4184/4263/56
f 4185/4264/124 4182/4261/56 4184/4263/56
f 4181/4260/56 4183/4262/56 4186/4265/56
f 4187/4266/56 4181/4260/56 4186/4265/56
f 4188/4267/56 4185/4264/124 4184/4263/56
f 4187/4266/56 4186/4265/56 4189/4268/56
f 4188/4267/56 4184/4263/56 4190/4269/56
f 4191/4270/56 4188/4267/56 4190/4269/56
f 4187/4266/56 4189/4268/56 4192/4271/56
f 4193/4272/56 4187/4266/56 4192/4271/56
f 4194/4273/56 4191/4270/56 4190/4269/56
f 4193/4272/56 4192/4271/56 4195/4274/56
f 4194/4273/56 4190/4269/56 4196/4275/56
f 4197/4276/56 4194/4273/56 4196/4275/56
f 4193/4272/56 4195/4274/56 4198/4277/56
f 4199/4278/56 4193/4272/56 4198/4277/56
f 4200/4279/56 4197/4276/56 4196/4275/56
f 4199/4278/56 4198/4277/56 4201/4280/56
f 4204/4281/56 4200/4279/56 4196/4275/56
f 4204/4281/56 4196/4275/56 4202/4282/56
f 4199/4278/56 4201/4280/56 4205/4283/56
f 4203/4284/56 4199/4278/56 4205/4283/56
f 4206/4285/95 4204/4281/56 4202/4282/56
f 4203/4284/56 4205/4283/56 4207/4286/56
f 4206/4285/95 4202/4282/56 4208/4287/56
f 4210/4288/129 4206/4285/95 4208/4287/56
f 4209/4289/56 4203/4284/56 4207/4286/56
f 4209/4289/56 4207/4286/56 4211/4290/56
f 4209/4289/56 4211/4290/56 4213/4291/56
f 4212/4292/56 4210/4288/129 4208/4287/56
f 4215/4293/56 4212/4292/56 4208/4287/56
f 4209/4289/56 4213/4291/56 4216/4294/56
f 4215/4293/56 4208/4287/56 4214/4295/56
f 4217/4296/56 4209/4289/56 4216/4294/56
f 4218/4297/56 4215/4293/56 4214/4295/56
f 4219/4298/56 4218/4297/56 4214/4295/56
f 4217/4296/56 4216/4294/56 4220/4299/56
f 4221/4300/56 4219/4298/56 4214/4295/56
f 4217/4296/56 4220/4299/56 4221/4300/56
f 4217/4296/56 4221/4300/56 4214/4295/56
f 4217/4296/56 4214/4295/56 4222/4301/56
f 4223/4302/56 4217/4296/56 4222/4301/56
f 4223/4302/56 4222/4301/56 4224/4303/56
f 4225/4304/56 4223/4302/56 4224/4303/56
f 4225/4304/56 4224/4303/56 4226/4305/56
f 4227/4306/56 4225/4304/56 4226/4305/56
f 4228/4307/56 4227/4306/56 4226/4305/56
f 4228/4307/56 4226/4305/56 4229/4308/56
f 4228/4307/56 4229/4308/56 4230/4309/56
f 4231/4310/56 4228/4307/56 4230/4309/56
f 4231/4310/56 4230/4309/56 4232/4311/56
f 4233/4312/56 4231/4310/56 4232/4311/56
f 4233/4312/56 4232/4311/56 4234/4313/56
f 4235/4314/56 4233/4312/56 4234/4313/56
f 4235/4314/56 4234/4313/56 4236/4315/56
f 4237/4316/56 4235/4314/56 4236/4315/56
f 4237/4316/56 4236/4315/56 4238/4317/56
f 4239/4318/56 4237/4316/56 4238/4317/56
f 4239/4318/56 4238/4317/56 4240/4319/56
f 4241/4320/56 4239/4318/56 4240/4319/56
f 4241/4320/56 4240/4319/56 4242/4321/56
f 4243/4322/56 4241/4320/56 4242/4321/56
f 4243/4322/56 4242/4321/56 4244/4323/56
f 4245/4324/56 4243/4322/56 4244/4323/56
f 4245/4324/56 4244/4323/56 4246/4325/56
f 4247/4326/56 4245/4324/56 4246/4325/56
f 4247/4326/56 4246/4325/56 4248/4327/56
f 4249/4328/56 4247/4326/56 4248/4327/56
f 4249/4328/56 4248/4327/56 4250/4329/56
f 4252/4330/56 4251/4331/56 4253/4332/56
f 4254/4333/56 4252/4330/56 4253/4332/56
f 4254/4333/56 4253/4332/56 4255/4334/56
f 4256/4335/56 4254/4333/56 4255/4334/56
f 4256/4335/56 4255/4334/56 4257/4336/56
f 4258/4337/56 4256/4335/56 4257/4336/56
f 4258/4337/56 4257/4336/56 4259/4338/56
f 4260/4339/56 4258/4337/56 4259/4338/56
f 4260/4339/56 4259/4338/56 4261/4340/56
f 4262/4341/56 4260/4339/56 4261/4340/56
f 4262/4341/56 4261/4340/56 4263/4342/56
f 4264/4343/56 4262/4341/56 4263/4342/56
f 4264/4343/56 4263/4342/56 4265/4344/56
f 4266/4345/56 4264/4343/56 4265/4344/56
f 4266/4345/56 4265/4344/56 4267/4346/56
f 4268/4347/56 4266/4345/56 4267/4346/56
f 4268/4347/56 4267/4346/56 4269/4348/56
f 4270/4349/56 4268/4347/56 4269/4348/56
f 4270/4349/56 4269/4348/56 4271/4350/56
f 4272/4351/56 4270/4349/56 4271/4350/56
f 4272/4351/56 4271/4350/56 4273/4352/56
f 4274/4353/95 4272/4351/56 4273/4352/56
f 4274/4353/95 4273/4352/56 4275/4354/56
f 4276/4355/56 4274/4353/95 4275/4354/56
f 4276/4355/56 4275/4354/56 4277/4356/56
f 4278/4357/56 4276/4355/56 4277/4356/56
f 4278/4357/56 4277/4356/56 4279/4358/56
f 4280/4359/56 4278/4357/56 4279/4358/56
f 4280/4359/56 4279/4358/56 4281/4360/56
f 4282/4361/56 4280/4359/56 4281/4360/56
f 4282/4361/56 4281/4360/56 4283/4362/78
f 4283/4362/78 4281/4360/56 4284/4363/56
f 4282/4361/56 4283/4362/78 4286/4364/56
f 4285/4365/128 4283/4362/78 4284/4363/56
f 4287/4366/56 4285/4365/128 4284/4363/56
f 4282/4361/56 4286/4364/56 4289/4367/56
f 4288/4368/56 4282/4361/56 4289/4367/56
f 4291/4369/56 4287/4366/56 4284/4363/56
f 4291/4369/56 4284/4363/56 4290/4370/56
f 4288/4368/56 4289/4367/56 4292/4371/56
f 4293/4372/56 4291/4369/56 4290/4370/56
f 4288/4368/56 4292/4371/56 4294/4373/56
f 4295/4374/56 4293/4372/56 4290/4370/56
f 4295/4374/56 4290/4370/56 4296/4375/56
f 4297/4376/56 4288/4368/56 4294/4373/56
f 4297/4376/56 4294/4373/56 4298/4377/56
f 4299/4378/56 4295/4374/56 4296/4375/56
f 4297/4376/56 4298/4377/56 4300/4379/56
f 4301/4380/56 4299/4378/56 4296/4375/56
f 4301/4380/56 4296/4375/56 4302/4381/56
f 4303/4382/56 4297/4376/56 4300/4379/56
f 4303/4382/56 4300/4379/56 4304/4383/56
f 4305/4384/56 4301/4380/56 4302/4381/56
f 4303/4382/56 4304/4383/56 4306/4385/56
f 4307/4386/56 4305/4384/56 4302/4381/56
f 4303/4382/56 4306/4385/56 4308/4387/119
f 4307/4386/56 4302/4381/56 4309/4388/56
f 4310/4389/56 4303/4382/56 4308/4387/119
f 4311/4390/56 4307/4386/56 4309/4388/56
f 4310/4389/56 4308/4387/119 4312/4391/130
f 4313/4392/56 4311/4390/56 4309/4388/56
f 4310/4389/56 4312/4391/130 4314/4393/119
f 4313/4392/56 4309/4388/56 4315/4394/56
f 4316/4395/56 4310/4389/56 4314/4393/119
f 4317/4396/56 4313/4392/56 4315/4394/56
f 4316/4395/56 4314/4393/119 4318/4397/56
f 4319/4398/56 4317/4396/56 4315/4394/56
f 4319/4398/56 4315/4394/56 4320/4399/56
f 4316/4395/56 4318/4397/56 4321/4400/56
f 4322/4401/56 4316/4395/56 4321/4400/56
f 4323/4402/56 4319/4398/56 4320/4399/56
f 4322/4401/56 4321/4400/56 4324/4403/56
f 4325/4404/56 4323/4402/56 4320/4399/56
f 4325/4404/56 4320/4399/56 4326/4405/56
f 4327/4406/56 4322/4401/56 4324/4403/56
f 4327/4406/56 4324/4403/56 4328/4407/56
f 4329/4408/56 4325/4404/56 4326/4405/56
f 4327/4406/56 4328/4407/56 4330/4409/56
f 4331/4410/56 4329/4408/56 4326/4405/56
f 4331/4410/56 4326/4405/56 4604/4411/56
f 4332/4412/56 4327/4406/56 4330/4409/56
f 4332/4412/56 4330/4409/56 4333/4413/56
f 4334/4414/56 4331/4410/56 4604/4411/56
f 4332/4412/56 4333/4413/56 4335/4415/56
f 4336/4416/56 4332/4412/56 4335/4415/56
f 4337/4417/81 4334/4414/56 4604/4411/64
f 4338/4418/1 4337/4417/81 4604/4411/64
f 4339/4419/1 4338/4418/1 4604/4411/64
f 4340/4420/1 4339/4419/1 4604/4411/64
f 4341/4421/1 4340/4420/1 4604/4411/64
f 4342/4422/1 4341/4421/1 4604/4411/64
f 4343/4423/1 4342/4422/1 4604/4411/64
f 4344/4424/1 4343/4423/1 4604/4411/64
f 4336/4416/56 4335/4415/56 4345/4425/56
f 4346/4426/56 4336/4416/56 4345/4425/56
f 4346/4426/56 4345/4425/56 4347/4427/56
f 4346/4426/56 4347/4427/56 4348/4428/56
f 4349/4429/56 4346/4426/56 4348/4428/56
f 4349/4429/56 4348/4428/56 4350/4430/56
f 4349/4429/56 4350/4430/56 4351/4431/56
f 4352/4432/56 4349/4429/56 4351/4431/56
f 4352/4432/56 4351/4431/56 4353/4433/56
f 4352/4432/56 4353/4433/56 4354/4434/56
f 4352/4432/56 4354/4434/56 4355/4435/56
f 4356/4436/56 4352/4432/56 4355/4435/56
f 4356/4436/56 4355/4435/56 4357/4437/56
f 4356/4436/56 4357/4437/56 4358/4438/56
f 4359/4439/56 4356/4436/56 4358/4438/56
f 4359/4439/56 4358/4438/56 4360/4440/56
f 4359/4439/56 4360/4440/56 4361/4441/56
f 4359/4439/56 4361/4441/56 4362/4442/56
f 4363/4443/56 4359/4439/56 4362/4442/56
f 4363/4443/56 4362/4442/56 4364/4444/56
f 4363/4443/56 4364/4444/56 4365/4445/56
f 4363/4443/56 4365/4445/56 4366/4446/56
f 4367/4447/56 4363/4443/56 4366/4446/56
f 4367/4447/56 4366/4446/56 4368/4448/56
f 4367/4447/56 4368/4448/56 4369/4449/56
f 4367/4447/56 4369/4449/56 4370/4450/56
f 4371/4451/56 4367/4447/56 4370/4450/56
f 4371/4451/56 4370/4450/56 4372/4452/56
f 4371/4451/56 4372/4452/56 4373/4453/56
f 4374/4454/56 4371/4451/56 4373/4453/56
f 4374/4454/56 4373/4453/56 4375/4455/56
f 4376/4456/56 4374/4454/56 4375/4455/56
f 4376/4456/56 4375/4455/56 4377/4457/56
f 4378/4458/56 4376/4456/56 4377/4457/56
f 4378/4458/56 4377/4457/56 4379/4459/56
f 4380/4460/56 4378/4458/56 4379/4459/56
f 4381/4461/56 4380/4460/56 4379/4459/56
f 4382/4462/56 4381/4461/56 4379/4459/56
f 4382/4462/56 4379/4459/56 4383/4463/56
f 4384/4464/56 4382/4462/56 4383/4463/56
f 4385/4465/56 4384/4464/56 4383/4463/56
f 4386/4466/56 4385/4465/56 4383/4463/56
f 4386/4466/56 4383/4463/56 4387/4467/56
f 4388/4468/56 4386/4466/56 4387/4467/56
f 4389/4469/56 4388/4468/56 4387/4467/56
f 4390/4470/56 4389/4469/56 4387/4467/56
f 4391/4471/56 4390/4470/56 4387/4467/56
f 4391/4471/56 4387/4467/56 4392/4472/56
f 4393/4473/56 4391/4471/56 4392/4472/56
f 4394/4474/56 4393/4473/56 4392/4472/56
f 4394/4474/56 4392/4472/56 4395/4475/56
f 4396/4476/56 4394/4474/56 4395/4475/56
f 4397/4477/56 4396/4476/56 4395/4475/56
f 4398/4478/56 4397/4477/56 4395/4475/56
f 4398/4478/56 4395/4475/56 4399/4479/56
f 4400/4480/56 4398/4478/56 4399/4479/56
f 4401/4481/56 4400/4480/56 4399/4479/56
f 4401/4481/56 4399/4479/56 4402/4482/56
f 4403/4483/56 4401/4481/56 4402/4482/56
f 4403/4483/56 4402/4482/56 4404/4484/56
f 4405/4485/56 4403/4483/56 4404/4484/56
f 4406/4486/56 4405/4485/56 4404/4484/56
f 4406/4486/56 4404/4484/56 4407/4487/56
f 4408/4488/56 4406/4486/56 4407/4487/56
f 4408/4488/56 4407/4487/56 4409/4489/56
f 4410/4490/56 4408/4488/56 4409/4489/56
f 4412/4491/56 4411/4492/56 4413/4493/56
f 4412/4491/56 4413/4493/56 4414/4494/56
f 4412/4491/56 4414/4494/56 4415/4495/56
f 4412/4491/56 4415/4495/56 4416/4496/56
f 4412/4491/56 4416/4496/56 4417/4497/56
f 4412/4491/56 4417/4497/56 4418/4498/56
f 4412/4491/56 4418/4498/56 4419/4499/56
f 4412/4491/56 4419/4499/56 4420/4500/56
f 4412/4491/56 4420/4500/56 4421/4501/56
f 4412/4491/56 4421/4501/56 4422/4502/56
f 4412/4491/56 4422/4502/56 4423/4503/56
f 4424/4504/56 4410/4490/56 4409/4489/56
f 4412/4491/56 4423/4503/56 4425/4505/56
f 4424/4504/56 4409/4489/56 4426/4506/56
f 4427/4507/56 4412/4491/56 4425/4505/56
f 4428/4508/56 4424/4504/56 4426/4506/56
f 4427/4507/56 4425/4505/56 4429/4509/56
f 4430/4510/56 4428/4508/56 4426/4506/56
f 4430/4510/56 4426/4506/56 4431/4511/56
f 4427/4507/56 4429/4509/56 4432/4512/56
f 4433/4513/56 4427/4507/56 4432/4512/56
f 4434/4514/56 4430/4510/56 4431/4511/56
f 4433/4513/56 4432/4512/56 4435/4515/56
f 4434/4514/56 4431/4511/56 4436/4516/56
f 4437/4517/56 4434/4514/56 4436/4516/56
f 4433/4513/56 4435/4515/56 4438/4518/56
f 4439/4519/56 4433/4513/56 4438/4518/56
f 4440/4520/56 4437/4517/56 4436/4516/56
f 4439/4519/56 4438/4518/56 4441/4521/56
f 4440/4520/56 4436/4516/56 4442/4522/56
f 4443/4523/56 4440/4520/56 4442/4522/56
f 4439/4519/56 4441/4521/56 4444/4524/56
f 4445/4525/56 4439/4519/56 4444/4524/56
f 4446/4526/56 4443/4523/56 4442/4522/56
f 4445/4525/56 4444/4524/56 4447/4527/56
f 4446/4526/56 4442/4522/56 4448/4528/56
f 4449/4529/56 4446/4526/56 4448/4528/56
f 4445/4525/56 4447/4527/56 4450/4530/56
f 4451/4531/56 4445/4525/56 4450/4530/56
f 4452/4532/56 4449/4529/56 4448/4528/56
f 4451/4531/56 4450/4530/56 4453/4533/98
f 4454/4534/56 4452/4532/56 4448/4528/56
f 4454/4534/56 4448/4528/56 4455/4535/56
f 4451/4531/56 4453/4533/98 4456/4536/131
f 4457/4537/56 4451/4531/56 4456/4536/131
f 4458/4538/56 4454/4534/56 4455/4535/56
f 4457/4537/56 4456/4536/131 4459/4539/98
f 4458/4538/56 4455/4535/56 4460/4540/56
f 4463/4541/56 4458/4538/56 4460/4540/56
f 4457/4537/56 4459/4539/98 4461/4542/56
f 4462/4543/56 4457/4537/56 4461/4542/56
f 4465/4544/56 4463/4541/56 4460/4540/56
f 4462/4543/56 4461/4542/56 4464/4545/56
f 4462/4543/56 4464/4545/56 4466/4546/56
f 4468/4547/56 4465/4544/56 4460/4540/56
f 4468/4547/56 4460/4540/56 4467/4548/56
f 4462/4543/56 4466/4546/56 4471/4549/56
f 4469/4550/56 4462/4543/56 4471/4549/56
f 4470/4551/56 4468/4547/56 4467/4548/56
f 4472/4552/56 4470/4551/56 4467/4548/56
f 4469/4550/56 4471/4549/56 4473/4553/90
f 4474/4554/56 4472/4552/56 4467/4548/56
f 4469/4550/56 4473/4553/90 4474/4554/56
f 4469/4550/56 4474/4554/56 4467/4548/56
f 4469/4550/56 4467/4548/56 4475/4555/56
f 4476/4556/56 4469/4550/56 4475/4555/56
f 4476/4556/56 4475/4555/56 4477/4557/56
f 4478/4558/56 4476/4556/56 4477/4557/56
f 4478/4558/56 4477/4557/56 4479/4559/56
f 4480/4560/56 4478/4558/56 4479/4559/56
f 4481/4561/56 4480/4560/56 4479/4559/56
f 4481/4561/56 4479/4559/56 4482/4562/56
f 4481/4561/56 4482/4562/56 4483/4563/56
f 4484/4564/93 4481/4561/56 4483/4563/56
f 4484/4564/93 4483/4563/56 4485/4565/56
f 4486/4566/56 4484/4564/93 4485/4565/56
f 4486/4566/56 4485/4565/56 4487/4567/56
f 4488/4568/56 4486/4566/56 4487/4567/56
f 4488/4568/56 4487/4567/56 4489/4569/56
f 4490/4570/56 4488/4568/56 4489/4569/56
f 4490/4570/56 4489/4569/56 4491/4571/56
f 4492/4572/56 4490/4570/56 4491/4571/56
f 4492/4572/56 4491/4571/56 4493/4573/56
f 4494/4574/56 4492/4572/56 4493/4573/56
f 4494/4574/56 4493/4573/56 4495/4575/56
f 4496/4576/56 4494/4574/56 4495/4575/56
f 4496/4576/56 4495/4575/56 4497/4577/56
f 4498/4578/56 4496/4576/56 4497/4577/56
f 4498/4578/56 4497/4577/56 4499/4579/56
f 4500/4580/56 4498/4578/56 4499/4579/56
f 4500/4580/56 4499/4579/56 4501/4581/56
f 4502/4582/56 4500/4580/56 4501/4581/56
f 4502/4582/56 4501/4581/56 4503/4583/56
f 4505/4584/56 4504/4585/56 4506/4586/56
f 4506/4586/56 4504/4585/56 4507/4587/56
f 4506/4586/56 4507/4587/56 4508/4588/56
f 4505/4584/56 4506/4586/56 4509/4589/56
f 4505/4584/56 4509/4589/56 4510/4590/56
f 4510/4590/56 4509/4589/56 4511/4591/56
f 4510/4590/56 4511/4591/56 4512/4592/56
f 4505/4584/56 4510/4590/56 4513/4593/56
f 4505/4584/56 4513/4593/56 4514/4594/56
f 4505/4584/56 4514/4594/56 4515/4595/56
f 4517/4596/56 4516/4597/56 4518/4598/56
f 4517/4596/56 4518/4598/56 4519/4599/56
f 4519/4599/56 4518/4598/56 4520/4600/56
f 4520/4600/56 4521/4601/56 4522/4602/56
f 4520/4600/56 4522/4602/56 4523/4603/56
f 4517/4596/56 4519/4599/56 4524/4604/56
f 4525/4605/56 4519/4599/56 4520/4600/56
f 4525/4605/56 4520/4600/56 4523/4603/56
f 3841/3920/132 1568/3924/133 1567/3920/132
f 2735/2816/134 451/2820/135 450/2816/136
f 3186/3265/137 985/3263/138 984/3265/139
f 3846/3925/140 1609/3921/141 1608/3925/140
f 4296/4375/142 2044/4370/143 2043/4375/144
f 3185/3264/145 998/3266/146 997/3264/147
f 3397/3476/148 1196/3484/149 1195/3476/150
f 4288/4368/151 2079/4376/152 2078/4368/153
f 3406/3486/143 1163/3478/70 1162/3486/143
f 3847/3926/154 1547/3922/155 1546/3926/154
f 2745/2825/156 483/2819/157 482/2825/158
f 3844/3923/159 1530/3927/160 1529/3923/159
f 3188/3267/161 984/3265/139 983/3267/161
f 2741/2820/162 452/2826/163 451/2820/135
f 3845/3924/133 1569/3928/164 1568/3924/133
f 2746/2823/165 413/2827/166 412/2823/165
f 3189/3268/167 983/3267/161 982/3268/167
f 4300/4379/168 2005/4377/169 2004/4379/170
f 3187/3266/171 999/3269/172 998/3266/146
f 4299/4378/173 2017/4380/174 2016/4378/173
f 3850/3929/175 1608/3925/140 1607/3929/175
f 2748/2827/176 414/2829/177 413/2827/166
f 3412/3492/178 1162/3486/143 1161/3492/178
f 3191/3270/179 982/3268/167 981/3270/179
f 3405/3484/149 1197/3493/180 1196/3484/149
f 3851/3930/181 1546/3926/154 1545/3930/181
f 4302/4381/182 2043/4375/144 2042/4381/182
f 3190/3269/172 1000/3271/183 999/3269/172
f 3848/3927/184 1531/3931/185 1530/3927/160
f 2751/2830/186 417/2828/187 416/2830/186
f 4297/4376/152 2080/4382/188 2079/4376/152
f 2750/2829/177 415/2831/189 414/2829/177
f 3849/3928/190 1570/3932/191 1569/3928/164
f 3193/3272/192 981/3270/179 980/3272/192
f 3415/3494/193 1134/3496/174 1133/3494/193
f 4304/4383/194 2004/4379/170 2003/4383/195
f 3192/3271/183 1001/3273/196 1000/3271/183
f 2752/2831/189 416/2830/186 415/2831/189
f 4301/4380/174 2018/4384/197 2017/4380/174
f 3854/3933/198 1607/3929/175 1606/3933/198
f 3418/3497/199 1161/3492/178 1160/3497/199
f 3195/3274/200 980/3272/192 979/3274/200
f 3413/3493/180 1198/3498/201 1197/3493/180
f 3855/3934/202 1545/3930/181 1544/3934/202
f 2753/2832/203 482/2825/158 481/2832/204
f 4306/4385/205 2003/4383/195 2002/4385/206
f 3194/3273/196 1002/3275/207 1001/3273/196
f 3852/3931/185 1532/3935/208 1531/3931/185
f 2747/2826/209 453/2833/210 452/2826/163
f 4305/4384/211 2019/4386/212 2018/4384/197
f 3420/3499/213 1120/3495/214 1119/3499/215
f 3417/3496/174 1135/3500/216 1134/3496/174
f 3857/3936/217 1544/3934/202 1543/3936/218
f 2755/2834/219 481/2832/204 480/2834/219
f 4308/4387/220 2002/4385/206 2001/4387/221
f 3856/3935/222 1533/3937/223 1532/3935/208
f 2303/2382/66 14/2381/66 13/2382/66
f 2754/2833/210 454/2835/224 453/2833/210
f 4309/4388/225 2042/4381/182 2041/4388/226
f 3422/3501/227 1119/3499/215 1118/3501/227
f 3853/3932/191 1571/3938/228 1570/3932/191
f 2305/2383/67 13/2382/67 12/2383/67
f 4303/4382/229 2081/4389/230 2080/4382/188
f 3421/3500/216 1136/3502/231 1135/3500/216
f 2757/2836/232 480/2834/219 479/2836/233
f 2306/2384/69 12/2383/69 11/2384/69
f 2756/2835/234 455/2837/235 454/2835/224
f 4307/4386/236 2020/4390/237 2019/4386/212
f 3860/3939/238 1606/3933/198 1605/3939/239
f 2304/2381/68 15/2385/68 14/2381/68
f 3424/3503/240 1118/3501/227 1117/3503/240
f 2758/2837/235 456/2838/241 455/2837/235
f 2307/2385/66 16/2386/66 15/2385/66
f 3861/3940/242 1543/3936/218 1542/3940/242
f 4312/4391/243 2001/4387/221 2000/4391/244
f 3425/3504/225 1160/3497/199 1159/3504/225
f 3858/3937/223 1534/3941/245 1533/3937/223
f 4311/4390/237 2021/4392/246 2020/4390/237
f 3419/3498/201 1199/3505/247 1198/3498/201
f 2760/2839/248 479/2836/233 478/2839/248
f 2309/2387/68 11/2384/68 18/2387/68
f 3859/3938/228 1572/3942/249 1571/3938/228
f 3423/3502/231 1137/3506/237 1136/3502/231
f 2308/2386/250 17/2388/250 16/2386/250
f 2761/2840/251 478/2839/248 477/2840/251
f 4314/4393/252 2000/4391/244 1999/4393/253
f 2310/2388/69 18/2387/69 17/2388/69
f 2759/2838/241 457/2841/254 456/2838/241
f 2311/2390/66 30/2389/66 29/2390/66
f 3864/3943/255 1605/3939/239 1604/3943/255
f 4315/4394/256 2041/4388/226 2040/4394/257
f 3428/3507/258 1117/3503/240 1116/3507/258
f 4310/4389/259 2082/4395/260 2081/4389/230
f 3427/3506/237 1138/3508/246 1137/3506/237
f 3865/3944/261 1542/3940/242 1541/3944/261
f 2763/2842/262 477/2840/251 476/2842/262
f 3862/3941/245 1535/3945/263 1534/3941/245
f 2762/2841/264 458/2843/265 457/2841/254
f 4313/4392/246 2022/4396/266 2021/4392/246
f 2314/2392/67 29/2390/67 28/2392/67
f 3430/3509/267 1116/3507/258 1115/3509/268
f 2313/2391/68 27/2393/68 26/2391/68
f 3867/3946/269 1541/3944/261 1540/3946/270
f 2315/2393/69 28/2392/69 27/2393/69
f 2765/2844/271 476/2842/262 475/2844/271
f 4318/4397/272 1999/4393/253 1998/4397/273
f 3431/3510/257 1159/3504/225 1158/3510/257
f 3866/3945/263 1536/3947/274 1535/3945/263
f 2764/2843/265 459/2845/275 458/2843/265
f 4317/4396/266 2023/4398/276 2022/4396/266
f 3426/3505/247 1200/3511/277 1199/3505/247
f 2316/2394/69 26/2391/69 25/2394/69
f 3863/3942/249 1573/3948/278 1572/3942/249
f 3429/3508/246 1139/3512/279 1138/3508/246
f 2767/2846/280 475/2844/271 474/2846/280
f 4320/4399/281 2040/4394/257 2039/4399/281
f 2766/2845/275 460/2847/282 459/2845/275
f 3870/3949/283 1604/3943/255 1603/3949/283
f 2318/2396/67 25/2394/67 24/2396/67
f 4321/4400/284 1998/4397/273 1997/4400/285
f 3434/3513/286 1115/3509/268 1114/3513/286
f 2317/2395/68 23/2397/68 22/2395/68
f 4316/4395/260 2083/4401/287 2082/4395/260
f 3433/3512/288 1140/3514/289 1139/3512/279
f 3871/3950/290 1540/3946/270 1539/3950/291
f 2319/2397/69 24/2396/69 23/2397/69
f 2769/2848/292 474/2846/280 473/2848/292
f 3868/3947/274 1537/3951/293 1536/3947/274
f 2768/2847/282 461/2849/294 460/2847/282
f 4319/4398/289 2024/4402/295 2023/4398/276
f 2320/2398/69 22/2395/69 21/2398/69
f 3436/3515/281 1158/3510/257 1157/3515/281
f 3873/3952/67 1539/3950/291 1538/3952/67
f 2321/2399/67 21/2398/67 20/2399/67
f 2771/2850/296 473/2848/292 472/2850/297
f 4324/4403/298 1997/4400/285 1996/4403/299
f 3437/3516/300 1114/3513/286 1113/3516/300
f 3872/3951/293 1538/3952/67 1537/3951/293
f 2322/2400/69 20/2399/69 19/2400/69
f 2770/2849/294 462/2851/301 461/2849/294
f 4323/4402/295 2025/4404/302 2024/4402/295
f 3432/3511/277 1201/3517/303 1200/3511/277
f 2323/2402/304 140/2401/305 139/2402/304
f 3435/3514/289 1141/3518/306 1140/3514/289
f 3869/3948/278 1574/3953/307 1573/3948/278
f 2325/2403/308 139/2402/304 138/2403/308
f 2773/2852/309 472/2850/297 471/2852/309
f 4326/4405/310 2039/4399/281 2038/4405/310
f 2772/2851/311 463/2853/312 462/2851/301
f 4322/4401/313 2084/4406/314 2083/4401/287
f 2326/2404/315 138/2403/308 137/2404/315
f 3440/3519/316 1113/3516/300 1112/3519/316
f 3875/3954/317 1603/3949/283 1602/3954/317
f 2324/2401/305 141/2405/318 140/2401/305
f 3439/3518/319 1142/3520/320 1141/3518/306
f 3874/3953/307 1575/3955/321 1574/3953/307
f 2775/2854/322 471/2852/309 470/2854/322
f 4328/4407/323 1996/4403/299 1995/4407/324
f 2774/2853/312 464/2855/325 463/2853/312
f 4325/4404/326 2026/4408/327 2025/4404/302
f 2328/2406/328 137/2404/315 136/2406/328
f 3442/3521/329 1157/3515/281 1156/3521/329
f 3877/3956/330 1602/3954/317 1601/3956/330
f 2327/2405/318 142/2407/331 141/2405/318
f 3438/3517/303 1202/3522/332 1201/3517/303
f 3876/3955/321 1576/3957/333 1575/3955/321
f 2777/2856/334 470/2854/322 469/2856/334
f 4330/4409/335 1995/4407/324 1994/4409/335
f 2776/2855/325 465/2857/336 464/2855/325
f 4329/4408/337 2027/4410/338 2026/4408/327
f 2330/2408/339 136/2406/328 135/2408/339
f 3444/3523/340 1112/3519/316 1111/3523/340
f 3879/3958/341 1601/3956/330 1600/3958/342
f 2329/2407/331 143/2409/343 142/2407/331
f 4327/4406/314 2085/4412/344 2084/4406/314
f 3441/3520/345 1143/3524/346 1142/3520/320
f 3878/3957/333 1577/3959/347 1576/3957/333
f 2779/2858/348 469/2856/334 468/2858/348
f 2778/2857/336 466/2859/349 465/2857/336
f 2332/2410/350 135/2408/339 134/2410/350
f 4333/4413/351 1994/4409/335 1993/4413/352
f 3446/3525/353 1111/3523/340 1110/3525/353
f 3881/3960/354 1600/3958/342 1599/3960/355
f 2331/2409/343 144/2411/356 143/2409/343
f 2780/2859/349 467/2860/357 466/2859/349
f 4331/4410/358 2028/4414/359 2027/4410/338
f 3445/3524/346 1144/3526/338 1143/3524/346
f 2781/2860/357 468/2858/348 467/2860/357
f 3882/3961/360 1599/3960/355 1598/3961/361
f 2782/2862/362 600/2861/363 599/2862/362
f 4335/4415/364 1993/4413/352 1992/4415/364
f 3880/3959/347 1578/3962/365 1577/3959/347
f 2334/2412/366 134/2410/350 133/2412/366
f 4332/4412/344 2086/4416/367 2085/4412/344
f 3448/3527/368 1156/3521/329 1155/3527/368
f 2333/2411/369 145/2413/370 144/2411/356
f 2784/2863/308 599/2862/362 598/2863/308
f 3443/3522/332 1203/3528/371 1202/3522/332
f 4337/4417/68 2030/4418/68 2029/4417/68
f 3884/3963/372 1598/3961/361 1597/3963/372
f 2785/2864/373 598/2863/308 597/2864/373
f 4338/4418/68 2031/4419/68 2030/4418/68
f 3883/3962/365 1579/3964/374 1578/3962/365
f 2336/2414/375 133/2412/366 132/2414/375
f 2783/2861/363 601/2865/376 600/2861/363
f 4339/4419/68 2032/4420/68 2031/4419/68
f 3450/3529/352 1110/3525/353 1109/3529/352
f 2335/2413/377 146/2415/378 145/2413/370
f 4340/4420/68 2033/4421/68 2032/4420/68
f 3447/3526/338 1145/3530/359 1144/3526/338
f 4341/4421/68 2034/4422/68 2033/4421/68
f 3886/3965/379 1597/3963/372 1596/3965/379
f 2787/2866/380 597/2864/373 596/2866/380
f 4342/4422/68 2035/4423/68 2034/4422/68
f 3885/3964/374 1580/3966/381 1579/3964/374
f 2338/2416/382 132/2414/375 131/2416/383
f 2786/2865/376 602/2867/384 601/2865/376
f 4343/4423/68 2036/4424/68 2035/4423/68
f 3452/3531/364 1109/3529/352 1108/3531/364
f 3449/3528/371 1204/3532/385 1203/3528/371
f 2339/2417/386 131/2416/383 130/2417/386
f 4345/4425/387 1992/4415/364 1991/4425/388
f 3888/3967/389 1596/3965/379 1595/3967/390
f 2337/2415/378 147/2418/391 146/2415/378
f 2789/2868/392 596/2866/380 595/2868/392
f 4336/4416/367 2087/4426/393 2086/4416/367
f 3887/3966/381 1581/3968/394 1580/3966/381
f 2788/2867/384 603/2869/395 602/2867/384
f 3454/3533/68 1147/3534/68 1146/3533/68
f 2341/2419/396 130/2417/386 129/2419/397
f 4347/4427/398 1991/4425/388 1990/4427/399
f 3455/3534/68 1148/3535/68 1147/3534/68
f 3890/3969/400 1595/3967/390 1594/3969/400
f 2340/2418/401 148/2420/402 147/2418/391
f 2791/2870/403 595/2868/392 594/2870/403
f 3889/3968/394 1582/3970/404 1581/3968/394
f 2790/2869/395 604/2871/405 603/2869/395
f 4348/4428/406 1990/4427/399 1989/4428/406
f 3456/3535/68 1149/3536/68 1148/3535/68
f 4346/4426/407 2088/4429/408 2087/4426/393
f 2343/2421/409 129/2419/397 128/2421/409
f 3457/3536/68 1150/3537/68 1149/3536/68
f 3892/3971/410 1594/3969/400 1593/3971/410
f 2342/2420/411 149/2422/412 148/2420/402
f 2793/2872/413 594/2870/403 593/2872/413
f 3891/3970/404 1583/3972/414 1582/3970/404
f 2792/2871/405 605/2873/415 604/2871/405
f 4350/4430/416 1989/4428/406 1988/4430/416
f 3458/3537/68 1151/3538/68 1150/3537/68
f 2345/2423/417 128/2421/409 127/2423/417
f 4351/4431/418 1988/4430/416 1987/4431/419
f 3459/3538/68 1152/3539/68 1151/3538/68
f 3894/3973/420 1593/3971/410 1592/3973/420
f 2344/2422/412 150/2424/421 149/2422/412
f 2795/2874/422 593/2872/413 592/2874/422
f 4349/4429/408 2089/4432/423 2088/4429/408
f 3893/3972/414 1584/3974/424 1583/3972/414
f 2794/2873/425 606/2875/426 605/2873/415
f 3460/3539/68 1153/3540/68 1152/3539/68
f 2347/2425/427 127/2423/417 126/2425/427
f 4353/4433/428 1987/4431/419 1986/4433/428
f 3461/3540/68 1154/3541/68 1153/3540/68
f 3896/3975/429 1592/3973/420 1591/3975/429
f 2346/2424/421 151/2426/430 150/2424/421
f 2797/2876/431 592/2874/422 591/2876/431
f 3462/3541/68 1155/3527/68 1154/3541/68
f 3895/3974/424 1585/3976/432 1584/3974/424
f 4354/4434/433 1986/4433/428 1985/4434/433
f 2798/2877/434 591/2876/431 590/2877/435
f 3463/3542/436 1108/3531/364 1107/3542/436
f 2349/2427/437 126/2425/427 125/2427/438
f 2796/2875/426 607/2878/439 606/2875/426
f 4355/4435/440 1985/4434/433 1984/4435/441
f 3453/3532/385 1205/3543/442 1204/3532/385
f 3898/3977/443 1591/3975/429 1590/3977/443
f 2348/2426/444 152/2428/445 151/2426/430
f 4352/4432/423 2090/4436/446 2089/4432/423
f 3897/3976/432 1586/3978/447 1585/3976/432
f 2800/2879/448 590/2877/435 589/2879/449
f 3465/3544/450 1107/3542/436 1106/3544/450
f 2351/2429/451 125/2427/438 124/2429/451
f 2799/2878/439 608/2880/452 607/2878/439
f 4357/4437/453 1984/4435/441 1983/4437/453
f 3900/3979/454 1590/3977/443 1589/3979/454
f 2350/2428/455 153/2430/456 152/2428/445
f 3466/3545/457 1106/3544/450 1105/3545/458
f 3899/3978/447 1587/3980/459 1586/3978/447
f 4358/4438/460 1983/4437/453 1982/4438/460
f 3464/3543/442 1206/3546/461 1205/3543/442
f 2802/2881/462 589/2879/449 588/2881/463
f 4356/4436/464 2091/4439/465 2090/4436/446
f 3901/3980/459 1588/3981/466 1587/3980/459
f 2801/2880/467 609/2882/468 608/2880/452
f 3902/3981/466 1589/3979/454 1588/3981/466
f 3468/3547/469 1105/3545/458 1104/3547/470
f 3903/3983/66 1617/3982/66 1616/3983/66
f 2354/2432/471 124/2429/451 123/2432/471
f 2804/2883/472 588/2881/463 587/2883/472
f 3469/3548/473 1104/3547/470 1103/3548/473
f 3905/3984/67 1616/3983/67 1615/3984/67
f 2355/2433/474 87/2431/475 86/2433/476
f 2803/2882/412 610/2884/421 609/2882/468
f 4362/4442/477 1980/4441/478 1979/4442/479
f 3467/3546/461 1207/3549/480 1206/3546/461
f 2353/2431/475 88/2434/481 87/2431/475
f 4359/4439/465 2092/4443/482 2091/4439/465
f 3906/3985/69 1615/3984/69 1614/3985/69
f 2356/2434/483 89/2435/484 88/2434/481
f 2806/2885/485 587/2883/472 586/2885/485
f 3471/3550/486 1103/3548/473 1102/3550/486
f 3907/3986/67 1614/3985/67 1613/3986/67
f 2805/2884/421 611/2886/487 610/2884/421
f 4364/4444/477 1979/4442/479 1978/4444/477
f 3908/3987/69 1613/3986/69 1612/3987/69
f 3472/3551/488 1102/3550/486 1101/3551/488
f 3909/3989/66 1629/3988/66 1628/3989/66
f 2358/2436/489 86/2433/476 85/2436/490
f 4365/4445/491 1978/4444/477 1977/4445/491
f 2808/2887/492 586/2885/485 585/2887/492
f 3473/3552/493 1101/3551/488 1100/3552/493
f 2359/2438/494 85/2436/490 84/2438/494
f 2807/2886/495 612/2888/496 611/2886/487
f 4366/4446/491 1977/4445/491 1976/4446/491
f 3470/3549/480 1208/3553/497 1207/3549/480
f 4363/4443/498 2093/4447/499 2092/4443/482
f 3912/3991/67 1628/3989/67 1627/3991/67
f 3911/3990/68 1626/3992/68 1625/3990/68
f 2361/2440/500 123/2432/471 122/2440/501
f 2810/2889/502 585/2887/492 584/2889/502
f 3475/3554/503 1100/3552/493 1099/3554/503
f 3913/3992/69 1627/3991/69 1626/3992/69
f 2352/2430/504 154/2441/505 153/2430/456
f 2809/2888/496 613/2890/506 612/2888/496
f 4368/4448/507 1976/4446/491 1975/4448/507
f 3476/3555/508 1099/3554/503 1098/3555/508
f 3914/3993/69 1625/3990/69 1624/3993/69
f 4369/4449/478 1975/4448/507 1974/4449/479
f 3474/3553/497 1209/3556/509 1208/3553/497
f 4370/4450/479 1974/4449/479 1973/4450/478
f 2367/2445/510 122/2440/501 121/2445/510
f 2813/2892/511 584/2889/502 583/2892/512
f 4367/4447/513 2094/4451/514 2093/4447/499
f 3478/3557/515 1098/3555/508 1097/3557/515
f 3916/3995/67 1624/3993/67 1623/3995/67
f 3915/3994/68 1622/3996/68 1621/3994/68
f 2814/2893/516 547/2891/517 546/2893/518
f 3917/3996/69 1623/3995/69 1622/3996/69
f 2362/2441/505 155/2448/519 154/2441/505
f 2812/2891/520 548/2894/521 547/2891/517
f 3480/3559/522 1096/3558/523 1095/3559/522
f 4373/4453/524 1972/4452/525 1971/4453/524
f 3918/3997/69 1621/3994/69 1620/3997/69
f 2815/2894/526 549/2895/527 548/2894/521
f 4371/4451/528 2095/4454/529 2094/4451/514
f 3481/3560/530 1095/3559/522 1094/3560/530
f 3477/3556/509 1210/3561/531 1209/3556/509
f 3919/3998/67 1620/3997/67 1619/3998/67
f 2371/2450/532 95/2451/533 94/2450/534
f 3920/3999/69 1619/3998/69 1618/3999/69
f 2817/2896/535 546/2893/518 545/2896/535
f 4375/4455/536 1971/4453/524 1970/4455/536
f 3921/4001/66 1636/4000/66 1635/4001/66
f 4374/4454/529 2096/4456/537 2095/4454/529
f 3483/3562/530 1094/3560/530 1093/3562/530
f 2374/2452/538 121/2445/510 120/2452/538
f 2818/2897/539 545/2896/535 544/2897/539
f 3923/4002/67 1635/4001/67 1634/4002/67
f 2819/2900/540 583/2892/512 582/2900/540
f 3484/3563/541 1093/3562/530 1092/3563/541
f 2375/2453/542 80/2449/543 79/2453/544
f 2811/2890/506 614/2901/545 613/2890/506
f 4377/4457/546 1970/4455/536 1969/4457/547
f 2373/2451/548 96/2454/549 95/2451/533
f 4376/4456/550 2097/4458/551 2096/4456/537
f 3485/3564/552 1092/3563/541 1091/3564/552
f 3482/3561/531 1211/3565/553 1210/3561/531
f 3925/4004/554 1634/4002/554 1633/4004/554
f 3926/4005/555 1633/4004/555 1632/4005/555
f 2377/2455/556 79/2453/544 78/2455/556
f 4379/4459/557 1969/4457/547 1968/4459/557
f 2370/2448/519 156/2456/558 155/2448/519
f 2825/2904/510 582/2900/540 581/2904/510
f 3487/3566/559 1091/3564/552 1090/3566/559
f 3927/4006/67 1632/4005/67 1631/4006/67
f 4380/4460/560 2099/4461/561 2098/4460/562
f 2376/2454/563 97/2457/564 96/2454/549
f 3488/3567/530 1090/3566/559 1089/3567/530
f 2820/2901/565 615/2907/566 614/2901/545
f 4381/4461/561 2100/4462/567 2099/4461/561
f 3489/3568/530 1089/3567/530 1088/3568/530
f 3929/4008/69 1631/4006/69 1630/4008/69
f 2380/2458/568 120/2452/538 119/2458/568
f 3486/3565/553 1212/3569/569 1211/3565/553
f 2379/2457/570 98/2459/571 97/2457/564
f 4383/4463/572 1968/4459/557 1967/4463/573
f 3930/4009/574 1641/4007/574 1640/4009/574
f 2829/2909/575 554/2910/576 553/2909/577
f 4382/4462/567 2101/4464/567 2100/4462/567
f 3928/4007/66 1642/4010/66 1641/4007/66
f 3931/4010/68 1630/4008/68 1642/4010/68
f 2382/2460/578 78/2455/556 77/2460/578
f 4384/4464/561 2102/4465/560 2101/4464/567
f 3492/3571/579 1087/3570/580 1086/3571/579
f 3922/4000/68 1637/4011/68 1636/4000/68
f 2381/2459/571 99/2461/581 98/2459/571
f 2832/2911/582 581/2904/510 580/2911/582
f 3490/3569/569 1213/3572/583 1212/3569/569
f 3932/4011/69 1638/4003/69 1637/4011/69
f 4385/4465/560 2103/4466/584 2102/4465/560
f 3924/4003/585 1639/4012/585 1638/4003/585
f 2833/2912/586 540/2908/543 539/2912/586
f 2384/2462/587 119/2458/568 118/2462/587
f 2831/2910/576 555/2913/588 554/2910/576
f 3494/3573/536 1086/3571/579 1085/3573/536
f 3933/4012/68 1640/4009/68 1639/4012/68
f 2383/2461/589 100/2463/590 99/2461/581
f 4387/4467/591 1967/4463/573 1966/4467/591
f 3493/3572/583 1214/3574/592 1213/3572/583
f 3934/4014/66 1645/4013/66 1644/4014/66
f 4386/4466/584 2104/4468/561 2103/4466/584
f 2378/2456/593 157/2464/594 156/2456/558
f 2835/2914/556 539/2912/586 538/2914/556
f 3936/4015/67 1644/4014/67 1643/4015/67
f 2828/2907/566 616/2915/595 615/2907/566
f 4388/4468/561 2105/4469/560 2104/4468/561
f 3496/3575/596 1085/3573/536 1084/3575/596
f 3935/4013/68 1646/4016/68 1645/4013/68
f 3495/3574/592 1215/3576/597 1214/3574/592
f 3937/4016/69 1643/4015/69 1646/4016/69
f 2387/2465/598 77/2460/578 76/2465/599
f 2834/2913/588 556/2916/600 555/2913/588
f 3938/4018/66 1650/4017/66 1649/4018/66
f 2385/2463/601 101/2466/602 100/2463/590
f 3498/3577/557 1084/3575/596 1083/3577/557
f 3940/4019/67 1649/4018/67 1648/4019/67
f 2838/2917/568 580/2911/582 579/2917/568
f 4392/4472/603 1966/4467/591 1965/4472/603
f 2389/2467/604 118/2462/587 117/2467/605
f 2837/2916/606 557/2918/607 556/2916/600
f 4391/4471/608 2108/4473/609 2107/4471/608
f 3499/3578/567 1217/3579/561 1216/3578/567
f 3941/4020/69 1648/4019/69 1647/4020/69
f 2388/2466/610 102/2468/611 101/2466/602
f 3939/4017/68 1651/4021/68 1650/4017/68
f 4393/4473/612 2109/4474/613 2108/4473/609
f 3500/3579/561 1218/3580/567 1217/3579/561
f 2840/2919/614 538/2914/556 537/2919/578
f 3942/4021/66 1652/4022/66 1651/4021/66
f 2391/2469/615 76/2465/599 75/2469/615
f 2839/2918/616 558/2920/617 557/2918/607
f 2390/2468/618 103/2470/619 102/2468/611
f 4395/4475/620 1965/4472/603 1964/4475/621
f 3502/3581/572 1083/3577/557 1082/3581/572
f 4394/4474/613 2110/4476/622 2109/4474/613
f 3501/3580/567 1219/3582/584 1218/3580/567
f 3944/4023/68 1647/4020/68 1654/4023/68
f 2386/2464/594 158/2471/623 157/2464/594
f 2842/2921/624 579/2917/568 578/2921/625
f 3943/4022/68 1653/4024/68 1652/4022/68
f 2841/2920/626 559/2922/627 558/2920/617
f 4396/4476/628 2111/4477/629 2110/4476/622
f 3503/3582/584 1220/3583/561 1219/3582/584
f 3945/4024/69 1654/4023/69 1653/4024/69
f 3946/4026/66 1658/4025/66 1657/4026/66
f 2394/2472/630 117/2467/605 116/2472/630
f 2836/2915/595 617/2923/631 616/2915/595
f 4397/4477/632 2112/4478/633 2111/4477/629
f 3504/3583/561 1221/3584/584 1220/3583/561
f 2392/2470/619 104/2473/634 103/2470/619
f 3948/4027/67 1657/4026/67 1656/4027/67
f 2845/2924/599 537/2919/578 536/2924/598
f 4399/4479/635 1964/4475/621 1963/4479/635
f 3506/3585/636 1082/3581/572 1081/3585/636
f 3949/4028/69 1656/4027/69 1655/4028/69
f 2396/2474/637 75/2469/615 74/2474/637
f 2843/2922/638 560/2925/639 559/2922/627
f 4398/4478/640 2113/4480/641 2112/4478/633
f 3505/3584/584 1222/3586/561 1221/3584/584
f 3947/4025/68 1659/4029/68 1658/4025/68
f 2395/2473/642 105/2475/643 104/2473/634
f 4400/4480/641 2114/4481/644 2113/4480/641
f 3507/3586/561 1223/3587/561 1222/3586/561
f 3950/4029/66 1660/4030/66 1659/4029/66
f 2397/2475/645 106/2477/646 105/2475/643
f 2847/2926/647 578/2921/625 577/2926/647
f 2393/2471/648 159/2478/649 158/2471/623
f 2846/2925/639 561/2927/650 560/2925/639
f 3508/3587/561 1224/3588/561 1223/3587/561
f 4402/4482/651 1963/4479/635 1962/4482/652
f 3952/4031/68 1655/4028/68 1662/4031/68
f 2400/2479/68 108/2480/68 107/2479/68
f 4401/4481/653 2115/4483/654 2114/4481/644
f 3951/4030/68 1661/4032/68 1660/4030/68
f 2401/2480/68 109/2481/68 108/2480/68
f 2849/2928/615 536/2924/598 535/2928/615
f 3510/3589/655 1226/3590/656 1225/3589/657
f 3953/4032/69 1662/4031/69 1661/4032/69
f 2402/2481/68 110/2482/68 109/2481/68
f 2848/2927/658 562/2929/659 561/2927/650
f 3954/4034/66 1673/4033/66 1672/4034/66
f 2403/2482/68 111/2483/68 110/2482/68
f 4404/4484/660 1962/4482/652 1961/4484/660
f 2404/2483/68 112/2484/68 111/2483/68
f 2844/2923/661 618/2930/662 617/2923/631
f 4403/4483/663 2116/4485/664 2115/4483/654
f 3512/3591/665 1081/3585/636 1080/3591/665
f 2405/2484/68 113/2485/68 112/2484/68
f 3511/3590/666 1227/3592/667 1226/3590/656
f 2406/2485/68 114/2486/68 113/2485/68
f 4405/4485/664 2117/4486/668 2116/4485/664
f 3957/4036/67 1672/4034/67 1671/4036/67
f 2852/2931/669 577/2926/647 576/2931/669
f 3513/3592/609 1228/3593/670 1227/3592/667
f 3956/4035/68 1670/4037/68 1669/4035/68
f 2408/2487/671 74/2474/637 73/2487/671
f 2850/2929/659 563/2932/672 562/2929/659
f 3958/4037/69 1671/4036/69 1670/4037/69
f 4407/4487/673 1961/4484/660 1960/4487/673
f 2409/2488/674 73/2487/671 72/2488/675
f 4406/4486/668 2118/4488/676 2117/4486/668
f 3515/3594/621 1080/3591/665 1079/3594/621
f 3959/4038/69 1669/4035/69 1668/4038/69
f 2399/2478/677 160/2489/678 159/2478/649
f 2854/2933/637 535/2928/615 534/2933/637
f 3514/3593/670 1229/3595/679 1228/3593/670
f 2853/2932/680 564/2934/681 563/2932/672
f 4409/4489/682 1960/4487/673 2213/4489/682
f 3516/3595/679 1230/3596/683 1229/3595/679
f 2411/2490/684 72/2488/675 71/2490/685
f 4408/4488/676 2119/4490/686 2118/4488/676
f 3961/4040/67 1668/4038/67 1667/4040/67
f 2410/2489/678 161/2491/687 160/2489/678
f 2856/2935/688 576/2931/669 575/2935/688
f 3517/3596/683 1231/3597/689 1230/3596/683
f 3960/4039/68 1666/4041/68 1665/4039/68
f 2855/2934/645 565/2936/690 564/2934/681
f 4411/4492/691 2167/4491/692 2166/4492/691
f 3962/4041/69 1667/4040/69 1666/4041/69
f 2413/2492/693 71/2490/685 70/2492/694
f 2851/2930/695 619/2937/696 618/2930/662
f 3519/3598/697 1079/3594/621 1078/3598/697
f 3963/4042/69 1665/4039/69 1664/4042/69
f 2412/2491/687 162/2493/698 161/2491/687
f 4414/4494/67 2165/4493/67 2164/4494/67
f 3518/3597/689 1232/3599/699 1231/3597/689
f 3964/4043/67 1664/4042/67 1663/4043/67
f 2859/2938/68 567/2939/68 566/2938/68
f 4415/4495/67 2164/4494/67 2163/4495/67
f 3520/3599/699 1233/3600/700 1232/3599/699
f 3955/4033/68 1674/4044/68 1673/4033/68
f 2415/2494/701 70/2492/694 69/2494/702
f 3965/4044/69 1663/4043/69 1674/4044/69
f 2414/2493/703 163/2495/704 162/2493/698
f 2860/2939/68 568/2940/68 567/2939/68
f 4416/4496/67 2163/4495/67 2162/4496/67
f 3966/4046/66 1679/4045/66 1678/4046/66
f 3522/3601/651 1078/3598/697 1077/3601/651
f 2861/2940/68 569/2941/68 568/2940/68
f 4417/4497/67 2162/4496/67 2161/4497/67
f 3521/3600/700 1234/3602/705 1233/3600/700
f 3968/4047/67 1678/4046/67 1677/4047/67
f 2417/2496/706 69/2494/702 68/2496/707
f 2416/2495/708 164/2497/709 163/2495/704
f 2862/2941/68 570/2942/68 569/2941/68
f 4418/4498/67 2161/4497/67 2160/4498/67
f 3969/4048/69 1677/4047/69 1676/4048/69
f 3524/3603/660 1077/3601/651 1076/3603/660
f 2863/2942/68 571/2943/68 570/2942/68
f 4419/4499/67 2160/4498/67 2159/4499/67
f 3523/3602/705 1235/3604/710 1234/3602/705
f 3970/4049/67 1676/4048/67 1675/4049/67
f 2419/2498/711 68/2496/707 67/2498/712
f 3967/4045/68 1680/4050/68 1679/4045/68
f 2864/2943/68 572/2944/68 571/2943/68
f 4420/4500/67 2159/4499/67 2158/4500/67
f 3525/3604/713 1236/3605/714 1235/3604/710
f 3971/4050/69 1675/4049/69 1680/4050/69
f 2420/2499/715 67/2498/712 66/2499/716
f 3972/4052/66 1688/4051/66 1687/4052/66
f 2418/2497/717 165/2500/718 164/2497/709
f 2865/2944/68 573/2945/68 572/2944/68
f 4421/4501/67 2158/4500/67 2157/4501/67
f 3527/3606/673 1076/3603/660 1075/3606/673
f 3974/4053/67 1687/4052/67 1686/4053/67
f 2866/2945/68 574/2946/68 573/2945/68
f 3526/3605/714 1237/3607/719 1236/3605/714
f 2422/2501/720 66/2499/716 65/2501/720
f 2867/2946/68 575/2935/68 574/2946/68
f 4423/4503/721 2156/4502/722 2155/4503/721
f 3975/4054/69 1686/4053/69 1685/4054/69
f 2421/2500/718 166/2502/723 165/2500/718
f 4410/4490/686 2120/4504/724 2119/4490/686
f 3976/4056/66 1684/4055/66 1683/4056/66
f 2868/2947/671 534/2933/637 533/2947/671
f 3529/3608/684 1075/3606/673 1330/3608/685
f 3528/3607/719 1238/3609/725 1237/3607/719
f 3978/4057/67 1683/4056/67 1682/4057/67
f 2424/2503/726 65/2501/720 64/2503/727
f 2869/2948/674 533/2947/671 532/2948/674
f 4425/4505/728 2155/4503/721 2154/4505/729
f 2423/2502/723 167/2504/730 166/2502/723
f 2858/2937/696 620/2949/731 619/2937/696
f 3531/3611/732 1284/3610/733 1283/3611/732
f 3979/4058/69 1682/4057/69 1681/4058/69
f 4426/4506/734 2213/4489/682 2212/4506/734
f 4412/4491/692 2168/4507/735 2167/4491/692
f 2426/2505/736 64/2503/727 63/2505/736
f 2871/2950/737 532/2948/674 531/2950/737
f 3534/3613/67 1282/3612/67 1281/3613/67
f 2425/2504/730 168/2506/738 167/2504/730
f 2870/2949/731 621/2951/686 620/2949/731
f 4424/4504/739 2121/4508/740 2120/4504/724
f 3977/4055/67 1685/4054/67 1684/4055/67
f 3535/3614/67 1281/3613/67 1280/3614/67
f 3980/4059/68 1691/4060/68 1690/4059/68
f 2428/2507/741 63/2505/736 62/2507/742
f 2873/2952/743 531/2950/737 530/2952/744
f 4429/4509/745 2154/4505/729 2153/4509/745
f 3536/3615/67 1280/3614/67 1279/3615/67
f 2429/2509/746 33/2508/747 32/2509/746
f 2872/2951/686 622/2953/748 621/2951/686
f 4428/4508/749 2122/4510/750 2121/4508/740
f 3973/4051/68 1689/4061/68 1688/4051/68
f 3537/3616/67 1279/3615/67 1278/3616/67
f 3982/4061/69 1690/4059/69 1689/4061/69
f 2431/2510/67 32/2509/67 31/2510/67
f 3981/4060/66 1692/4062/66 1691/4060/66
f 2875/2954/751 530/2952/744 529/2954/752
f 4431/4511/753 2212/4506/734 2211/4511/754
f 3538/3617/67 1278/3616/67 1277/3617/67
f 3983/4062/68 1681/4058/68 1692/4062/68
f 2432/2511/755 31/2510/756 210/2511/755
f 2874/2953/757 623/2955/704 622/2953/748
f 3984/4064/66 1703/4063/66 1702/4064/66
f 4432/4512/758 2153/4509/745 2152/4512/758
f 3539/3618/67 1277/3617/67 1276/3618/67
f 2433/2512/759 62/2507/742 61/2512/759
f 4427/4507/735 2169/4513/760 2168/4507/735
f 2427/2506/738 169/2513/761 168/2506/738
f 2877/2956/762 529/2954/752 528/2956/763
f 3540/3619/67 1276/3618/67 1275/3619/67
f 2876/2955/708 624/2957/764 623/2955/704
f 4430/4510/750 2123/4514/765 2122/4510/750
f 3987/4066/67 1702/4064/67 1701/4066/67
f 2430/2508/747 34/2514/766 33/2508/747
f 3986/4065/68 1700/4067/68 1699/4065/68
f 3542/3621/767 1274/3620/722 1273/3621/767
f 3988/4067/69 1701/4066/69 1700/4067/69
f 2879/2958/768 528/2956/763 527/2958/769
f 4435/4515/770 2152/4512/758 2151/4515/770
f 3530/3609/725 1239/3622/739 1238/3609/725
f 2436/2515/771 210/2511/755 209/2515/772
f 3989/4068/69 1699/4065/69 1698/4068/69
f 2435/2514/773 35/2516/774 34/2514/766
f 2880/2959/715 527/2958/769 526/2959/716
f 4436/4516/775 2211/4511/754 2210/4516/775
f 2878/2957/776 625/2960/777 624/2957/764
f 4434/4514/765 2124/4517/778 2123/4514/765
f 3544/3623/779 1273/3621/767 1272/3623/779
f 2438/2517/780 61/2512/759 60/2517/781
f 3545/3624/782 1330/3608/685 1329/3624/782
f 3991/4070/67 1698/4068/67 1697/4070/67
f 2437/2516/783 36/2518/784 35/2516/774
f 2882/2961/785 526/2959/716 525/2961/785
f 4438/4518/786 2151/4515/770 2150/4518/787
f 3532/3610/733 1285/3625/788 1284/3610/733
f 3990/4069/68 1696/4071/68 1695/4069/68
f 2881/2960/777 626/2962/789 625/2960/777
f 4433/4513/760 2170/4519/790 2169/4513/760
f 3992/4071/69 1697/4070/69 1696/4071/69
f 3543/3622/739 1240/3626/740 1239/3622/739
f 2440/2519/791 209/2515/772 208/2519/791
f 4437/4517/778 2125/4520/792 2124/4517/778
f 3993/4072/69 1695/4069/69 1694/4072/69
f 2434/2513/793 170/2520/794 169/2513/761
f 2884/2963/795 525/2961/785 524/2963/795
f 2883/2962/796 627/2964/797 626/2962/789
f 3548/3627/798 1272/3623/779 1271/3627/798
f 3994/4073/67 1694/4072/67 1693/4073/67
f 2439/2518/799 37/2521/800 36/2518/784
f 4441/4521/801 2150/4518/787 2149/4521/802
f 3547/3626/740 1241/3628/803 1240/3626/740
f 3985/4063/68 1704/4074/68 1703/4063/68
f 3995/4074/69 1693/4073/69 1704/4074/69
f 2886/2965/736 524/2963/795 523/2965/736
f 4442/4522/804 2210/4516/775 2209/4522/804
f 3996/4076/805 1809/4075/806 1808/4076/805
f 2443/2522/807 60/2517/781 59/2522/808
f 2885/2964/797 628/2966/809 627/2964/797
f 4440/4520/792 2126/4523/810 2125/4520/792
f 3550/3629/811 1329/3624/782 1328/3629/811
f 2442/2521/812 38/2523/813 37/2521/800
f 3998/4077/814 1808/4076/805 1807/4077/814
f 3551/3630/815 1271/3627/798 1270/3630/815
f 3997/4075/806 1810/4078/816 1809/4075/806
f 2888/2967/742 523/2965/736 522/2967/741
f 4444/4524/817 2149/4521/802 2148/4524/817
f 3546/3625/788 1286/3631/818 1285/3625/788
f 2445/2524/819 208/2519/791 207/2524/820
f 2889/2969/821 493/2968/822 492/2969/823
f 4439/4519/761 2171/4525/824 2170/4519/790
f 2444/2523/825 39/2525/826 38/2523/813
f 3549/3628/827 1242/3632/828 1241/3628/803
f 4000/4079/829 1807/4077/814 1806/4079/829
f 2891/2970/67 492/2969/67 491/2970/67
f 4443/4523/810 2127/4526/830 2126/4523/810
f 3999/4078/831 1811/4080/832 1810/4078/816
f 2447/2526/833 59/2522/808 58/2526/834
f 2892/2971/755 491/2970/756 670/2971/755
f 3554/3633/835 1270/3630/815 1269/3633/836
f 2446/2525/826 40/2527/837 39/2525/826
f 4447/4527/838 2148/4524/817 2147/4527/838
f 4002/4081/839 1806/4079/829 1805/4081/839
f 2893/2972/759 522/2967/741 521/2972/759
f 3555/3634/840 1328/3629/811 1327/3634/840
f 4001/4080/832 1812/4082/841 1811/4080/832
f 2441/2520/842 171/2528/843 170/2520/794
f 2887/2966/809 629/2973/844 628/2966/809
f 4448/4528/845 2209/4522/804 2208/4528/846
f 3553/3632/828 1243/3635/847 1242/3632/828
f 4446/4526/848 2128/4529/849 2127/4526/830
f 2890/2968/850 494/2974/766 493/2968/822
f 4004/4083/851 1805/4081/839 1804/4083/851
f 2450/2529/852 207/2524/820 206/2529/853
f 3557/3636/854 1269/3633/836 1268/3636/854
f 4003/4082/841 1813/4084/855 1812/4082/841
f 2448/2527/837 41/2530/856 40/2527/837
f 4450/4530/857 2147/4527/838 2146/4530/857
f 3552/3631/818 1287/3637/858 1286/3631/818
f 2896/2975/772 670/2971/755 669/2975/772
f 4445/4525/824 2172/4531/859 2171/4525/824
f 2895/2974/773 495/2976/774 494/2974/766
f 3556/3635/860 1244/3638/861 1243/3635/847
f 4006/4085/862 1804/4083/851 1803/4085/862
f 2452/2531/863 58/2526/834 57/2531/864
f 4449/4529/865 2129/4532/866 2128/4529/849
f 4005/4084/855 1814/4086/867 1813/4084/855
f 2451/2530/856 42/2532/868 41/2530/856
f 2898/2977/781 521/2972/759 520/2977/780
f 3560/3639/869 1268/3636/854 1267/3639/869
f 2897/2976/774 496/2978/870 495/2976/774
f 4453/4533/871 2146/4530/857 2145/4533/872
f 4008/4087/873 1803/4085/862 1802/4087/873
f 2454/2533/874 206/2529/853 205/2533/874
f 4452/4532/875 2130/4534/876 2129/4532/866
f 3561/3640/877 1327/3634/840 1326/3640/877
f 4007/4086/878 1815/4088/879 1814/4086/867
f 2453/2532/880 43/2534/881 42/2532/868
f 3559/3638/861 1245/3641/882 1244/3638/861
f 2900/2979/883 669/2975/772 668/2979/884
f 2449/2528/843 172/2535/885 171/2528/843
f 2894/2973/844 630/2980/886 629/2973/844
f 4455/4535/887 2208/4528/846 2207/4535/888
f 4010/4089/889 1802/4087/873 1801/4089/889
f 3563/3642/890 1267/3639/869 1266/3642/890
f 4009/4088/891 1816/4090/892 1815/4088/879
f 2899/2978/799 497/2981/893 496/2978/870
f 4456/4536/894 2145/4533/872 2144/4536/895
f 3558/3637/858 1288/3643/896 1287/3637/858
f 2457/2536/897 57/2531/864 56/2536/897
f 4451/4531/859 2173/4537/898 2172/4531/859
f 3562/3641/899 1246/3644/900 1245/3641/882
f 4012/4091/901 1801/4089/889 1800/4091/902
f 2903/2982/808 520/2977/780 519/2982/807
f 4011/4090/892 1817/4092/903 1816/4090/892
f 2459/2538/904 205/2533/874 204/2538/905
f 2902/2981/893 498/2983/906 497/2981/893
f 4460/4540/907 2207/4535/888 2206/4540/904
f 3566/3645/908 1266/3642/890 1265/3645/908
f 2456/2535/909 173/2540/910 172/2535/885
f 4014/4093/911 1800/4091/902 1799/4093/912
f 2905/2984/913 668/2979/884 667/2984/272
f 4457/4537/914 2174/4543/162 2173/4537/898
f 3567/3646/915 1326/3640/877 1325/3646/915
f 4013/4092/903 1818/4094/916 1817/4092/903
f 2904/2983/906 499/2985/917 498/2983/906
f 3565/3644/918 1247/3647/919 1246/3644/900
f 4016/4095/920 1799/4093/912 1798/4095/920
f 2464/2544/921 204/2538/905 203/2544/921
f 2907/2986/922 519/2982/807 518/2986/834
f 3569/3648/923 1265/3645/908 1264/3648/924
f 4015/4094/925 1819/4096/926 1818/4094/916
f 2906/2985/917 500/2987/927 499/2985/917
f 3564/3643/928 1289/3649/929 1288/3643/896
f 4467/4548/930 2206/4540/904 2205/4548/931
f 2901/2980/932 631/2988/933 630/2980/886
f 3568/3647/919 1248/3650/934 1247/3647/919
f 4018/4097/935 1798/4095/920 1797/4097/936
f 2461/2540/910 174/2548/210 173/2540/910
f 4462/4543/135 2175/4550/209 2174/4543/162
f 4017/4096/937 1820/4098/938 1819/4096/926
f 4468/4547/939 2135/4551/940 2134/4547/939
f 2910/2989/941 667/2984/272 666/2989/942
f 3572/3651/943 1264/3648/924 1263/3651/943
f 2908/2987/927 501/2990/944 500/2987/927
f 3571/3650/934 1249/3652/945 1248/3650/934
f 4020/4099/946 1797/4097/936 1796/4099/946
f 2471/2550/947 52/2549/948 51/2550/947
f 4470/4551/940 2136/4552/949 2135/4551/940
f 4019/4098/950 1821/4100/951 1820/4098/938
f 2470/2547/952 49/2551/953 48/2547/954
f 2912/2991/955 518/2986/834 517/2991/956
f 3574/3653/957 1325/3646/915 1324/3653/957
f 2911/2990/944 502/2992/958 501/2990/944
f 4473/4553/959 2139/4549/960 2138/4553/961
f 3570/3649/929 1290/3655/962 1289/3649/929
f 4022/4101/963 1796/4099/946 1795/4101/963
f 2473/2552/964 203/2544/921 202/2552/964
f 4472/4552/949 2137/4554/965 2136/4552/949
f 4021/4100/951 1822/4102/966 1821/4100/951
f 2474/2553/967 51/2550/947 50/2553/967
f 2914/2993/968 666/2989/942 665/2993/968
f 3578/3658/157 1324/3653/957 1323/3658/157
f 2472/2551/969 50/2553/967 49/2551/953
f 2913/2992/958 503/2994/970 502/2992/958
f 4474/4554/189 2138/4553/961 2137/4554/965
f 4024/4103/971 1795/4101/963 1794/4103/971
f 4023/4102/966 1823/4104/972 1822/4102/966
f 2909/2988/933 632/2995/973 631/2988/933
f 3575/3655/962 1291/3660/974 1290/3655/962
f 4475/4555/975 2205/4548/931 2204/4555/976
f 2475/2554/977 202/2552/964 201/2554/977
f 4469/4550/209 2176/4556/978 2175/4550/209
f 4026/4105/979 1794/4103/971 1793/4105/979
f 2468/2548/210 175/2555/980 174/2548/210
f 2917/2996/981 517/2991/956 516/2996/981
f 4025/4104/972 1824/4106/982 1823/4104/972
f 4477/4557/983 2204/4555/976 2203/4557/984
f 3585/3665/985 1323/3658/157 1322/3665/985
f 2477/2556/986 201/2554/977 200/2556/986
f 2919/2998/987 665/2993/968 664/2998/987
f 4476/4556/978 2177/4558/988 2176/4556/978
f 2476/2555/989 176/2557/990 175/2555/980
f 3581/3660/974 1292/3666/991 1291/3660/974
f 2916/2995/973 633/3000/992 632/2995/973
f 3586/3663/993 1254/3667/994 1253/3663/993
f 4029/4108/995 1793/4105/979 1792/4108/995
f 4479/4559/996 2203/4557/984 2202/4559/996
f 2479/2558/997 200/2556/986 199/2558/997
f 4478/4558/998 2178/4560/999 2177/4558/988
f 4030/4109/1000 1756/4107/1001 1755/4109/1002
f 2478/2557/1003 177/2559/1004 176/2557/990
f 2923/3004/1005 664/2998/987 663/3004/1005
f 3588/3667/994 1255/3669/1006 1254/3667/994
f 4028/4107/1007 1757/4110/1008 1756/4107/1001
f 4480/4560/1009 2179/4561/1010 2178/4560/999
f 4031/4110/1011 1758/4111/1012 1757/4110/1008
f 2481/2560/1013 199/2558/997 198/2560/1013
f 3591/3670/1014 1258/3668/1015 1257/3670/1016
f 2480/2559/1004 178/2561/1017 177/2559/1004
f 4482/4562/1018 2202/4559/996 2201/4562/1018
f 3590/3669/1006 1256/3671/1019 1255/3669/1006
f 2921/3000/992 634/3008/1020 633/3000/992
f 4483/4563/1021 2201/4562/1018 2200/4563/1022
f 4027/4106/982 1825/4114/1023 1824/4106/982
f 2483/2562/1024 198/2560/1013 197/2562/1024
f 4481/4561/1010 2180/4564/1025 2179/4561/1010
f 3592/3671/1019 1257/3670/1016 1256/3671/1019
f 2482/2561/1017 179/2563/1026 178/2561/1017
f 4036/4116/1027 1792/4108/995 1791/4116/1027
f 2931/3010/1028 512/3009/1029 511/3010/1030
f 2930/3007/1031 509/3011/1032 508/3007/1033
f 4485/4565/1034 2200/4563/1022 2199/4565/1034
f 3593/3672/1035 1322/3665/985 1321/3672/1035
f 2485/2564/1036 197/2562/1024 196/2564/1036
f 4484/4564/1037 2181/4566/1038 2180/4564/1025
f 3587/3666/991 1293/3673/1039 1292/3666/991
f 2484/2563/1040 180/2565/1041 179/2563/1026
f 2933/3012/1042 663/3004/1005 662/3012/1043
f 4041/4120/1044 1791/4116/1027 1790/4120/1044
f 4487/4567/1045 2199/4565/1034 2198/4567/1046
f 3595/3674/1047 1321/3672/1035 1320/3674/1047
f 4035/4114/1048 1826/4121/1049 1825/4114/1023
f 2487/2566/1050 196/2564/1036 195/2566/1051
f 2934/3013/1052 511/3010/1030 510/3013/1052
f 4486/4566/1053 2182/4568/1054 2181/4566/1038
f 3594/3673/1039 1294/3675/1055 1293/3673/1039
f 2486/2565/1041 181/2567/1056 180/2565/1041
f 2932/3011/1032 510/3013/1052 509/3011/1032
f 4489/4569/280 2198/4567/1046 2197/4569/280
f 3597/3676/1057 1320/3674/1047 1319/3676/1057
f 4045/4124/1058 1751/4122/1059 1750/4124/1060
f 2489/2568/1061 195/2566/1051 194/2568/1062
f 4488/4568/1054 2183/4570/1063 2182/4568/1054
f 3596/3675/1055 1295/3677/1064 1294/3675/1055
f 4044/4123/1065 1763/4125/1066 1762/4123/1065
f 2488/2567/1067 182/2569/1068 181/2567/1056
f 2935/3014/1069 662/3012/1043 661/3014/1070
f 2928/3008/1071 635/3015/980 634/3008/1020
f 3598/3677/1072 1296/3678/1073 1295/3677/1064
f 4491/4571/1074 2197/4569/280 2196/4571/1074
f 4047/4126/1075 1790/4120/1044 1789/4126/1075
f 2491/2570/1076 194/2568/1062 193/2570/1076
f 4490/4570/1063 2184/4572/1077 2183/4570/1063
f 4042/4121/1078 1827/4127/1079 1826/4121/1049
f 2937/3016/1080 661/3014/1070 660/3016/1080
f 3600/3679/1018 1319/3676/1057 1318/3679/1018
f 2492/2571/1081 193/2570/1076 192/2571/1081
f 2936/3015/1082 636/3017/990 635/3015/980
f 2490/2569/1068 183/2572/1083 182/2569/1068
f 4493/4573/1084 2196/4571/1074 2195/4573/1084
f 3601/3680/1085 1318/3679/1018 1317/3680/1085
f 4049/4128/215 1750/4124/1060 1749/4128/215
f 4492/4572/1077 2185/4574/1086 2184/4572/1077
f 3599/3678/1073 1297/3681/1087 1296/3678/1073
f 4046/4125/1088 1764/4129/1089 1763/4125/1066
f 2939/3018/1090 660/3016/1080 659/3018/1091
f 2494/2573/1092 192/2571/1081 191/2573/1092
f 2938/3017/990 637/3019/1004 636/3017/990
f 2493/2572/1083 184/2574/1093 183/2572/1083
f 4495/4575/1094 2195/4573/1084 2194/4575/1094
f 3603/3682/1095 1317/3680/1085 1316/3682/1095
f 4051/4130/206 1749/4128/215 1748/4130/206
f 4494/4574/1096 2186/4576/1097 2185/4574/1086
f 3602/3681/1087 1298/3683/1098 1297/3681/1087
f 4050/4129/1099 1765/4131/1100 1764/4129/1089
f 2941/3020/1101 659/3018/1091 658/3020/1102
f 2496/2575/1103 191/2573/1092 190/2575/1103
f 2940/3019/1104 638/3021/1105 637/3019/1004
f 2495/2574/1093 185/2576/1106 184/2574/1093
f 4497/4577/1107 2194/4575/1094 2193/4577/1108
f 3605/3684/1109 1316/3682/1095 1315/3684/1109
f 4053/4132/1110 1748/4130/206 1747/4132/1110
f 4496/4576/1097 2187/4578/1111 2186/4576/1097
f 3604/3683/1112 1299/3685/1113 1298/3683/1098
f 2943/3022/1114 658/3020/1102 657/3022/1115
f 4054/4133/225 1789/4126/1075 1788/4133/225
f 2498/2577/1116 190/2575/1103 189/2577/1116
f 2942/3021/613 639/3023/1117 638/3021/1105
f 4048/4127/1079 1828/4134/1118 1827/4127/1079
f 2497/2576/1119 186/2578/1120 185/2576/1106
f 4499/4579/1121 2193/4577/1108 2192/4579/1121
f 3607/3686/1122 1315/3684/1109 1314/3686/1122
f 4498/4578/1111 2188/4580/336 2187/4578/1111
f 3606/3685/1113 1300/3687/1123 1299/3685/1113
f 4052/4131/1100 1766/4135/1124 1765/4131/1100
f 2945/3024/1125 657/3022/1115 656/3024/1126
f 2500/2579/1127 189/2577/1116 188/2579/1127
f 2944/3023/1128 640/3025/1129 639/3023/1117
f 2499/2578/1120 187/2580/1130 186/2578/1120
f 4501/4581/1131 2192/4579/1121 2191/4581/1131
f 3609/3688/1132 1314/3686/1122 1313/3688/1132
f 4057/4136/1133 1747/4132/1110 1746/4136/258
f 2501/2580/1130 188/2579/1127 187/2580/1130
f 4500/4580/336 2189/4582/349 2188/4580/336
f 3608/3687/1123 1301/3689/1134 1300/3687/1123
f 4056/4135/1135 1767/4137/1136 1766/4135/1124
f 2502/2582/66 218/2581/66 217/2582/66
f 2947/3026/1137 656/3024/1126 655/3026/1138
f 2946/3025/1129 641/3027/1139 640/3025/1129
f 4502/4582/349 2190/4583/1140 2189/4582/349
f 2504/2583/67 217/2582/67 216/2583/67
f 4503/4583/1140 2191/4581/1131 2190/4583/1140
f 3611/3690/1141 1313/3688/1132 1312/3690/1141
f 4059/4138/1142 1746/4136/258 1745/4138/1143
f 4504/4585/66 2224/4584/66 2223/4585/66
f 3610/3689/1134 1302/3691/301 1301/3689/1134
f 2505/2584/69 216/2583/69 215/2584/69
f 2949/3028/1144 655/3026/1138 654/3028/1144
f 4060/4139/605 1788/4133/225 1787/4139/605
f 2506/2586/66 214/2585/66 213/2586/66
f 2948/3027/1145 642/3029/1146 641/3027/1139
f 4055/4134/1118 1829/4140/1147 1828/4134/1118
f 3613/3692/1148 1312/3690/1141 1311/3692/1148
f 2508/2587/67 213/2586/67 212/2587/67
f 4507/4587/67 2223/4585/67 2222/4587/67
f 3612/3691/301 1303/3693/1149 1302/3691/301
f 4058/4137/1150 1768/4141/1151 1767/4137/1136
f 2951/3030/1152 654/3028/1144 653/3030/1152
f 4506/4586/68 2221/4588/68 2220/4586/68
f 2509/2588/69 212/2587/69 211/2588/69
f 4508/4588/69 2222/4587/69 2221/4588/69
f 2952/3031/1153 653/3030/1152 652/3031/1153
f 3615/3694/1154 1311/3692/1148 1310/3694/1154
f 4063/4142/1155 1745/4138/1143 1744/4142/1155
f 2950/3029/1146 643/3032/1156 642/3029/1146
f 4509/4589/69 2220/4586/69 2219/4589/69
f 3614/3693/1149 1304/3695/325 1303/3693/1149
f 4062/4141/1151 1769/4143/1157 1768/4141/1151
f 2507/2585/67 215/2584/67 214/2585/67
f 2510/2589/68 221/2590/68 220/2589/68
f 2954/3033/1158 652/3031/1153 651/3033/1158
f 3617/3696/1159 1310/3694/1154 1309/3696/1159
f 4065/4144/1160 1787/4139/605 1786/4144/1161
f 2953/3032/1156 644/3034/1162 643/3032/1156
f 4511/4591/67 2219/4589/67 2218/4591/67
f 3616/3695/325 1305/3697/336 1304/3695/325
f 4510/4590/68 2217/4592/68 2216/4590/68
f 4066/4145/1163 1744/4142/1155 1743/4145/1164
f 2503/2581/68 219/2591/68 218/2581/68
f 4512/4592/69 2218/4591/69 2217/4592/69
f 4061/4140/1147 1830/4146/1165 1829/4140/1147
f 2512/2591/69 220/2589/69 219/2591/69
f 2956/3035/1166 651/3033/1158 650/3035/1166
f 3619/3698/348 1309/3696/1159 1308/3698/348
f 2511/2590/66 222/2592/66 221/2590/66
f 2955/3034/1162 645/3036/1167 644/3034/1162
f 4513/4593/69 2216/4590/69 2215/4593/69
f 3618/3697/336 1306/3699/349 1305/3697/336
f 4064/4143/1168 1770/4147/1169 1769/4143/1157
f 2513/2592/68 211/2588/68 222/2592/68
f 2514/2594/66 229/2593/66 228/2594/66
f 4514/4594/67 2215/4593/67 2214/4594/67
f 3620/3699/349 1307/3700/1140 1306/3699/349
f 2958/3037/1170 650/3035/1166 649/3037/1170
f 4505/4584/68 2225/4595/68 2224/4584/68
f 3621/3700/1140 1308/3698/348 1307/3700/1140
f 4069/4148/1171 1743/4145/1164 1742/4148/1172
f 2516/2595/67 228/2594/67 227/2595/67
f 2957/3036/1167 646/3038/1173 645/3036/1167
f 4515/4595/69 2214/4594/69 2225/4595/69
f 3622/3702/1174 1440/3701/305 1439/3702/1174
f 4068/4147/1175 1771/4149/1176 1770/4147/1169
f 4516/4597/66 7/4596/66 6/4597/66
f 3624/3703/1177 1439/3702/1174 1438/3703/1177
f 2960/3039/1127 649/3037/1170 648/3039/1127
f 4518/4598/67 6/4597/67 5/4598/67
f 4071/4150/329 1786/4144/1161 1785/4150/1178
f 2518/2597/1179 227/2595/1179 226/2597/1179
f 2959/3038/1173 647/3040/1180 646/3038/1173
f 3625/3704/1181 1438/3703/1177 1437/3704/1181
f 4067/4146/1182 1831/4151/1183 1830/4146/1165
f 2519/2598/66 226/2597/66 225/2598/66
f 2961/3040/1180 648/3039/1127 647/3040/1180
f 3623/3701/305 1441/3705/318 1440/3701/305
f 2962/3042/66 678/3041/66 677/3042/66
f 2520/2599/67 225/2598/67 224/2599/67
f 4520/4600/1179 5/4598/1179 4/4600/1179
f 4073/4152/324 1742/4148/1172 1741/4152/323
f 2964/3043/67 677/3042/67 676/3043/67
f 4521/4601/66 4/4600/66 3/4601/66
f 3627/3706/328 1437/3704/1181 1436/3706/328
f 4070/4149/1184 1772/4153/1185 1771/4149/1176
f 2521/2600/69 224/2599/69 223/2600/69
f 3626/3705/318 1442/3707/1186 1441/3705/318
f 2515/2593/68 230/2601/68 229/2593/68
f 2965/3044/69 676/3043/69 675/3044/69
f 4522/4602/67 3/4601/67 2/4602/67
f 2522/2601/69 231/2596/69 230/2601/69
f 2966/3046/66 674/3045/66 673/3046/66
f 4075/4154/335 1741/4152/323 1740/4154/335
f 2517/2596/1187 232/2602/1187 231/2596/1187
f 4523/4603/69 2/4602/69 1/4603/69
f 3629/3708/1188 1436/3706/328 1435/3708/1188
f 4074/4153/1185 1773/4155/1189 1772/4153/1185
f 2968/3047/67 673/3046/67 672/3047/67
f 4517/4596/68 8/4604/68 7/4596/68
f 3628/3707/1186 1443/3709/1190 1442/3707/1186
f 2523/2602/68 223/2600/68 232/2602/68
f 4524/4604/69 9/4599/69 8/4604/69
f 2524/2604/66 235/2603/66 234/2604/66
f 2969/3048/69 672/3047/69 671/3048/69
f 4519/4599/1187 10/4605/1187 9/4599/1187
f 4077/4156/368 1785/4150/1178 1784/4156/1191
f 3631/3710/403 1435/3708/1188 1434/3710/403
f 4072/4151/1183 1832/4157/371 1831/4151/1183
f 2526/2605/67 234/2604/67 233/2605/67
f 4525/4605/68 1/4603/68 10/4605/68
f 3630/3709/1192 1444/3711/1193 1443/3709/1190
f 2525/2603/68 236/2606/68 235/2603/68
f 2527/2606/69 233/2605/69 236/2606/69
f 2967/3045/67 675/3044/67 674/3045/67
f 4079/4158/352 1740/4154/335 1739/4158/352
f 2528/2608/1194 340/2607/1195 339/2608/1194
f 2970/3049/68 681/3050/68 680/3049/68
f 3633/3712/1196 1434/3710/403 1433/3712/1196
f 4076/4155/1197 1774/4159/359 1773/4155/1189
f 3632/3711/1193 1445/3713/1198 1444/3711/1193
f 2530/2609/1199 339/2608/1194 338/2609/814
f 2529/2607/1195 341/2610/1200 340/2607/1195
f 2963/3041/68 679/3051/68 678/3041/68
f 4081/4160/1201 1739/4158/352 1738/4160/1201
f 2972/3051/69 680/3049/69 679/3051/69
f 3635/3714/1202 1433/3712/1196 1432/3714/1202
f 4078/4157/1203 1833/4161/1204 1832/4157/371
f 2971/3050/66 682/3052/66 681/3050/66
f 3634/3713/415 1446/3715/1205 1445/3713/1198
f 2532/2611/829 338/2609/814 337/2611/829
f 2973/3052/68 671/3048/68 682/3052/68
f 2531/2610/1200 342/2612/1206 341/2610/1200
f 2974/3054/66 686/3053/66 683/3054/66
f 4083/4162/68 1776/4163/68 1775/4162/68
f 3637/3716/1207 1432/3714/1202 1431/3716/1207
f 2976/3055/67 683/3054/67 684/3055/67
f 4084/4163/68 1777/4164/68 1776/4163/68
f 2534/2613/839 337/2611/829 336/2613/839
f 2975/3053/68 685/3056/68 686/3053/68
f 3638/3717/1208 1431/3716/1207 1430/3717/1208
f 2533/2612/1206 343/2614/841 342/2612/1206
f 2977/3056/69 684/3055/69 685/3056/69
f 3636/3715/1205 1447/3718/1209 1446/3715/1205
f 4085/4164/68 1778/4165/68 1777/4164/68
f 2978/3058/66 698/3057/66 697/3058/66
f 4086/4165/68 1779/4166/68 1778/4165/68
f 2536/2615/1210 336/2613/839 335/2615/1211
f 3640/3719/1212 1430/3717/1208 1429/3719/1212
f 2535/2614/841 344/2616/855 343/2614/841
f 4087/4166/68 1780/4167/68 1779/4166/68
f 3197/3276/1213 979/3274/200 978/3276/1213
f 3639/3718/1209 1448/3720/1214 1447/3718/1209
f 2981/3060/67 697/3058/67 696/3060/67
f 3196/3275/207 1003/3277/1215 1002/3275/207
f 4088/4167/68 1781/4168/68 1780/4167/68
f 2980/3059/68 695/3061/68 694/3059/68
f 2538/2617/1216 335/2615/1211 334/2617/1217
f 2982/3061/69 696/3060/69 695/3061/69
f 3642/3721/1218 1429/3719/1212 1428/3721/1218
f 2537/2616/855 345/2618/1219 344/2616/855
f 4089/4168/68 1782/4169/68 1781/4168/68
f 3199/3278/1220 978/3276/1213 977/3278/1220
f 3641/3720/1214 1449/3722/1221 1448/3720/1214
f 2983/3062/69 694/3059/69 693/3062/69
f 3198/3277/1222 1004/3279/1223 1003/3277/1215
f 4090/4169/68 1783/4170/68 1782/4169/68
f 2540/2619/1224 334/2617/1217 333/2619/1225
f 4091/4170/68 1784/4156/68 1783/4170/68
f 3644/3723/1226 1428/3721/1218 1427/3723/1226
f 2539/2618/1219 346/2620/1227 345/2618/1219
f 3201/3280/1228 977/3278/1220 976/3280/1229
f 3643/3722/1221 1450/3724/1230 1449/3722/1221
f 4092/4171/1231 1738/4160/1201 1737/4171/1232
f 2985/3064/67 693/3062/67 692/3064/67
f 3200/3279/1223 1005/3281/1233 1004/3279/1223
f 4082/4161/385 1834/4172/1234 1833/4161/1204
f 2984/3063/68 691/3065/68 690/3063/68
f 2542/2621/1235 333/2619/1225 332/2621/1236
f 2986/3065/69 692/3064/69 691/3065/69
f 3646/3725/1237 1427/3723/1226 1426/3725/1237
f 2541/2620/1238 347/2622/1239 346/2620/1227
f 3645/3724/1230 1451/3726/1240 1450/3724/1230
f 4094/4173/1241 1737/4171/1232 1736/4173/1241
f 2987/3066/69 690/3063/69 689/3066/69
f 3204/3283/1242 976/3280/1229 975/3283/1242
f 2544/2623/1243 332/2621/1236 331/2623/1243
f 4095/4174/1244 1736/4173/1241 1735/4174/1244
f 2988/3067/67 689/3066/67 688/3067/67
f 3648/3727/1220 1426/3725/1237 1425/3727/1220
f 2543/2622/1245 348/2624/1246 347/2622/1239
f 4093/4172/1234 1835/4175/1247 1834/4172/1234
f 2989/3068/69 688/3067/69 687/3068/69
f 3205/3284/1248 938/3282/517 937/3284/1249
f 3647/3726/1240 1452/3728/445 1451/3726/1240
f 2990/3070/66 706/3069/66 705/3070/66
f 3203/3282/1250 939/3285/1251 938/3282/517
f 2546/2625/1252 331/2623/1243 330/2625/1252
f 4097/4176/1253 1735/4174/1244 1734/4176/1253
f 2992/3071/67 705/3070/67 704/3071/67
f 3206/3285/1254 940/3286/1255 939/3285/1251
f 3650/3729/1256 1425/3727/1220 1424/3729/1256
f 2545/2624/1257 349/2626/1258 348/2624/1246
f 3649/3728/445 1453/3730/456 1452/3728/445
f 4098/4177/1259 1734/4176/1253 1733/4177/1260
f 2993/3072/69 704/3071/69 703/3072/69
f 4096/4175/1247 1836/4178/1261 1835/4175/1247
f 2994/3074/66 702/3073/66 701/3074/66
f 3208/3287/1262 937/3284/1249 936/3287/1263
f 2548/2627/1264 330/2625/1252 329/2627/1264
f 2547/2626/1265 350/2628/937 349/2626/1258
f 2996/3075/67 701/3074/67 700/3075/67
f 4100/4179/1266 1733/4177/1260 1732/4179/1266
f 3653/3732/1267 1424/3729/1256 1423/3732/1267
f 2997/3076/69 700/3075/69 699/3076/69
f 3211/3290/1268 975/3283/1242 974/3290/1268
f 2550/2629/1269 329/2627/1264 328/2629/1269
f 4101/4180/1270 1732/4179/1266 1731/4180/1270
f 3202/3281/1233 1006/3291/1271 1005/3281/1233
f 3654/3733/1272 1386/3731/475 1385/3733/518
f 2549/2628/1273 351/2630/950 350/2628/937
f 3652/3731/475 1387/3734/483 1386/3731/475
f 4102/4181/1274 1731/4180/1270 1730/4181/1274
f 4099/4178/1261 1837/4182/446 1836/4178/1261
f 2995/3073/67 703/3072/67 702/3073/67
f 3655/3734/483 1388/3735/484 1387/3734/483
f 2552/2631/1275 328/2629/1269 327/2631/1275
f 2998/3077/68 709/3078/68 708/3077/68
f 2551/2630/950 352/2632/951 351/2630/950
f 4104/4183/1276 1730/4181/1274 1729/4183/1276
f 3217/3296/1277 974/3290/1268 973/3296/1277
f 3657/3736/1278 1385/3733/518 1384/3736/1279
f 2991/3069/68 707/3079/68 706/3069/68
f 2554/2633/1280 327/2631/1275 326/2633/1281
f 4105/4184/1282 1729/4183/1276 1728/4184/1283
f 3000/3079/69 708/3077/69 707/3079/69
f 3212/3291/1271 1007/3299/1284 1006/3291/1271
f 2553/2632/951 353/2634/1285 352/2632/951
f 4103/4182/464 1838/4185/465 1837/4182/446
f 2999/3078/66 710/3080/66 709/3078/66
f 3001/3080/68 699/3076/68 710/3080/68
f 3660/3739/1286 1423/3732/1267 1422/3739/1286
f 3002/3082/67 811/3081/1287 810/3082/67
f 3221/3300/1288 946/3301/1289 945/3300/1290
f 3651/3730/456 1454/3740/1291 1453/3730/456
f 2556/2635/1292 326/2633/1281 325/2635/1292
f 4107/4186/515 1728/4184/1283 1727/4186/1293
f 2555/2634/1294 354/2636/1295 353/2634/1285
f 3004/3083/1296 810/3082/67 809/3083/1296
f 3003/3081/1287 812/3084/1297 811/3081/1287
f 3223/3302/1298 973/3296/1277 972/3302/1298
f 4109/4188/1299 1726/4187/1300 1725/4188/1299
f 2558/2637/1301 325/2635/1292 324/2637/1301
f 3222/3301/1289 947/3304/1302 946/3301/1289
f 2557/2636/1295 355/2638/982 354/2636/1295
f 4110/4189/1300 1725/4188/1299 1724/4189/1300
f 3006/3085/1303 809/3083/1296 808/3085/1303
f 3666/3746/1277 1422/3739/1286 1421/3746/1277
f 4106/4185/465 1839/4190/1304 1838/4185/465
f 3005/3084/1297 813/3086/1305 812/3084/1297
f 3226/3305/1306 931/3303/1307 930/3305/1306
f 3661/3740/1291 1455/3747/1308 1454/3740/1291
f 3219/3299/1284 1008/3306/1309 1007/3299/1284
f 4112/4191/1300 1724/4189/1300 1723/4191/1300
f 3008/3087/1310 808/3085/1303 807/3087/1310
f 2561/2640/70 324/2637/1301 323/2640/70
f 3007/3086/1311 814/3088/1312 813/3086/1305
f 3225/3304/1313 948/3307/1314 947/3304/1302
f 3669/3749/1315 1394/3750/1316 1393/3749/1315
f 2560/2639/1317 288/2642/1318 287/2639/1317
f 4113/4192/491 1723/4191/1300 1722/4192/1319
f 4114/4193/1320 1722/4192/1319 1721/4193/1321
f 3010/3089/1322 807/3087/1310 806/3089/1322
f 3229/3308/1323 972/3302/1298 971/3308/1324
f 3672/3751/1298 1421/3746/1277 1420/3751/1298
f 2562/2642/1325 289/2643/1326 288/2642/1318
f 4111/4190/1304 1840/4194/1327 1839/4190/1304
f 3009/3088/1312 815/3090/1328 814/3088/1312
f 3228/3307/1329 949/3309/1330 948/3307/1314
f 3673/3752/1331 1380/3748/1332 1379/3752/1331
f 2559/2638/982 356/2646/1023 355/2638/982
f 3671/3750/1316 1395/3753/1333 1394/3750/1316
f 4116/4195/1334 1721/4193/1321 1720/4195/1335
f 3012/3091/1336 806/3089/1322 805/3091/1336
f 3231/3310/1337 930/3305/1306 929/3310/1337
f 3011/3090/1338 816/3092/1339 815/3090/1328
f 3230/3309/1340 950/3311/1341 949/3309/1330
f 4117/4196/1342 1720/4195/1335 1719/4196/1299
f 3675/3754/556 1379/3752/1331 1378/3754/556
f 2568/2647/143 323/2640/70 322/2647/1343
f 3668/3747/1308 1456/3755/558 1455/3747/1308
f 4118/4197/1319 1719/4196/1299 1718/4197/1319
f 3014/3093/1344 805/3091/1336 804/3093/1344
f 3233/3312/1345 971/3308/1324 970/3312/1346
f 4115/4194/1327 1841/4198/1347 1840/4194/1327
f 3013/3092/1339 817/3094/1348 816/3092/1339
f 3232/3311/1341 951/3313/1349 950/3311/1341
f 3674/3753/1350 1396/3756/1351 1395/3753/1333
f 3227/3306/1309 1009/3314/1352 1008/3306/1309
f 3016/3095/1353 804/3093/1344 803/3095/1353
f 3678/3757/1354 1420/3751/1298 1419/3757/1354
f 2573/2652/178 322/2647/1343 321/2652/178
f 4121/4200/1355 1717/4199/1356 1716/4200/1357
f 3015/3094/1348 818/3096/1358 817/3094/1348
f 3677/3756/1351 1397/3758/1359 1396/3756/1351
f 2565/2646/1023 357/2653/152 356/2646/1023
f 4119/4198/1347 1842/4201/1360 1841/4198/1347
f 3236/3315/1361 929/3310/1337 928/3315/1362
f 3234/3313/1349 952/3316/1363 951/3313/1349
f 3018/3097/1364 803/3095/1353 802/3097/1364
f 3680/3759/1365 1378/3754/556 1377/3759/1365
f 4123/4202/1366 1716/4200/1357 1715/4202/1366
f 3017/3096/1358 819/3098/1367 818/3096/1358
f 3679/3758/1359 1398/3760/1341 1397/3758/1359
f 4122/4201/1360 1843/4203/1368 1842/4201/1360
f 3238/3317/604 970/3312/1346 969/3317/604
f 2577/2656/170 282/2655/1369 281/2656/170
f 3237/3316/639 953/3318/1370 952/3316/1363
f 2576/2654/1371 294/2657/1372 293/2654/1373
f 3020/3099/1374 802/3097/1364 801/3099/1374
f 3682/3761/1346 1419/3757/1354 1418/3761/1346
f 4125/4204/1375 1715/4202/1366 1714/4204/1375
f 3019/3098/1376 820/3100/1377 819/3098/1367
f 3681/3760/1341 1399/3762/1349 1398/3760/1341
f 4124/4203/1368 1844/4205/1378 1843/4203/1368
f 3240/3319/1379 928/3315/1362 927/3319/1379
f 2579/2658/182 321/2652/178 320/2658/182
f 3239/3318/1370 954/3320/1380 953/3318/1370
f 3676/3755/558 1457/3763/594 1456/3755/558
f 2574/2653/152 358/2659/229 357/2653/152
f 3022/3101/1381 801/3099/1374 800/3101/1381
f 4127/4206/1382 1714/4204/1375 1713/4206/1382
f 3021/3100/1383 821/3102/1384 820/3100/1377
f 3235/3314/1352 1010/3321/1385 1009/3314/1352
f 3685/3764/599 1377/3759/1365 1376/3764/599
f 2581/2660/215 281/2656/170 280/2660/215
f 4128/4207/1386 1846/4208/1387 1845/4207/1388
f 3683/3762/1389 1400/3765/1390 1399/3762/1349
f 2578/2657/1391 295/2661/1392 294/2657/1372
f 3024/3103/1393 800/3101/1381 799/3103/1394
f 3243/3322/1395 969/3317/604 968/3322/1395
f 4129/4208/1387 1847/4209/1388 1846/4208/1387
f 3023/3102/1384 822/3104/1396 821/3102/1384
f 3241/3320/1380 955/3323/1397 954/3320/1380
f 3687/3766/604 1418/3761/1346 1417/3766/1398
f 2583/2662/206 280/2660/215 279/2662/206
f 3686/3765/1399 1401/3767/1400 1400/3765/1390
f 2582/2661/1401 296/2663/1402 295/2661/1392
f 4131/4210/1403 1713/4206/1382 1712/4210/1404
f 3026/3105/1405 799/3103/1394 798/3105/1405
f 3245/3324/1406 927/3319/1379 926/3324/1406
f 4130/4209/1388 1848/4211/1388 1847/4209/1388
f 3025/3104/1396 823/3106/1407 822/3104/1396
f 3244/3323/1408 956/3325/1409 955/3323/1397
f 3689/3768/615 1376/3764/599 1375/3768/615
f 2585/2664/1110 279/2662/206 278/2664/1110
f 4132/4211/1388 1849/4212/1386 1848/4211/1388
f 3688/3767/1410 1402/3769/1411 1401/3767/1400
f 3028/3107/1412 798/3105/1405 797/3107/1412
f 3247/3326/1413 968/3322/1395 967/3326/1414
f 2586/2665/1415 320/2658/182 319/2665/1415
f 4133/4212/1386 1850/4213/1416 1849/4212/1386
f 3246/3325/1417 957/3327/1418 956/3325/1409
f 3684/3763/594 1458/3770/648 1457/3763/594
f 2580/2659/188 359/2666/1118 358/2659/229
f 3029/3108/1419 797/3107/1412 796/3108/1419
f 3027/3106/1407 824/3109/1420 823/3106/1407
f 3242/3321/1385 1011/3328/1421 1010/3321/1385
f 2584/2663/1422 297/2667/1423 296/2663/1402
f 4135/4214/1424 1712/4210/1404 1711/4214/1424
f 3692/3771/669 1417/3766/1398 1416/3771/669
f 4134/4213/1416 1851/4215/1386 1850/4213/1416
f 3690/3769/1411 1403/3772/1425 1402/3769/1411
f 3250/3329/68 959/3330/68 958/3329/68
f 2589/2668/1426 278/2664/1110 277/2668/1133
f 4136/4215/1386 1852/4216/1388 1851/4215/1386
f 2312/2389/250 19/2400/250 30/2389/250
f 2588/2667/1427 298/2669/1428 297/2667/1423
f 3032/3111/1429 767/3110/250 766/3111/1429
f 2357/2435/484 90/2437/1430 89/2435/484
f 3251/3330/68 960/3331/68 959/3330/68
f 3694/3773/637 1375/3768/615 1374/3773/637
f 4137/4216/1388 1853/4217/1387 1852/4216/1388
f 3031/3110/250 768/3112/1431 767/3110/250
f 3693/3772/1425 1404/3774/1432 1403/3772/1425
f 2363/2439/1433 84/2438/494 83/2439/1434
f 3252/3331/68 961/3332/68 960/3331/68
f 2591/2670/267 277/2668/1133 276/2670/1142
f 2360/2437/1430 91/2442/1435 90/2437/1430
f 4139/4218/1436 1855/4219/1437 1854/4218/1438
f 3034/3113/1439 766/3111/1429 765/3113/1439
f 2366/2443/1440 83/2439/1434 82/2443/1440
f 3253/3332/68 962/3333/68 961/3332/68
f 3696/3775/1414 1416/3771/669 1415/3775/1414
f 2592/2671/605 319/2665/1415 318/2671/605
f 3033/3112/1431 769/3114/1441 768/3112/1431
f 2364/2442/1435 92/2444/1442 91/2442/1435
f 3695/3774/1443 1405/3776/1444 1404/3774/1432
f 2587/2666/1118 360/2672/1147 359/2666/1118
f 3254/3333/68 963/3334/68 962/3333/68
f 4141/4220/1445 1711/4214/1424 1710/4220/1446
f 2365/2444/1447 93/2446/1448 92/2444/1442
f 3691/3770/648 1459/3777/1449 1458/3770/648
f 2590/2669/1450 299/2673/1451 298/2669/1428
f 4140/4219/1452 1856/4221/1453 1855/4219/1437
f 3036/3115/1454 765/3113/1439 764/3115/1455
f 2369/2447/1456 82/2443/1440 81/2447/1456
f 3255/3334/68 964/3335/68 963/3334/68
f 3035/3114/1441 770/3116/1457 769/3114/1441
f 2372/2449/1458 81/2447/1456 80/2449/543
f 4142/4221/1459 1857/4222/1460 1856/4221/1453
f 2368/2446/1448 94/2450/534 93/2446/1448
f 3256/3335/68 965/3336/68 964/3335/68
f 3699/3778/68 1407/3779/68 1406/3778/68
f 2595/2674/1155 276/2670/1142 275/2674/1155
f 3038/3119/1461 796/3108/1419 795/3119/1461
f 2594/2673/1151 300/2675/1462 299/2673/1451
f 3030/3109/1420 825/3120/1463 824/3109/1420
f 4603/2476/1464 116/2472/630 115/2476/1465
f 3257/3336/68 966/3337/68 965/3336/68
f 3700/3779/68 1408/3780/68 1407/3779/68
f 4144/4223/1466 1710/4220/1446 1709/4223/1467
f 3258/3337/68 967/3326/68 966/3337/68
f 4143/4222/1460 1858/4224/1468 1857/4222/1460
f 2398/2477/68 107/2479/68 106/2477/68
f 3701/3780/68 1409/3781/68 1408/3780/68
f 2597/2676/1161 318/2671/605 317/2676/1161
f 3259/3338/1469 926/3324/1406 925/3338/1469
f 4145/4224/1470 1859/4225/1471 1858/4224/1468
f 3702/3781/68 1410/3782/68 1409/3781/68
f 2598/2677/1472 275/2674/1155 274/2677/1473
f 3260/3339/1474 925/3338/1469 924/3339/1474
f 2593/2672/1147 361/2678/1182 360/2672/1147
f 4146/4225/1475 1860/4226/1476 1859/4225/1471
f 3249/3328/1421 1012/3340/1477 1011/3328/1421
f 3703/3782/68 1411/3783/68 1410/3782/68
f 2596/2675/1478 301/2679/1479 300/2675/1462
f 3046/3125/1480 795/3119/1461 794/3125/1481
f 3704/3783/68 1412/3784/68 1411/3783/68
f 4148/4227/1482 1709/4223/1467 1708/4227/1482
f 3039/3120/1463 826/3126/566 825/3120/1463
f 3262/3341/1483 924/3339/1474 923/3341/1483
f 4147/4226/1476 1861/4228/1484 1860/4226/1476
f 2407/2486/68 115/2476/68 114/2486/68
f 3261/3340/1485 1013/3342/1486 1012/3340/1477
f 3705/3784/68 1413/3785/68 1412/3784/68
f 2601/2680/1487 274/2677/1473 273/2680/316
f 2455/2534/1488 44/2537/1489 43/2534/881
f 2600/2679/1479 302/2681/1490 301/2679/1479
f 4149/4228/1484 1862/4229/644 1861/4228/1484
f 2460/2539/1491 56/2536/897 55/2539/1491
f 3706/3785/68 1414/3786/68 1413/3785/68
f 2458/2537/1492 45/2541/1493 44/2537/1489
f 3264/3343/1494 923/3341/1483 922/3343/1495
f 3707/3786/68 1415/3775/68 1414/3786/68
f 3050/3129/586 760/3127/1496 759/3129/586
f 2462/2541/1493 46/2542/1497 45/2541/1493
f 3263/3342/1498 1014/3344/748 1013/3342/1486
f 2603/2682/1178 317/2676/1161 316/2682/329
f 4151/4230/798 1708/4227/1482 1707/4230/1499
f 3049/3128/1500 775/3130/1501 774/3128/1502
f 2465/2543/1503 55/2539/1491 54/2543/1503
f 3708/3787/1504 1374/3773/637 1373/3787/1504
f 2599/2678/1165 362/2683/332 361/2678/1182
f 4150/4229/653 1863/4231/654 1862/4229/644
f 2466/2545/1505 54/2543/1503 53/2545/1505
f 2463/2542/1506 47/2546/1507 46/2542/1497
f 3266/3345/1508 922/3343/1495 921/3345/1509
f 3709/3788/1510 1373/3787/1504 1372/3788/1510
f 3052/3131/1511 794/3125/1481 793/3131/1511
f 2467/2546/1507 48/2547/954 47/2546/1507
f 3265/3344/757 1015/3346/704 1014/3344/748
f 3698/3777/1449 1460/3789/1512 1459/3777/1449
f 2605/2684/323 273/2680/316 272/2684/324
f 4153/4232/1513 1707/4230/1499 1706/4232/660
f 3047/3126/1514 827/3132/1515 826/3126/566
f 2602/2681/1176 303/2685/1516 302/2681/1490
f 4152/4231/663 1864/4233/664 1863/4231/654
f 2469/2549/948 53/2545/1505 52/2549/948
f 2563/2641/1517 287/2639/1317 286/2641/1517
f 3268/3347/1518 921/3345/1509 920/3347/1519
f 3711/3790/1520 1372/3788/1510 1371/3790/1520
f 4154/4233/664 1865/4234/668 1864/4233/664
f 3054/3133/1521 759/3129/586 758/3133/1522
f 3267/3346/708 1016/3348/1523 1015/3346/704
f 3710/3789/1512 1461/3791/687 1460/3789/1512
f 2607/2686/335 272/2684/324 271/2686/335
f 3051/3130/1501 776/3134/1524 775/3130/1501
f 2566/2644/1525 286/2641/1517 285/2644/1525
f 2606/2685/1516 304/2687/1526 303/2685/1516
f 2564/2643/1527 290/2645/1528 289/2643/1326
f 4156/4235/673 1706/4232/660 1705/4235/673
f 2569/2648/1529 285/2644/1525 284/2648/1530
f 3270/3349/1531 920/3347/1519 919/3349/1532
f 3713/3792/1533 1371/3790/1520 1370/3792/1534
f 4155/4234/668 1866/4236/676 1865/4234/668
f 3056/3135/1535 758/3133/1522 757/3135/1535
f 2567/2645/1528 291/2649/1536 290/2645/1528
f 3712/3791/687 1462/3793/698 1461/3791/687
f 2609/2688/1191 316/2682/329 315/2688/368
f 3055/3134/1524 777/3136/1537 776/3134/1524
f 2571/2650/1538 284/2648/1530 283/2650/1539
f 3271/3350/1540 919/3349/1532 918/3350/1541
f 2604/2683/332 363/2689/1542 362/2683/332
f 2570/2649/1536 292/2651/1543 291/2649/1536
f 3269/3348/776 1017/3351/1544 1016/3348/1523
f 4158/4237/685 1705/4235/673 1959/4237/684
f 2572/2651/1545 293/2654/1373 292/2651/1543
f 3715/3794/701 1370/3792/1534 1369/3794/1546
f 4157/4236/676 1867/4238/1547 1866/4236/676
f 3058/3137/1548 793/3131/1511 792/3137/1548
f 2575/2655/1369 283/2650/1539 282/2655/1369
f 3714/3793/703 1463/3795/704 1462/3793/698
f 2611/2690/352 271/2686/335 270/2690/352
f 3053/3132/558 828/3138/1549 827/3132/1515
f 2612/2691/68 306/2694/68 305/2691/68
f 3273/3352/1550 918/3350/1541 917/3352/1550
f 2608/2687/1551 305/2691/1552 304/2687/1526
f 4160/4240/1553 1913/4239/1554 1912/4240/1553
f 2640/2719/1300 258/2718/1555 257/2719/1300
f 3272/3351/1556 1018/3353/789 1017/3351/1544
f 3717/3796/762 1369/3794/1546 1368/3796/763
f 3060/3139/1557 757/3135/1535 756/3139/1557
f 2651/2729/1558 250/2728/1299 249/2729/1559
f 3716/3795/708 1464/3797/709 1463/3795/704
f 2613/2692/1560 270/2690/352 269/2692/1201
f 4163/4242/67 1911/4241/67 1910/4242/67
f 3057/3136/1537 778/3140/1561 777/3136/1537
f 2652/2731/1562 249/2729/1559 248/2731/1562
f 3275/3354/1563 917/3352/1550 916/3354/1563
f 2610/2689/1564 364/2693/1204 363/2689/1542
f 2657/2736/1565 376/2738/1386 375/2736/1378
f 3274/3353/789 1019/3355/1566 1018/3353/789
f 4164/4243/67 1910/4242/67 1909/4243/67
f 2669/2748/1386 385/2749/1567 384/2748/1386
f 3719/3798/1568 1368/3796/763 1367/3798/1569
f 3062/3141/1570 756/3139/1557 755/3141/1570
f 2693/2772/67 443/2771/67 442/2772/67
f 2615/2694/68 307/2695/68 306/2694/68
f 4165/4244/67 1909/4243/67 1908/4244/67
f 3061/3140/1561 779/3142/1571 778/3140/1561
f 2702/2781/67 434/2780/67 433/2781/67
f 3277/3356/1572 916/3354/1563 915/3356/1572
f 3720/3799/1573 1367/3798/1569 1366/3799/1574
f 2732/2811/1575 409/2813/1576 408/2811/1575
f 3276/3355/1566 1020/3357/1577 1019/3355/1566
f 3718/3797/717 1465/3800/1578 1464/3797/709
f 2616/2695/68 308/2696/68 307/2695/68
f 4166/4245/67 1908/4244/67 1907/4245/67
f 3064/3143/1579 792/3137/1548 791/3143/1579
f 2617/2696/68 309/2697/68 308/2696/68
f 4167/4246/67 1907/4245/67 1906/4246/67
f 3059/3138/1549 829/3144/1580 828/3138/1549
f 2737/2815/1581 422/2812/1582 421/2815/1583
f 3279/3358/1584 915/3356/1572 914/3358/1584
f 3722/3801/1585 1366/3799/1574 1365/3801/1585
f 2736/2813/1576 410/2817/1586 409/2813/1576
f 3280/3360/1587 884/3359/1588 883/3360/1589
f 3721/3800/1578 1466/3802/723 1465/3800/1578
f 2618/2697/68 310/2698/68 309/2697/68
f 4168/4247/67 1906/4246/67 1905/4247/67
f 3066/3145/1590 755/3141/1570 754/3145/1590
f 2740/2818/1591 421/2815/1583 420/2818/1591
f 3282/3361/67 883/3360/67 882/3361/67
f 2619/2698/68 311/2699/68 310/2698/68
f 4169/4248/67 1905/4247/67 1904/4248/67
f 3063/3142/1592 780/3146/1593 779/3142/1571
f 2739/2817/1586 411/2821/1594 410/2817/1586
f 3724/3803/727 1365/3801/1585 1364/3803/727
f 2743/2822/1595 420/2818/1591 419/2822/1595
f 3283/3362/755 882/3361/756 1062/3362/755
f 3723/3802/723 1467/3804/730 1466/3802/723
f 2620/2699/68 312/2700/68 311/2699/68
f 2742/2821/1594 412/2823/165 411/2821/1594
f 4159/4238/1596 1868/4251/1597 1867/4238/1547
f 3068/3147/669 791/3143/1579 790/3147/669
f 3284/3363/1598 914/3358/1584 913/3363/1599
f 2621/2700/68 313/2701/68 312/2700/68
f 3065/3144/1580 830/3148/1600 829/3144/1580
f 2744/2824/1601 419/2822/1595 418/2824/1601
f 3278/3357/1577 1021/3364/1602 1020/3357/1577
f 3726/3805/1603 1364/3803/727 1363/3805/1603
f 3725/3804/730 1468/3806/407 1467/3804/730
f 2622/2701/68 314/2702/68 313/2701/68
f 4173/4252/728 1902/4250/1604 1901/4252/728
f 2749/2828/1605 418/2824/1601 417/2828/187
f 3281/3359/1606 885/3365/1607 884/3359/1588
f 2623/2702/68 315/2688/68 314/2702/68
f 3070/3149/1608 754/3145/1590 753/3149/1608
f 2816/2895/1609 550/2898/1610 549/2895/527
f 4174/4253/1611 1959/4237/684 1958/4253/1611
f 3067/3146/1593 781/3150/1612 780/3146/1593
f 3728/3807/741 1363/3805/1603 1362/3807/741
f 2624/2703/1232 269/2692/1201 268/2703/1231
f 4161/4239/1554 1914/4254/1613 1913/4239/1554
f 3287/3366/772 1062/3362/755 1061/3366/772
f 3729/3809/1614 1333/3808/1615 1332/3809/1614
f 2614/2693/385 365/2704/738 364/2693/1204
f 2822/2899/1616 544/2897/539 543/2899/1616
f 3286/3365/1607 886/3367/1617 885/3365/1607
f 4172/4251/1618 1869/4255/1619 1868/4251/1597
f 3072/3151/1620 753/3149/1608 752/3151/1620
f 2821/2898/1610 551/2902/1621 550/2898/1610
f 3731/3810/67 1332/3809/67 1331/3810/67
f 3071/3150/1612 782/3152/1622 781/3150/1612
f 2824/2903/1623 543/2899/1616 542/2903/1623
f 2626/2705/1624 268/2703/1231 267/2705/1624
f 3289/3368/1625 913/3363/1599 912/3368/1625
f 3732/3811/755 1331/3810/756 1510/3811/755
f 4177/4256/745 1901/4252/728 1900/4256/745
f 2823/2902/1621 552/2905/1626 551/2902/1621
f 3288/3367/1617 887/3369/1627 886/3367/1617
f 2627/2706/1628 267/2705/1624 266/2706/1628
f 4176/4255/1629 1870/4257/1630 1869/4255/1619
f 3074/3153/1631 790/3147/669 789/3153/1631
f 2827/2906/1632 542/2903/1623 541/2906/1633
f 3733/3812/759 1362/3807/741 1361/3812/759
f 2625/2704/738 366/2707/1634 365/2704/738
f 3069/3148/1600 831/3154/1635 830/3148/1600
f 2830/2908/1458 541/2906/1633 540/2908/543
f 3727/3806/407 1469/3813/793 1468/3806/407
f 2826/2905/1636 553/2909/577 552/2905/1626
f 3291/3370/791 1061/3366/772 1060/3370/791
f 4179/4258/1637 1958/4253/1611 1957/4258/1637
f 2857/2936/68 566/2938/68 565/2936/1638
f 3285/3364/1602 1022/3371/1639 1021/3364/1602
f 3730/3808/1615 1334/3814/1640 1333/3808/1615
f 2629/2708/1641 266/2706/1628 265/2708/1641
f 3076/3155/1642 752/3151/1620 751/3155/1642
f 2915/2994/1643 504/2997/1644 503/2994/970
f 4180/4259/758 1900/4256/745 1899/4259/758
f 3073/3152/1622 783/3156/1645 782/3152/1622
f 2920/2999/1646 516/2996/981 515/2999/1646
f 3290/3369/1627 888/3372/1647 887/3369/1627
f 2630/2709/1648 265/2708/1641 264/2709/1649
f 4175/4254/1613 1915/4260/1650 1914/4254/1613
f 2918/2997/1651 505/3001/1652 504/2997/1644
f 3736/3815/1653 1510/3811/755 1509/3815/1653
f 2628/2707/1634 367/2710/1654 366/2707/1634
f 2924/3002/1655 515/2999/1646 514/3002/1655
f 3735/3814/1640 1335/3816/1656 1334/3814/1640
f 4178/4257/1630 1871/4261/1657 1870/4257/1630
f 3078/3157/1658 789/3153/1631 788/3157/1658
f 2922/3001/1652 506/3003/1659 505/3001/1652
f 3294/3373/1660 912/3368/1625 911/3373/1661
f 3075/3154/1635 832/3158/1662 831/3154/1635
f 3293/3372/1647 889/3374/1663 888/3372/1647
f 2632/2711/1664 264/2709/1649 263/2711/1664
f 2925/3003/1659 507/3005/1665 506/3003/1659
f 3738/3817/1666 1361/3812/759 1360/3817/1666
f 4183/4262/1667 1899/4259/758 1898/4262/770
f 2926/3006/1668 514/3002/1655 513/3006/1668
f 3737/3816/1656 1336/3818/870 1335/3816/1656
f 2633/2712/1270 263/2711/1664 262/2712/1270
f 3080/3159/1669 751/3155/1642 750/3159/1670
f 2927/3005/1665 508/3007/1033 507/3005/1665
f 3296/3375/819 1060/3370/791 1059/3375/819
f 4184/4263/1671 1957/4258/1637 1956/4263/1672
f 3077/3156/1645 784/3160/1673 783/3156/1645
f 3295/3374/1663 890/3376/1674 889/3374/1663
f 2634/2713/1274 262/2712/1270 261/2713/1274
f 4182/4261/1675 1872/4264/1676 1871/4261/1657
f 2929/3009/1029 513/3006/1668 512/3009/1029
f 3740/3819/1677 1509/3815/1653 1508/3819/1677
f 2631/2710/1654 368/2714/1678 367/2710/1654
f 2979/3057/250 687/3068/250 698/3057/250
f 3734/3813/793 1470/3820/794 1469/3813/793
f 3082/3161/722 788/3157/1658 787/3161/1679
f 3298/3377/1680 911/3373/1661 910/3377/1680
f 4186/4265/786 1898/4262/770 1897/4265/787
f 3079/3158/1662 833/3162/1681 832/3158/1662
f 3040/3117/1682 764/3115/1455 763/3117/1682
f 3297/3376/1683 891/3378/1684 890/3376/1674
f 3739/3818/870 1337/3821/1685 1336/3818/870
f 2636/2715/1276 261/2713/1274 260/2715/1276
f 4181/4260/1650 1916/4266/1686 1915/4260/1650
f 3037/3116/1457 771/3118/1687 770/3116/1457
f 3292/3371/1639 1023/3379/1688 1022/3371/1639
f 2637/2716/1283 260/2715/1276 259/2716/1283
f 4185/4264/1689 1873/4267/792 1872/4264/1676
f 3084/3163/1690 750/3159/1670 749/3163/1691
f 3042/3121/1692 763/3117/1682 762/3121/1692
f 3743/3822/1693 1360/3817/1666 1359/3822/1693
f 2635/2714/1694 369/2717/1695 368/2714/1678
f 3081/3160/1696 785/3164/1697 784/3160/1673
f 3041/3118/1687 772/3122/1698 771/3118/1687
f 3742/3821/1685 1338/3823/1699 1337/3821/1685
f 3044/3123/1700 762/3121/1692 761/3123/1701
f 3301/3380/853 1059/3375/819 1058/3380/852
f 4189/4268/1702 1897/4265/787 1896/4268/1702
f 3043/3122/1698 773/3124/1703 772/3122/1698
f 3299/3378/1684 892/3381/1704 891/3378/1684
f 2639/2718/1555 259/2716/1283 258/2718/1555
f 3086/3165/1705 787/3161/1679 786/3165/1706
f 3048/3127/1707 761/3123/1701 760/3127/1496
f 3745/3824/1708 1508/3819/1677 1507/3824/1708
f 4190/4269/1709 1956/4263/1672 1955/4269/1709
f 3083/3162/1710 834/3166/1711 833/3162/1681
f 3045/3124/1703 774/3128/1502 773/3124/1703
f 3744/3823/1699 1339/3825/1712 1338/3823/1699
f 4188/4267/1713 1874/4270/1714 1873/4267/792
f 3303/3382/1715 910/3377/1680 909/3382/1715
f 2641/2720/1335 257/2719/1300 256/2720/1716
f 3130/3207/1717 737/3205/1718 736/3207/1717
f 3302/3381/1704 893/3383/1719 892/3381/1704
f 3088/3167/1518 749/3163/1691 748/3167/1519
f 3127/3206/1720 723/3208/1721 722/3206/1722
f 3747/3826/834 1359/3822/1693 1358/3826/834
f 2642/2721/1319 256/2720/1716 255/2721/1319
f 4192/4271/1723 1896/4268/1702 1895/4271/1723
f 3085/3164/1724 711/3168/1725 785/3164/1697
f 3746/3825/1726 1340/3827/1727 1339/3825/1712
f 2638/2717/1695 370/2722/1728 369/2717/1695
f 4187/4266/1686 1917/4272/1729 1916/4266/1686
f 3131/3208/1721 724/3211/1730 723/3208/1721
f 3305/3384/1731 1058/3380/852 1057/3384/1731
f 3087/3166/1732 835/3169/1733 834/3166/1711
f 3132/3212/1734 736/3207/1717 735/3212/1734
f 3304/3383/1735 894/3385/1736 893/3383/1719
f 3741/3820/794 1471/3828/843 1470/3820/794
f 4191/4270/1737 1875/4273/1738 1874/4270/1714
f 3136/3215/1739 735/3212/1734 734/3215/1739
f 2644/2723/1300 255/2721/1319 254/2723/1300
f 3133/3211/1730 725/3216/1740 724/3211/1730
f 3300/3379/1688 1024/3386/1741 1023/3379/1688
f 3091/3170/1742 748/3167/1519 747/3170/1743
f 3138/3217/1744 734/3215/1739 733/3217/1744
f 3750/3829/1745 1507/3824/1708 1506/3829/1745
f 2645/2724/1746 254/2723/1300 253/2724/1746
f 4195/4274/1747 1895/4271/1723 1894/4274/1748
f 3089/3168/1749 712/3171/1750 711/3168/1725
f 3137/3216/1740 726/3218/1751 725/3216/1740
f 3306/3385/1752 895/3388/1753 894/3385/1736
f 3748/3827/1754 1341/3830/1755 1340/3827/1727
f 3140/3219/1756 733/3217/1744 732/3219/1756
f 2646/2725/1320 253/2724/1746 252/2725/1321
f 4196/4275/915 1955/4269/1709 1954/4275/915
f 2643/2722/1728 371/2726/1757 370/2722/1728
f 4194/4273/1758 1876/4276/1759 1875/4273/1738
f 3093/3172/1760 786/3165/1706 881/3172/1761
f 3139/3218/1751 727/3223/1762 726/3218/1751
f 3310/3389/1763 1057/3384/1731 1056/3389/1763
f 3752/3831/1764 1358/3826/834 1357/3831/1764
f 3210/3288/1765 936/3287/1263 935/3288/1765
f 3751/3830/1766 1342/3832/1767 1341/3830/1755
f 3094/3173/1768 747/3170/1743 746/3173/1769
f 3207/3286/1255 941/3289/1770 940/3286/1255
f 3307/3386/1741 1025/3392/1771 1024/3386/1741
f 2648/2727/1299 252/2725/1321 251/2727/1299
f 4198/4277/1772 1894/4274/1748 1893/4277/1773
f 3092/3171/1774 713/3174/1775 712/3171/1750
f 3209/3289/1770 942/3292/1776 941/3289/1770
f 4193/4272/1729 1918/4278/1777 1917/4272/1729
f 3214/3293/1778 935/3288/1765 934/3293/1778
f 3754/3833/1779 1506/3829/1745 1505/3833/1779
f 2649/2728/1299 251/2727/1299 250/2728/1299
f 3213/3292/1776 943/3294/1780 942/3292/1776
f 3315/3394/921 1056/3389/1763 1055/3394/921
f 3753/3832/1767 1343/3834/1781 1342/3832/1767
f 2647/2726/1757 372/2730/1782 371/2726/1757
f 4197/4276/1783 1877/4279/1784 1876/4276/1759
f 3096/3175/1785 881/3172/1761 880/3175/1785
f 3216/3295/1786 934/3293/1778 933/3295/1787
f 3090/3169/1788 836/3176/1789 835/3169/1733
f 3749/3828/843 1472/3835/1790 1471/3828/843
f 3215/3294/1780 944/3297/1791 943/3294/1780
f 2650/2730/1782 373/2732/1360 372/2730/1782
f 4201/4280/1792 1893/4277/1773 1892/4280/1793
f 3755/3834/1794 1344/3837/1795 1343/3834/1781
f 4202/4282/1796 1954/4275/915 1953/4282/1796
f 3098/3177/1797 746/3173/1769 745/3177/1797
f 3220/3298/1798 933/3295/1787 932/3298/1798
f 3312/3392/1771 1026/3400/1799 1025/3392/1771
f 4199/4278/1800 1919/4284/1801 1918/4278/1777
f 3095/3174/1802 714/3178/1803 713/3174/1775
f 3218/3297/1791 945/3300/1290 944/3297/1791
f 2654/2733/1804 248/2731/1562 247/2733/1804
f 3224/3303/1307 932/3298/1798 931/3303/1307
f 3759/3839/157 1505/3833/1779 1504/3839/157
f 2653/2732/1360 374/2734/1805 373/2732/1360
f 3248/3327/68 958/3329/68 957/3327/1806
f 3321/3401/1807 905/3398/1808 904/3401/1809
f 3100/3179/335 880/3175/1785 879/3179/335
f 3309/3387/1810 909/3382/1715 908/3387/1810
f 3097/3176/1789 837/3180/1811 836/3176/1789
f 3756/3835/1790 1473/3841/1812 1472/3835/1790
f 2656/2735/1813 247/2733/1804 246/2735/1814
f 3308/3388/1753 896/3390/1815 895/3388/1753
f 3323/3402/1816 904/3401/1809 903/3402/1816
f 2655/2734/1805 375/2736/1378 374/2734/1805
f 4208/4287/1817 1953/4282/1796 1952/4287/1818
f 3322/3399/1819 901/3403/1820 900/3399/1819
f 4203/4284/1821 1920/4289/1822 1919/4284/1801
f 3102/3181/1823 745/3177/1797 744/3181/1824
f 3313/3391/1825 908/3387/1810 907/3391/1825
f 3099/3178/1803 715/3182/1826 714/3178/1803
f 3311/3390/1827 897/3393/1828 896/3390/1815
f 3764/3844/1829 1504/3839/157 1503/3844/1829
f 2658/2737/1830 246/2735/1814 245/2737/1830
f 3325/3404/1831 1055/3394/921 1054/3404/1831
f 3316/3395/1832 907/3391/1825 906/3395/1833
f 2659/2738/1388 377/2739/1387 376/2738/1386
f 3104/3183/1834 879/3179/335 878/3183/1834
f 3314/3393/1828 898/3396/1835 897/3393/1828
f 3326/3405/1052 903/3402/1816 902/3405/1052
f 4214/4295/1836 1952/4287/1818 1951/4295/1837
f 3101/3180/1811 838/3184/1838 837/3180/1811
f 3317/3396/1835 899/3397/1839 898/3396/1835
f 3324/3403/1840 902/3405/1052 901/3403/1820
f 3762/3841/1812 1474/3848/210 1473/3841/1812
f 2660/2739/1841 378/2740/1842 377/2739/1387
f 3319/3398/1808 906/3395/1833 905/3398/1808
f 3318/3397/1839 900/3399/1819 899/3397/1839
f 4209/4289/974 1921/4296/1843 1920/4289/1822
f 3106/3185/1844 744/3181/1824 743/3185/1161
f 3403/3481/1845 1125/3479/1846 1124/3481/1845
f 3769/3849/1847 1353/3846/1848 1352/3849/1847
f 2662/2741/1849 245/2737/1830 244/2741/1849
f 3103/3182/1826 716/3186/1850 715/3182/1826
f 3402/3482/1851 1129/4606/1852 1128/3482/1853
f 3327/3406/1854 1054/3404/1831 1053/3406/1854
f 2661/2740/1855 379/2742/1416 378/2740/1842
f 4215/4293/1856 1883/4297/1857 1882/4293/1856
f 3320/3400/1799 1027/3407/1858 1026/3400/1799
f 3407/3485/1859 1124/3481/1845 1123/3485/1859
f 3771/3850/1030 1352/3849/1847 1351/3850/1030
f 2663/2742/1855 380/2743/1386 379/2742/1416
f 4218/4297/1200 1884/4298/1860 1883/4297/1857
f 3108/3187/1861 878/3183/1834 877/3187/1861
f 3770/3847/1862 1349/3851/969 1348/3847/1863
f 3105/3184/1864 839/3188/1865 838/3184/1838
f 3404/3483/1852 1130/3487/1866 1129/4606/1852
f 3329/3408/1867 1053/3406/1854 1052/3408/1868
f 2664/2743/1386 381/2744/1416 380/2743/1386
f 3410/3488/1869 1123/3485/1859 1122/3488/1869
f 3328/3407/1858 1028/3409/1870 1027/3407/1858
f 4219/4298/1860 1885/4300/1871 1884/4298/1860
f 3408/3487/1866 1131/3489/1872 1130/3487/1866
f 3773/3852/1873 1503/3844/1829 1502/3852/1873
f 3110/3189/1874 743/3185/1161 742/3189/1874
f 3409/3489/1872 1132/3490/1875 1131/3489/1872
f 2666/2745/1876 244/2741/1849 243/2745/1876
f 3107/3186/1850 717/3190/1877 716/3186/1850
f 3331/3410/1878 1052/3408/1868 1051/3410/1878
f 3774/3853/1879 1351/3850/1030 1350/3853/1879
f 2665/2744/1416 382/2746/1842 381/2744/1416
f 4221/4300/1871 1886/4299/1880 1885/4300/1871
f 3414/3491/1881 1122/3488/1869 1121/3491/1881
f 3330/3409/1870 1029/3411/1882 1028/3409/1870
f 3772/3851/1883 1350/3853/1879 1349/3851/969
f 3411/3490/1875 1133/3494/193 1132/3490/1875
f 2667/2746/1842 383/2747/1386 382/2746/1842
f 3112/3191/1884 742/3189/1874 741/3191/1884
f 3416/3495/214 1121/3491/1881 1120/3495/214
f 4222/4301/1885 1951/4295/1837 1950/4301/1035
f 3111/3190/1877 718/3192/1886 717/3190/1877
f 3451/3530/68 1146/3533/68 1145/3530/68
f 3333/3412/1101 1051/3410/1878 1050/3412/1101
f 2668/2747/1386 384/2748/1386 383/2747/1386
f 4217/4296/1887 1922/4302/1888 1921/4296/1843
f 3479/3558/530 1097/3557/515 1096/3558/523
f 3332/3411/1882 1030/3413/1889 1029/3411/1882
f 3775/3854/1890 1502/3852/1873 1501/3854/1890
f 3491/3570/580 1088/3568/530 1087/3570/580
f 3768/3848/210 1475/3855/1891 1474/3848/210
f 3114/3193/1892 877/3187/1861 876/3193/1892
f 3497/3576/597 1216/3578/567 1215/3576/597
f 2670/2749/1893 386/2750/1894 385/2749/1567
f 4224/4303/1047 1950/4301/1035 1949/4303/1047
f 3109/3188/1865 840/3194/858 839/3188/1865
f 3509/3588/561 1225/3589/657 1224/3588/561
f 3335/3414/1115 1050/3412/1101 1049/3414/1115
f 4223/4302/1888 1923/4304/1895 1922/4302/1888
f 3533/3612/67 1283/3611/67 1282/3612/67
f 3334/3413/1889 1031/3415/1896 1030/3413/1889
f 3777/3856/1897 1501/3854/1890 1500/3856/1897
f 3541/3620/67 1275/3619/67 1274/3620/67
f 3776/3855/1891 1476/3857/1898 1475/3855/1891
f 2672/2751/665 243/2745/1876 242/2751/665
f 3116/3195/1899 741/3191/1884 740/3195/1899
f 2671/2750/1894 387/2752/1900 386/2750/1894
f 4226/4305/1901 1949/4303/1047 1948/4305/1902
f 3113/3192/1886 719/3196/1903 718/3192/1886
f 3576/3654/1904 1263/3651/943 1262/3654/1904
f 3337/3416/1905 1049/3414/1115 1048/3416/1905
f 4225/4304/1895 1924/4306/999 1923/4304/1895
f 3573/3652/945 1250/3656/1906 1249/3652/945
f 3336/3415/1907 1032/3417/1908 1031/3415/1896
f 3779/3858/1909 1500/3856/1897 1499/3858/1909
f 2673/2752/1910 388/2753/1911 387/2752/1900
f 3580/3657/1912 1262/3654/1904 1261/3657/1912
f 3778/3857/1898 1477/3859/1913 1476/3857/1898
f 4227/4306/999 1925/4307/1914 1924/4306/999
f 3118/3197/1915 876/3193/1892 875/3197/1915
f 3115/3194/1916 841/3198/1917 840/3194/858
f 3577/3656/1906 1251/3659/1918 1250/3656/1906
f 3339/3418/1919 1048/3416/1905 1047/3418/1919
f 2675/2754/1920 242/2751/665 241/2754/1920
f 3579/3659/1918 1252/3661/1921 1251/3659/1918
f 3338/3417/1908 1033/3419/1922 1032/3417/1908
f 3781/3860/1923 1499/3858/1909 1498/3860/1923
f 2674/2753/1911 389/2755/1870 388/2753/1911
f 4229/4308/1924 1948/4305/1902 1947/4308/1925
f 3583/3662/1926 1261/3657/1912 1260/3662/1926
f 3780/3859/1913 1478/3861/1927 1477/3859/1913
f 3120/3199/1928 740/3195/1899 739/3199/1928
f 3582/3661/1921 1253/3663/993 1252/3661/1921
f 2676/2755/1870 390/2756/629 389/2755/1870
f 4230/4309/1021 1947/4308/1925 1946/4309/1022
f 3117/3196/1903 720/3200/1929 719/3196/1903
f 3341/3420/1930 1047/3418/1919 1046/3420/1931
f 4228/4307/1914 1926/4310/1932 1925/4307/1914
f 3584/3664/1933 1260/3662/1926 1259/3664/1933
f 3340/3419/1922 1034/3421/1934 1033/3419/1922
f 3783/3862/1935 1498/3860/1923 1497/3862/1935
f 2677/2756/629 391/2757/1936 390/2756/629
f 3782/3861/1927 1479/3863/1937 1478/3861/1927
f 3122/3201/1938 739/3199/1928 738/3201/1939
f 3589/3668/1605 1259/3664/1933 1258/3668/1015
f 4232/4311/1034 1946/4309/1022 1945/4311/1034
f 3121/3200/1929 721/3202/1940 720/3200/1929
f 3659/3737/1941 1384/3736/1279 1383/3737/1941
f 3343/3422/1942 1046/3420/1931 1045/3422/1942
f 2679/2758/1943 241/2754/1920 240/2758/1943
f 4231/4310/1932 1927/4312/1944 1926/4310/1932
f 3656/3735/484 1389/3738/1945 1388/3735/484
f 3785/3864/262 1497/3862/1935 1496/3864/262
f 2678/2757/1936 392/2759/641 391/2757/1936
f 3663/3741/1946 1383/3737/1941 1382/3741/1946
f 3344/3423/1153 1045/3422/1942 1044/3423/1153
f 3784/3863/1947 1480/3865/1948 1479/3863/1937
f 3124/3203/1949 875/3197/1915 874/3203/1949
f 3658/3738/1945 1390/3742/1950 1389/3738/1945
f 3342/3421/1934 1035/3424/1951 1034/3421/1934
f 2680/2759/1952 393/2760/1953 392/2759/641
f 4234/4313/271 1945/4311/1034 1944/4313/271
f 3119/3198/1917 842/3204/1954 841/3198/1917
f 3662/3742/1950 1391/3743/1442 1390/3742/1950
f 4233/4312/1944 1928/4314/1955 1927/4312/1944
f 3665/3744/1956 1382/3741/1946 1381/3744/1956
f 3787/3866/1137 1496/3864/262 1495/3866/1957
f 3664/3743/1958 1392/3745/1959 1391/3743/1442
f 3346/3425/1158 1044/3423/1153 1043/3425/1158
f 3786/3865/1948 1481/3867/1960 1480/3865/1948
f 2682/2761/1961 240/2758/1943 239/2761/1961
f 3126/3205/1718 738/3201/1939 737/3205/1718
f 3345/3424/1951 1036/3426/1962 1035/3424/1951
f 2681/2760/1963 394/2762/663 393/2760/1953
f 4236/4315/1964 1944/4313/271 1943/4315/1964
f 3123/3202/1940 722/3206/1722 721/3202/1940
f 4235/4314/1955 1929/4316/1965 1928/4314/1955
f 3670/3748/1332 1381/3744/1956 1380/3748/1332
f 3789/3868/1966 1495/3866/1957 1494/3868/1966
f 3128/3209/1967 874/3203/1949 873/3209/1968
f 3667/3745/1959 1393/3749/1315 1392/3745/1959
f 3348/3427/1969 1043/3425/1158 1042/3427/1969
f 3788/3867/1960 1482/3869/1970 1481/3867/1960
f 2684/2763/1560 239/2761/1961 238/2763/1560
f 3125/3204/933 843/3210/909 842/3204/1954
f 3697/3776/68 1406/3778/68 1405/3776/68
f 3347/3426/1962 1037/3428/1106 1036/3426/1962
f 2683/2762/654 395/2764/664 394/2762/663
f 4238/4317/1971 1943/4315/1964 1942/4317/1971
f 3758/3836/1972 1357/3831/1764 1356/3836/1972
f 4237/4316/1965 1930/4318/1077 1929/4316/1965
f 3757/3837/1795 1345/3838/1973 1344/3837/1795
f 3791/3870/1974 1494/3868/1966 1493/3870/1974
f 2685/2764/664 396/2765/1975 395/2764/664
f 3350/3429/1976 1042/3427/1969 1041/3429/1976
f 3761/3840/1977 1356/3836/1972 1355/3840/1977
f 3349/3428/1106 1038/3430/1120 1037/3428/1106
f 3792/3871/1978 1493/3870/1974 1492/3871/1978
f 4240/4319/1979 1942/4317/1971 1941/4319/1979
f 3760/3838/1973 1346/3842/1980 1345/3838/1973
f 3790/3869/1981 1483/3872/1982 1482/3869/1970
f 2687/2766/673 238/2763/1560 237/2766/673
f 4239/4318/1077 1931/4320/1983 1930/4318/1077
f 3134/3213/1984 873/3209/1968 872/3213/1984
f 3765/3843/1985 1355/3840/1977 1354/3843/1985
f 2686/2765/1975 397/2767/676 396/2765/1975
f 3129/3210/909 844/3214/1986 843/3210/909
f 3763/3842/1980 1347/3845/1987 1346/3842/1980
f 3352/3431/1988 1041/3429/1976 1040/3431/1989
f 3767/3846/1848 1354/3843/1985 1353/3846/1848
f 3351/3430/1990 1039/3432/1180 1038/3430/1120
f 3794/3873/1991 1492/3871/1978 1491/3873/1991
f 4242/4321/1148 1941/4319/1979 1940/4321/1148
f 3766/3845/1987 1348/3847/1863 1347/3845/1987
f 3353/3432/1180 1040/3431/1989 1039/3432/1180
f 3793/3872/1982 1484/3874/1093 1483/3872/1982
f 2689/2768/1483 237/2766/673 490/2768/682
f 4241/4320/1983 1932/4322/1992 1931/4320/1983
f 3904/3982/250 1612/3987/250 1617/3982/250
f 3354/3434/66 1070/3433/66 1069/3434/66
f 2688/2767/676 398/2769/686 397/2767/676
f 3910/3988/250 1618/3999/250 1629/3988/250
f 4033/4112/1993 1755/4109/1002 1754/4112/1993
f 3356/3435/67 1069/3434/67 1068/3435/67
f 3796/3875/1103 1491/3873/1991 1490/3875/1103
f 2691/2771/691 444/2770/692 443/2771/691
f 4244/4323/1994 1940/4321/1148 1939/4323/1154
f 4032/4111/1995 1759/4607/1996 1758/4111/1012
f 3795/3874/1093 1485/3876/1119 1484/3874/1093
f 4243/4322/1992 1933/4324/325 1932/4322/1992
f 3141/3220/1997 872/3213/1984 871/3220/1997
f 4037/4115/1930 1754/4112/1993 1753/4115/1930
f 3357/3436/69 1068/3435/69 1067/3436/69
f 3135/3214/1986 845/3221/1998 844/3214/1986
f 3358/3438/66 1066/3437/66 1065/3438/66
f 2694/2773/67 442/2772/67 441/2773/67
f 4034/4113/1996 1760/4117/1999 1759/4607/1996
f 3798/3877/1116 1490/3875/1103 1489/3877/1116
f 4246/4325/334 1939/4323/1154 1938/4325/334
f 4039/4118/2000 1753/4115/1930 1752/4118/2000
f 3360/3439/67 1065/3438/67 1064/3439/67
f 3797/3876/1119 1486/3878/1120 1485/3876/1119
f 2695/2774/67 441/2773/67 440/2774/67
f 4245/4324/325 1934/4326/2001 1933/4324/325
f 3143/3222/2002 732/3219/1756 731/3222/2002
f 4038/4117/1999 1761/4119/2003 1760/4117/1999
f 3361/3440/69 1064/3439/69 1063/3440/69
f 2696/2775/67 440/2774/67 439/2775/67
f 3800/3879/2004 1489/3877/1116 1488/3879/2004
f 4248/4327/348 1938/4325/334 1937/4327/348
f 3145/3224/1816 731/3222/2002 730/3224/1816
f 4043/4122/1059 1752/4118/2000 1751/4122/1059
f 3799/3878/1120 1487/3880/1130 1486/3878/1120
f 2697/2776/67 439/2775/67 438/2776/67
f 4247/4326/2001 1935/4328/2005 1934/4326/2001
f 3144/3223/1762 728/3225/2006 727/3223/1762
f 4040/4119/2007 1762/4123/1065 1761/4119/2003
f 3801/3880/1130 1488/3879/2004 1487/3880/1130
f 4080/4159/68 1775/4162/68 1774/4159/68
f 3359/3437/67 1067/3436/67 1066/3437/67
f 3802/3882/66 1518/3881/66 1517/3882/66
f 2698/2777/67 438/2776/67 437/2777/67
f 4249/4328/2005 1936/4329/357 1935/4328/2005
f 4108/4187/1300 1727/4186/1293 1726/4187/1300
f 3362/3441/68 1073/3442/68 1072/3441/68
f 4250/4329/357 1937/4327/348 1936/4329/357
f 3147/3226/2008 730/3224/1816 729/3226/2008
f 4120/4199/1356 1718/4197/1319 1717/4199/1356
f 3804/3883/67 1517/3882/67 1516/3883/67
f 2699/2778/67 437/2777/67 436/2778/67
f 4251/4331/1194 2062/4330/1195 2061/4331/1194
f 3146/3225/2006 729/3226/2008 728/3225/2006
f 4126/4205/1378 1845/4207/1388 1844/4205/1378
f 4138/4217/1386 1854/4218/1438 1853/4217/1387
f 3355/3433/68 1071/3443/68 1070/3433/68
f 3805/3884/69 1516/3883/69 1515/3884/69
f 2700/2779/67 436/2778/67 435/2779/67
f 4253/4332/1199 2061/4331/1194 2060/4332/1199
f 4162/4241/67 1912/4240/67 1911/4241/67
f 3364/3443/69 1072/3441/69 1071/3443/69
f 3806/3886/66 1514/3885/66 1513/3886/66
f 4252/4330/1195 2063/4333/1200 2062/4330/1195
f 4170/4249/67 1904/4248/67 1903/4249/67
f 3363/3442/66 1074/3444/66 1073/3442/66
f 2701/2780/67 435/2779/67 434/2780/67
f 3148/3227/2009 871/3220/1997 870/3227/2009
f 4171/4250/1604 1903/4249/2010 1902/4250/1604
f 3365/3444/68 1063/3440/68 1074/3444/68
f 3808/3887/67 1513/3886/67 1512/3887/67
f 3142/3221/2011 846/3228/2012 845/3221/1998
f 4200/4279/2013 1878/4281/2014 1877/4279/1784
f 3366/3446/1194 1180/3445/1195 1179/3446/1194
f 4255/4334/2015 2060/4332/1199 2059/4334/2015
f 3809/3888/69 1512/3887/69 1511/3888/69
f 2703/2782/767 433/2781/2016 432/2782/767
f 4254/4333/1200 2064/4335/1206 2063/4333/1200
f 3149/3228/2012 847/3229/2017 846/3228/2012
f 3368/3447/1199 1179/3446/1194 1178/3447/1199
f 2690/2769/2018 399/2783/2019 398/2769/686
f 4205/4283/2020 1892/4280/1793 1891/4283/2021
f 3367/3445/1195 1181/3448/1200 1180/3445/1195
f 4204/4281/2014 1879/4285/2022 1878/4281/2014
f 4257/4336/2023 2059/4334/2015 2058/4336/2023
f 3151/3230/2024 870/3227/2009 869/3230/2024
f 4207/4286/2025 1891/4283/2021 1890/4286/2026
f 3807/3885/67 1515/3884/67 1514/3885/67
f 2705/2784/2027 432/2782/767 431/2784/2027
f 4256/4335/1206 2065/4337/841 2064/4335/1206
f 3150/3229/2028 848/3231/2029 847/3229/2017
f 4206/4285/2030 1880/4288/2031 1879/4285/2022
f 3370/3449/2032 1178/3447/1199 1177/3449/2015
f 3810/3889/68 1521/3890/68 1520/3889/68
f 3369/3448/1200 1182/3450/1206 1181/3448/1200
f 2706/2785/734 490/2768/682 489/2785/734
f 4211/4290/2033 1890/4286/2026 1889/4290/2033
f 2692/2770/692 445/2786/2034 444/2770/692
f 4259/4338/851 2058/4336/2023 2057/4338/851
f 3153/3232/2035 869/3230/2024 868/3232/2035
f 4213/4291/2036 1889/4290/2033 1888/4291/2036
f 3803/3881/68 1519/3891/68 1518/3881/68
f 4258/4337/841 2066/4339/2037 2065/4337/841
f 3152/3231/2038 849/3233/2039 848/3231/2029
f 4210/4288/2040 1881/4292/2041 1880/4288/2031
f 3372/3451/2023 1177/3449/2015 1176/3451/2023
f 3812/3891/69 1520/3889/69 1519/3891/69
f 2704/2783/2019 400/2787/2042 399/2783/2019
f 4212/4292/2043 1882/4293/1856 1881/4292/2041
f 3371/3450/1206 1183/3452/2044 1182/3450/1206
f 3811/3890/66 1522/3892/66 1521/3890/66
f 3813/3892/68 1511/3888/68 1522/3892/68
f 4261/4340/2045 2057/4338/851 2056/4340/2045
f 3155/3234/2046 868/3232/2035 867/3234/2047
f 4216/4294/2048 1888/4291/2036 1887/4294/2049
f 3814/3894/66 1564/3893/2050 1563/3894/66
f 2709/2788/2051 431/2784/2027 430/2788/798
f 4260/4339/2037 2067/4341/2052 2066/4339/2037
f 3154/3233/2053 850/3235/2054 849/3233/2039
f 4220/4299/1880 1887/4294/2049 1886/4299/1880
f 3374/3453/2055 1176/3451/2023 1175/3453/2055
f 2708/2787/2042 401/2789/750 400/2787/2042
f 4286/4364/2056 2010/4362/2057 2009/4364/2056
f 3373/3452/2044 1184/3454/855 1183/3452/2044
f 3816/3895/67 1563/3894/67 1562/3895/67
f 4285/4365/2058 2012/4366/2059 2011/4365/2058
f 4263/4342/2060 2056/4340/2045 2055/4342/2060
f 3157/3236/2061 867/3234/2047 866/3236/2061
f 3817/3896/69 1562/3895/69 1561/3896/69
f 2711/2790/753 489/2785/734 488/2790/754
f 4262/4341/2052 2068/4343/2062 2067/4341/2052
f 3156/3235/2054 851/3237/2063 850/3235/2054
f 4289/4367/2064 2009/4364/2056 2008/4367/2064
f 3376/3455/862 1175/3453/2055 1174/3455/862
f 3818/3898/66 1526/3897/2065 1525/3898/66
f 4287/4366/2059 2013/4369/2066 2012/4366/2059
f 3375/3454/2067 1185/3456/2068 1184/3454/855
f 2712/2791/2069 430/2788/798 429/2791/2069
f 3820/3899/67 1525/3898/67 1524/3899/67
f 2707/2786/735 446/2792/760 445/2786/2034
f 4265/4344/889 2055/4342/2060 2054/4344/889
f 3159/3238/2070 866/3236/2061 865/3238/2070
f 4292/4371/2071 2008/4367/2064 2007/4371/2071
f 4264/4343/2062 2069/4345/2072 2068/4343/2062
f 3158/3237/2063 852/3239/2073 851/3237/2063
f 4291/4369/2066 2014/4372/2074 2013/4369/2066
f 3378/3457/2075 1174/3455/862 1173/3457/2075
f 3821/3900/2076 1524/3899/69 1523/3900/2076
f 2710/2789/2077 402/2793/2078 401/2789/750
f 4294/4373/2079 2007/4371/2071 2006/4373/2080
f 3377/3456/2068 1186/3458/2081 1185/3456/2068
f 4293/4372/2074 2015/4374/2082 2014/4372/2074
f 3822/3901/69 1561/3896/69 1560/3901/69
f 4267/4346/1243 2054/4344/889 2053/4346/1243
f 3161/3240/2083 865/3238/2070 864/3240/2083
f 4298/4377/169 2006/4373/2080 2005/4377/169
f 2715/2794/2084 429/2791/2069 428/2794/2084
f 4266/4345/2072 2070/4347/2085 2069/4345/2072
f 3160/3239/2073 853/3241/2086 852/3239/2073
f 4295/4374/2082 2016/4378/173 2015/4374/2082
f 3380/3459/2087 1173/3457/2075 1172/3459/2087
f 3823/3902/69 1560/3901/69 1559/3902/69
f 3379/3458/2081 1187/3460/2088 1186/3458/2081
f 2716/2795/775 488/2790/754 487/2795/775
f 4604/4411/2089 2038/4405/310 2037/4411/2089
f 3824/3903/69 1559/3902/69 1558/3903/69
f 2714/2793/2090 403/2796/847 402/2793/2078
f 4269/4348/1252 2053/4346/1243 2052/4348/1252
f 3163/3242/2091 864/3240/2083 863/3242/2091
f 4268/4347/2085 2071/4349/2092 2070/4347/2085
f 3162/3241/2086 854/3243/2093 853/3241/2086
f 4334/4414/68 2029/4417/68 2028/4414/68
f 3382/3461/901 1172/3459/2087 1171/3461/901
f 3825/3904/69 1558/3903/69 1557/3904/69
f 3381/3460/2088 1188/3462/2094 1187/3460/2088
f 2718/2797/2095 428/2794/2084 427/2797/2096
f 3826/3905/69 1557/3904/69 1556/3905/69
f 2713/2792/760 447/2798/2097 446/2792/760
f 4271/4350/2098 2052/4348/1252 2051/4350/2099
f 3165/3244/2100 863/3242/2091 862/3244/2100
f 4270/4349/2092 2072/4351/2101 2071/4349/2092
f 3164/3243/2093 855/3245/2102 854/3243/2093
f 3384/3463/2103 1171/3461/901 1170/3463/2103
f 3827/3906/69 1556/3905/69 1555/3906/69
f 2717/2796/847 404/2799/861 403/2796/847
f 3383/3462/2104 1189/3464/1265 1188/3462/2094
f 3828/3907/69 1555/3906/69 1554/3907/69
f 4273/4352/1269 2051/4350/2099 2050/4352/2105
f 3167/3246/2106 862/3244/2100 861/3246/2106
f 2721/2800/2107 427/2797/2096 426/2800/2108
f 4272/4351/2109 2073/4353/2110 2072/4351/2101
f 3166/3245/2102 856/3247/2111 855/3245/2102
f 4344/4424/68 2037/4411/68 2036/4424/68
f 3386/3465/2112 1170/3463/2103 1169/3465/2112
f 3829/3908/69 1554/3907/69 1553/3908/69
f 4360/4440/2113 1982/4438/460 1981/4440/2113
f 3385/3464/1258 1190/3466/2114 1189/3464/1265
f 2722/2801/2115 487/2795/775 486/2801/2115
f 4361/4441/2116 1981/4440/2113 1980/4441/478
f 3830/3909/69 1553/3908/69 1552/3909/69
f 2720/2799/2117 405/2802/2118 404/2799/861
f 4275/4354/2119 2050/4352/2105 2049/4354/2120
f 3169/3248/2121 861/3246/2106 860/3248/2121
f 4372/4452/2122 1973/4450/478 1972/4452/525
f 4274/4353/2123 2074/4355/2124 2073/4353/2110
f 3168/3247/2111 857/3249/2125 856/3247/2111
f 4378/4458/551 2098/4460/562 2097/4458/551
f 3388/3467/2126 1169/3465/2112 1168/3467/2126
f 3831/3910/69 1552/3909/69 1551/3910/69
f 4389/4469/560 2106/4470/2127 2105/4469/560
f 3387/3466/2114 1191/3468/2128 1190/3466/2114
f 2724/2803/2129 426/2800/2108 425/2803/2129
f 4390/4470/2127 2107/4471/608 2106/4470/2127
f 3832/3911/1797 1551/3910/69 1550/3911/1797
f 2719/2798/1686 448/2804/2130 447/2798/2097
f 4277/4356/2131 2049/4354/2120 2048/4356/2132
f 3171/3250/2133 860/3248/2121 859/3250/2133
f 4413/4493/67 2166/4492/67 2165/4493/67
f 3815/3893/2050 1565/3912/2134 1564/3893/2050
f 4276/4355/2135 2075/4357/2136 2074/4355/2124
f 3170/3249/2125 858/3251/68 857/3249/2125
f 4422/4502/67 2157/4501/67 2156/4502/67
f 3390/3469/946 1168/3467/2126 1167/3469/946
f 2723/2802/2137 406/2805/918 405/2802/2118
f 3172/3251/68 859/3250/2133 858/3251/68
f 4454/4534/876 2131/4538/2138 2130/4534/876
f 3389/3468/2128 1192/3470/2139 1191/3468/2128
f 3173/3253/304 992/3252/2140 991/3253/304
f 4459/4539/2141 2144/4536/895 2143/4539/2142
f 3834/3913/2143 1523/3900/2076 1611/3913/2144
f 4279/4358/2145 2048/4356/2132 2047/4358/2145
f 2727/2806/2146 425/2803/2129 424/2806/2147
f 4278/4357/2136 2076/4359/2148 2075/4357/2136
f 3175/3254/2149 991/3253/304 990/3254/2149
f 4458/4538/2138 2132/4541/2150 2131/4538/2138
f 3392/3471/2151 1167/3469/946 1166/3471/2151
f 3835/3914/2152 1550/3911/1797 1549/3914/2152
f 4461/4542/2153 2143/4539/2142 2142/4542/2153
f 3391/3470/2154 1193/3472/2155 1192/3470/2139
f 3819/3897/2065 1527/3915/1877 1526/3897/2065
f 2728/2807/2156 486/2801/2115 485/2807/2156
f 3176/3255/315 990/3254/2149 989/3255/315
f 4463/4541/2150 2133/4544/2157 2132/4541/2150
f 2726/2805/2158 407/2808/2159 406/2805/918
f 4281/4360/2160 2047/4358/2145 2046/4360/2161
f 3174/3252/2140 993/3256/2162 992/3252/2140
f 4464/4545/2163 2142/4542/2153 2141/4545/2163
f 3833/3912/2134 1566/3916/2164 1565/3912/2134
f 4280/4359/2165 2077/4361/150 2076/4359/2148
f 4466/4546/2166 2141/4545/2163 2140/4546/2166
f 3394/3473/2167 1166/3471/2151 1165/3473/2167
f 4465/4544/2168 2134/4547/939 2133/4544/2157
f 3393/3472/2169 1194/3474/2170 1193/3472/2155
f 2730/2809/2171 424/2806/2147 423/2809/2172
f 3178/3257/380 989/3255/315 988/3257/380
f 3838/3917/2173 1611/3913/2144 1610/3917/2173
f 2725/2804/824 449/2810/859 448/2804/2130
f 3177/3256/2162 994/3258/2174 993/3256/2162
f 4471/4549/960 2140/4546/2166 2139/4549/960
f 3396/3475/2175 1165/3473/2167 1164/3475/2175
f 3839/3918/2176 1549/3914/2152 1548/3918/2176
f 2729/2808/2159 408/2811/1575 407/2808/2159
f 4284/4363/2177 2046/4360/2161 2045/4363/2178
f 3395/3474/2170 1195/3476/150 1194/3474/2170
f 3836/3915/1877 1528/3919/2179 1527/3915/1877
f 4283/4362/2057 2011/4365/2058 2010/4362/2057
f 3180/3259/1188 988/3257/380 987/3259/1188
f 3179/3258/2174 995/3260/2180 994/3258/2174
f 3837/3916/2164 1567/3920/132 1566/3916/2164
f 2733/2812/2181 423/2809/2172 422/2812/1582
f 2734/2814/2182 485/2807/2156 484/2814/2182
f 2731/2810/2183 450/2816/136 449/2810/859
f 4282/4361/148 2078/4368/153 2077/4361/150
f 3182/3261/403 987/3259/1188 986/3261/403
f 3399/3478/70 1164/3475/2175 1163/3478/70
f 3842/3921/2184 1610/3917/2173 1609/3921/141
f 3181/3260/2180 996/3262/2185 995/3260/2180
f 4290/4370/1343 2045/4363/2178 2044/4370/143
f 3400/3479/2186 1126/3477/2187 1125/3479/1846
f 3843/3922/155 1548/3918/2176 1547/3922/155
f 2738/2819/2188 484/2814/2182 483/2819/157
f 3398/3477/2189 1127/3480/2190 1126/3477/2187
f 3840/3919/2179 1529/3923/159 1528/3919/2179
f 3184/3263/138 986/3261/403 985/3263/138
f 3183/3262/2185 997/3264/147 996/3262/2185
f 3401/3480/2191 1128/3482/1853 1127/3480/2190
f 3841/3920/132 3845/3924/133 1568/3924/133
f 2735/2816/134 2741/2820/162 451/2820/135
f 3186/3265/137 3184/3263/138 985/3263/138
f 3846/3925/140 3842/3921/2184 1609/3921/141
f 4296/4375/142 4290/4370/1343 2044/4370/143
f 3185/3264/145 3187/3266/171 998/3266/146
f 3397/3476/148 3405/3484/149 1196/3484/149
f 4288/4368/151 4297/4376/152 2079/4376/152
f 3406/3486/143 3399/3478/70 1163/3478/70
f 3847/3926/154 3843/3922/155 1547/3922/155
f 2745/2825/156 2738/2819/2188 483/2819/157
f 3844/3923/159 3848/3927/184 1530/3927/160
f 3188/3267/161 3186/3265/137 984/3265/139
f 2741/2820/162 2747/2826/209 452/2826/163
f 3845/3924/133 3849/3928/190 1569/3928/164
f 2746/2823/165 2748/2827/176 413/2827/166
f 3189/3268/167 3188/3267/161 983/3267/161
f 4300/4379/168 4298/4377/169 2005/4377/169
f 3187/3266/171 3190/3269/172 999/3269/172
f 4299/4378/173 4301/4380/174 2017/4380/174
f 3850/3929/175 3846/3925/140 1608/3925/140
f 2748/2827/176 2750/2829/177 414/2829/177
f 3412/3492/178 3406/3486/143 1162/3486/143
f 3191/3270/179 3189/3268/167 982/3268/167
f 3405/3484/149 3413/3493/180 1197/3493/180
f 3851/3930/181 3847/3926/154 1546/3926/154
f 4302/4381/182 4296/4375/142 2043/4375/144
f 3190/3269/172 3192/3271/183 1000/3271/183
f 3848/3927/184 3852/3931/185 1531/3931/185
f 2751/2830/186 2749/2828/1605 417/2828/187
f 4297/4376/152 4303/4382/229 2080/4382/188
f 2750/2829/177 2752/2831/189 415/2831/189
f 3849/3928/190 3853/3932/191 1570/3932/191
f 3193/3272/192 3191/3270/179 981/3270/179
f 3415/3494/193 3417/3496/174 1134/3496/174
f 4304/4383/194 4300/4379/168 2004/4379/170
f 3192/3271/183 3194/3273/196 1001/3273/196
f 2752/2831/189 2751/2830/186 416/2830/186
f 4301/4380/174 4305/4384/211 2018/4384/197
f 3854/3933/198 3850/3929/175 1607/3929/175
f 3418/3497/199 3412/3492/178 1161/3492/178
f 3195/3274/200 3193/3272/192 980/3272/192
f 3413/3493/180 3419/3498/201 1198/3498/201
f 3855/3934/202 3851/3930/181 1545/3930/181
f 2753/2832/203 2745/2825/156 482/2825/158
f 4306/4385/205 4304/4383/194 2003/4383/195
f 3194/3273/196 3196/3275/207 1002/3275/207
f 3852/3931/185 3856/3935/222 1532/3935/208
f 2747/2826/209 2754/2833/210 453/2833/210
f 4305/4384/211 4307/4386/236 2019/4386/212
f 3420/3499/213 3416/3495/214 1120/3495/214
f 3417/3496/174 3421/3500/216 1135/3500/216
f 3857/3936/217 3855/3934/202 1544/3934/202
f 2755/2834/219 2753/2832/203 481/2832/204
f 4308/4387/220 4306/4385/205 2002/4385/206
f 3856/3935/222 3858/3937/223 1533/3937/223
f 2303/2382/66 2304/2381/66 14/2381/66
f 2754/2833/210 2756/2835/234 454/2835/224
f 4309/4388/225 4302/4381/182 2042/4381/182
f 3422/3501/227 3420/3499/213 1119/3499/215
f 3853/3932/191 3859/3938/228 1571/3938/228
f 2305/2383/67 2303/2382/67 13/2382/67
f 4303/4382/229 4310/4389/259 2081/4389/230
f 3421/3500/216 3423/3502/231 1136/3502/231
f 2757/2836/232 2755/2834/219 480/2834/219
f 2306/2384/69 2305/2383/69 12/2383/69
f 2756/2835/234 2758/2837/235 455/2837/235
f 4307/4386/236 4311/4390/237 2020/4390/237
f 3860/3939/238 3854/3933/198 1606/3933/198
f 2304/2381/68 2307/2385/68 15/2385/68
f 3424/3503/240 3422/3501/227 1118/3501/227
f 2758/2837/235 2759/2838/241 456/2838/241
f 2307/2385/66 2308/2386/66 16/2386/66
f 3861/3940/242 3857/3936/217 1543/3936/218
f 4312/4391/243 4308/4387/220 2001/4387/221
f 3425/3504/225 3418/3497/199 1160/3497/199
f 3858/3937/223 3862/3941/245 1534/3941/245
f 4311/4390/237 4313/4392/246 2021/4392/246
f 3419/3498/201 3426/3505/247 1199/3505/247
f 2760/2839/248 2757/2836/232 479/2836/233
f 2309/2387/68 2306/2384/68 11/2384/68
f 3859/3938/228 3863/3942/249 1572/3942/249
f 3423/3502/231 3427/3506/237 1137/3506/237
f 2308/2386/250 2310/2388/250 17/2388/250
f 2761/2840/251 2760/2839/248 478/2839/248
f 4314/4393/252 4312/4391/243 2000/4391/244
f 2310/2388/69 2309/2387/69 18/2387/69
f 2759/2838/241 2762/2841/264 457/2841/254
f 2311/2390/66 2312/2389/66 30/2389/66
f 3864/3943/255 3860/3939/238 1605/3939/239
f 4315/4394/256 4309/4388/225 2041/4388/226
f 3428/3507/258 3424/3503/240 1117/3503/240
f 4310/4389/259 4316/4395/260 2082/4395/260
f 3427/3506/237 3429/3508/246 1138/3508/246
f 3865/3944/261 3861/3940/242 1542/3940/242
f 2763/2842/262 2761/2840/251 477/2840/251
f 3862/3941/245 3866/3945/263 1535/3945/263
f 2762/2841/264 2764/2843/265 458/2843/265
f 4313/4392/246 4317/4396/266 2022/4396/266
f 2314/2392/67 2311/2390/67 29/2390/67
f 3430/3509/267 3428/3507/258 1116/3507/258
f 2313/2391/68 2315/2393/68 27/2393/68
f 3867/3946/269 3865/3944/261 1541/3944/261
f 2315/2393/69 2314/2392/69 28/2392/69
f 2765/2844/271 2763/2842/262 476/2842/262
f 4318/4397/272 4314/4393/252 1999/4393/253
f 3431/3510/257 3425/3504/225 1159/3504/225
f 3866/3945/263 3868/3947/274 1536/3947/274
f 2764/2843/265 2766/2845/275 459/2845/275
f 4317/4396/266 4319/4398/289 2023/4398/276
f 3426/3505/247 3432/3511/277 1200/3511/277
f 2316/2394/69 2313/2391/69 26/2391/69
f 3863/3942/249 3869/3948/278 1573/3948/278
f 3429/3508/246 3433/3512/288 1139/3512/279
f 2767/2846/280 2765/2844/271 475/2844/271
f 4320/4399/281 4315/4394/256 2040/4394/257
f 2766/2845/275 2768/2847/282 460/2847/282
f 3870/3949/283 3864/3943/255 1604/3943/255
f 2318/2396/67 2316/2394/67 25/2394/67
f 4321/4400/284 4318/4397/272 1998/4397/273
f 3434/3513/286 3430/3509/267 1115/3509/268
f 2317/2395/68 2319/2397/68 23/2397/68
f 4316/4395/260 4322/4401/313 2083/4401/287
f 3433/3512/288 3435/3514/289 1140/3514/289
f 3871/3950/290 3867/3946/269 1540/3946/270
f 2319/2397/69 2318/2396/69 24/2396/69
f 2769/2848/292 2767/2846/280 474/2846/280
f 3868/3947/274 3872/3951/293 1537/3951/293
f 2768/2847/282 2770/2849/294 461/2849/294
f 4319/4398/289 4323/4402/295 2024/4402/295
f 2320/2398/69 2317/2395/69 22/2395/69
f 3436/3515/281 3431/3510/257 1158/3510/257
f 3873/3952/67 3871/3950/290 1539/3950/291
f 2321/2399/67 2320/2398/67 21/2398/67
f 2771/2850/296 2769/2848/292 473/2848/292
f 4324/4403/298 4321/4400/284 1997/4400/285
f 3437/3516/300 3434/3513/286 1114/3513/286
f 3872/3951/293 3873/3952/67 1538/3952/67
f 2322/2400/69 2321/2399/69 20/2399/69
f 2770/2849/294 2772/2851/311 462/2851/301
f 4323/4402/295 4325/4404/326 2025/4404/302
f 3432/3511/277 3438/3517/303 1201/3517/303
f 2323/2402/304 2324/2401/305 140/2401/305
f 3435/3514/289 3439/3518/319 1141/3518/306
f 3869/3948/278 3874/3953/307 1574/3953/307
f 2325/2403/308 2323/2402/304 139/2402/304
f 2773/2852/309 2771/2850/296 472/2850/297
f 4326/4405/310 4320/4399/281 2039/4399/281
f 2772/2851/311 2774/2853/312 463/2853/312
f 4322/4401/313 4327/4406/314 2084/4406/314
f 2326/2404/315 2325/2403/308 138/2403/308
f 3440/3519/316 3437/3516/300 1113/3516/300
f 3875/3954/317 3870/3949/283 1603/3949/283
f 2324/2401/305 2327/2405/318 141/2405/318
f 3439/3518/319 3441/3520/345 1142/3520/320
f 3874/3953/307 3876/3955/321 1575/3955/321
f 2775/2854/322 2773/2852/309 471/2852/309
f 4328/4407/323 4324/4403/298 1996/4403/299
f 2774/2853/312 2776/2855/325 464/2855/325
f 4325/4404/326 4329/4408/337 2026/4408/327
f 2328/2406/328 2326/2404/315 137/2404/315
f 3442/3521/329 3436/3515/281 1157/3515/281
f 3877/3956/330 3875/3954/317 1602/3954/317
f 2327/2405/318 2329/2407/331 142/2407/331
f 3438/3517/303 3443/3522/332 1202/3522/332
f 3876/3955/321 3878/3957/333 1576/3957/333
f 2777/2856/334 2775/2854/322 470/2854/322
f 4330/4409/335 4328/4407/323 1995/4407/324
f 2776/2855/325 2778/2857/336 465/2857/336
f 4329/4408/337 4331/4410/358 2027/4410/338
f 2330/2408/339 2328/2406/328 136/2406/328
f 3444/3523/340 3440/3519/316 1112/3519/316
f 3879/3958/341 3877/3956/330 1601/3956/330
f 2329/2407/331 2331/2409/343 143/2409/343
f 4327/4406/314 4332/4412/344 2085/4412/344
f 3441/3520/345 3445/3524/346 1143/3524/346
f 3878/3957/333 3880/3959/347 1577/3959/347
f 2779/2858/348 2777/2856/334 469/2856/334
f 2778/2857/336 2780/2859/349 466/2859/349
f 2332/2410/350 2330/2408/339 135/2408/339
f 4333/4413/351 4330/4409/335 1994/4409/335
f 3446/3525/353 3444/3523/340 1111/3523/340
f 3881/3960/354 3879/3958/341 1600/3958/342
f 2331/2409/343 2333/2411/369 144/2411/356
f 2780/2859/349 2781/2860/357 467/2860/357
f 4331/4410/358 4334/4414/1552 2028/4414/359
f 3445/3524/346 3447/3526/338 1144/3526/338
f 2781/2860/357 2779/2858/348 468/2858/348
f 3882/3961/360 3881/3960/354 1599/3960/355
f 2782/2862/362 2783/2861/363 600/2861/363
f 4335/4415/364 4333/4413/351 1993/4413/352
f 3880/3959/347 3883/3962/365 1578/3962/365
f 2334/2412/366 2332/2410/350 134/2410/350
f 4332/4412/344 4336/4416/367 2086/4416/367
f 3448/3527/368 3442/3521/329 1156/3521/329
f 2333/2411/369 2335/2413/377 145/2413/370
f 2784/2863/308 2782/2862/362 599/2862/362
f 3443/3522/332 3449/3528/371 1203/3528/371
f 4337/4417/68 4338/4418/68 2030/4418/68
f 3884/3963/372 3882/3961/360 1598/3961/361
f 2785/2864/373 2784/2863/308 598/2863/308
f 4338/4418/68 4339/4419/68 2031/4419/68
f 3883/3962/365 3885/3964/374 1579/3964/374
f 2336/2414/375 2334/2412/366 133/2412/366
f 2783/2861/363 2786/2865/376 601/2865/376
f 4339/4419/68 4340/4420/68 2032/4420/68
f 3450/3529/352 3446/3525/353 1110/3525/353
f 2335/2413/377 2337/2415/378 146/2415/378
f 4340/4420/68 4341/4421/68 2033/4421/68
f 3447/3526/338 3451/3530/359 1145/3530/359
f 4341/4421/68 4342/4422/68 2034/4422/68
f 3886/3965/379 3884/3963/372 1597/3963/372
f 2787/2866/380 2785/2864/373 597/2864/373
f 4342/4422/68 4343/4423/68 2035/4423/68
f 3885/3964/374 3887/3966/381 1580/3966/381
f 2338/2416/382 2336/2414/375 132/2414/375
f 2786/2865/376 2788/2867/384 602/2867/384
f 4343/4423/68 4344/4424/68 2036/4424/68
f 3452/3531/364 3450/3529/352 1109/3529/352
f 3449/3528/371 3453/3532/385 1204/3532/385
f 2339/2417/386 2338/2416/382 131/2416/383
f 4345/4425/387 4335/4415/364 1992/4415/364
f 3888/3967/389 3886/3965/379 1596/3965/379
f 2337/2415/378 2340/2418/401 147/2418/391
f 2789/2868/392 2787/2866/380 596/2866/380
f 4336/4416/367 4346/4426/407 2087/4426/393
f 3887/3966/381 3889/3968/394 1581/3968/394
f 2788/2867/384 2790/2869/395 603/2869/395
f 3454/3533/68 3455/3534/68 1147/3534/68
f 2341/2419/396 2339/2417/386 130/2417/386
f 4347/4427/398 4345/4425/387 1991/4425/388
f 3455/3534/68 3456/3535/68 1148/3535/68
f 3890/3969/400 3888/3967/389 1595/3967/390
f 2340/2418/401 2342/2420/411 148/2420/402
f 2791/2870/403 2789/2868/392 595/2868/392
f 3889/3968/394 3891/3970/404 1582/3970/404
f 2790/2869/395 2792/2871/405 604/2871/405
f 4348/4428/406 4347/4427/398 1990/4427/399
f 3456/3535/68 3457/3536/68 1149/3536/68
f 4346/4426/407 4349/4429/408 2088/4429/408
f 2343/2421/409 2341/2419/396 129/2419/397
f 3457/3536/68 3458/3537/68 1150/3537/68
f 3892/3971/410 3890/3969/400 1594/3969/400
f 2342/2420/411 2344/2422/412 149/2422/412
f 2793/2872/413 2791/2870/403 594/2870/403
f 3891/3970/404 3893/3972/414 1583/3972/414
f 2792/2871/405 2794/2873/425 605/2873/415
f 4350/4430/416 4348/4428/406 1989/4428/406
f 3458/3537/68 3459/3538/68 1151/3538/68
f 2345/2423/417 2343/2421/409 128/2421/409
f 4351/4431/418 4350/4430/416 1988/4430/416
f 3459/3538/68 3460/3539/68 1152/3539/68
f 3894/3973/420 3892/3971/410 1593/3971/410
f 2344/2422/412 2346/2424/421 150/2424/421
f 2795/2874/422 2793/2872/413 593/2872/413
f 4349/4429/408 4352/4432/423 2089/4432/423
f 3893/3972/414 3895/3974/424 1584/3974/424
f 2794/2873/425 2796/2875/426 606/2875/426
f 3460/3539/68 3461/3540/68 1153/3540/68
f 2347/2425/427 2345/2423/417 127/2423/417
f 4353/4433/428 4351/4431/418 1987/4431/419
f 3461/3540/68 3462/3541/68 1154/3541/68
f 3896/3975/429 3894/3973/420 1592/3973/420
f 2346/2424/421 2348/2426/444 151/2426/430
f 2797/2876/431 2795/2874/422 592/2874/422
f 3462/3541/68 3448/3527/68 1155/3527/68
f 3895/3974/424 3897/3976/432 1585/3976/432
f 4354/4434/433 4353/4433/428 1986/4433/428
f 2798/2877/434 2797/2876/431 591/2876/431
f 3463/3542/436 3452/3531/364 1108/3531/364
f 2349/2427/437 2347/2425/427 126/2425/427
f 2796/2875/426 2799/2878/439 607/2878/439
f 4355/4435/440 4354/4434/433 1985/4434/433
f 3453/3532/385 3464/3543/442 1205/3543/442
f 3898/3977/443 3896/3975/429 1591/3975/429
f 2348/2426/444 2350/2428/455 152/2428/445
f 4352/4432/423 4356/4436/464 2090/4436/446
f 3897/3976/432 3899/3978/447 1586/3978/447
f 2800/2879/448 2798/2877/434 590/2877/435
f 3465/3544/450 3463/3542/436 1107/3542/436
f 2351/2429/451 2349/2427/437 125/2427/438
f 2799/2878/439 2801/2880/467 608/2880/452
f 4357/4437/453 4355/4435/440 1984/4435/441
f 3900/3979/454 3898/3977/443 1590/3977/443
f 2350/2428/455 2352/2430/504 153/2430/456
f 3466/3545/457 3465/3544/450 1106/3544/450
f 3899/3978/447 3901/3980/459 1587/3980/459
f 4358/4438/460 4357/4437/453 1983/4437/453
f 3464/3543/442 3467/3546/461 1206/3546/461
f 2802/2881/462 2800/2879/448 589/2879/449
f 4356/4436/464 4359/4439/465 2091/4439/465
f 3901/3980/459 3902/3981/466 1588/3981/466
f 2801/2880/467 2803/2882/412 609/2882/468
f 3902/3981/466 3900/3979/454 1589/3979/454
f 3468/3547/469 3466/3545/457 1105/3545/458
f 3903/3983/66 3904/3982/66 1617/3982/66
f 2354/2432/471 2351/2429/451 124/2429/451
f 2804/2883/472 2802/2881/462 588/2881/463
f 3469/3548/473 3468/3547/469 1104/3547/470
f 3905/3984/67 3903/3983/67 1616/3983/67
f 2355/2433/474 2353/2431/475 87/2431/475
f 2803/2882/412 2805/2884/421 610/2884/421
f 4362/4442/477 4361/4441/2116 1980/4441/478
f 3467/3546/461 3470/3549/480 1207/3549/480
f 2353/2431/475 2356/2434/483 88/2434/481
f 4359/4439/465 4363/4443/498 2092/4443/482
f 3906/3985/69 3905/3984/69 1615/3984/69
f 2356/2434/483 2357/2435/484 89/2435/484
f 2806/2885/485 2804/2883/472 587/2883/472
f 3471/3550/486 3469/3548/473 1103/3548/473
f 3907/3986/67 3906/3985/67 1614/3985/67
f 2805/2884/421 2807/2886/495 611/2886/487
f 4364/4444/477 4362/4442/477 1979/4442/479
f 3908/3987/69 3907/3986/69 1613/3986/69
f 3472/3551/488 3471/3550/486 1102/3550/486
f 3909/3989/66 3910/3988/66 1629/3988/66
f 2358/2436/489 2355/2433/474 86/2433/476
f 4365/4445/491 4364/4444/477 1978/4444/477
f 2808/2887/492 2806/2885/485 586/2885/485
f 3473/3552/493 3472/3551/488 1101/3551/488
f 2359/2438/494 2358/2436/489 85/2436/490
f 2807/2886/495 2809/2888/496 612/2888/496
f 4366/4446/491 4365/4445/491 1977/4445/491
f 3470/3549/480 3474/3553/497 1208/3553/497
f 4363/4443/498 4367/4447/513 2093/4447/499
f 3912/3991/67 3909/3989/67 1628/3989/67
f 3911/3990/68 3913/3992/68 1626/3992/68
f 2361/2440/500 2354/2432/471 123/2432/471
f 2810/2889/502 2808/2887/492 585/2887/492
f 3475/3554/503 3473/3552/493 1100/3552/493
f 3913/3992/69 3912/3991/69 1627/3991/69
f 2352/2430/504 2362/2441/505 154/2441/505
f 2809/2888/496 2811/2890/506 613/2890/506
f 4368/4448/507 4366/4446/491 1976/4446/491
f 3476/3555/508 3475/3554/503 1099/3554/503
f 3914/3993/69 3911/3990/69 1625/3990/69
f 4369/4449/478 4368/4448/507 1975/4448/507
f 3474/3553/497 3477/3556/509 1209/3556/509
f 4370/4450/479 4369/4449/478 1974/4449/479
f 2367/2445/510 2361/2440/500 122/2440/501
f 2813/2892/511 2810/2889/502 584/2889/502
f 4367/4447/513 4371/4451/528 2094/4451/514
f 3478/3557/515 3476/3555/508 1098/3555/508
f 3916/3995/67 3914/3993/67 1624/3993/67
f 3915/3994/68 3917/3996/68 1622/3996/68
f 2814/2893/516 2812/2891/520 547/2891/517
f 3917/3996/69 3916/3995/69 1623/3995/69
f 2362/2441/505 2370/2448/519 155/2448/519
f 2812/2891/520 2815/2894/526 548/2894/521
f 3480/3559/522 3479/3558/530 1096/3558/523
f 4373/4453/524 4372/4452/2122 1972/4452/525
f 3918/3997/69 3915/3994/69 1621/3994/69
f 2815/2894/526 2816/2895/1609 549/2895/527
f 4371/4451/528 4374/4454/529 2095/4454/529
f 3481/3560/530 3480/3559/522 1095/3559/522
f 3477/3556/509 3482/3561/531 1210/3561/531
f 3919/3998/67 3918/3997/67 1620/3997/67
f 2371/2450/532 2373/2451/548 95/2451/533
f 3920/3999/69 3919/3998/69 1619/3998/69
f 2817/2896/535 2814/2893/516 546/2893/518
f 4375/4455/536 4373/4453/524 1971/4453/524
f 3921/4001/66 3922/4000/66 1636/4000/66
f 4374/4454/529 4376/4456/550 2096/4456/537
f 3483/3562/530 3481/3560/530 1094/3560/530
f 2374/2452/538 2367/2445/510 121/2445/510
f 2818/2897/539 2817/2896/535 545/2896/535
f 3923/4002/67 3921/4001/67 1635/4001/67
f 2819/2900/540 2813/2892/511 583/2892/512
f 3484/3563/541 3483/3562/530 1093/3562/530
f 2375/2453/542 2372/2449/1458 80/2449/543
f 2811/2890/506 2820/2901/565 614/2901/545
f 4377/4457/546 4375/4455/536 1970/4455/536
f 2373/2451/548 2376/2454/563 96/2454/549
f 4376/4456/550 4378/4458/551 2097/4458/551
f 3485/3564/552 3484/3563/541 1092/3563/541
f 3482/3561/531 3486/3565/553 1211/3565/553
f 3925/4004/554 3923/4002/554 1634/4002/554
f 3926/4005/555 3925/4004/555 1633/4004/555
f 2377/2455/556 2375/2453/542 79/2453/544
f 4379/4459/557 4377/4457/546 1969/4457/547
f 2370/2448/519 2378/2456/593 156/2456/558
f 2825/2904/510 2819/2900/540 582/2900/540
f 3487/3566/559 3485/3564/552 1091/3564/552
f 3927/4006/67 3926/4005/67 1632/4005/67
f 4380/4460/560 4381/4461/561 2099/4461/561
f 2376/2454/563 2379/2457/570 97/2457/564
f 3488/3567/530 3487/3566/559 1090/3566/559
f 2820/2901/565 2828/2907/566 615/2907/566
f 4381/4461/561 4382/4462/567 2100/4462/567
f 3489/3568/530 3488/3567/530 1089/3567/530
f 3929/4008/69 3927/4006/69 1631/4006/69
f 2380/2458/568 2374/2452/538 120/2452/538
f 3486/3565/553 3490/3569/569 1212/3569/569
f 2379/2457/570 2381/2459/571 98/2459/571
f 4383/4463/572 4379/4459/557 1968/4459/557
f 3930/4009/574 3928/4007/574 1641/4007/574
f 2829/2909/575 2831/2910/576 554/2910/576
f 4382/4462/567 4384/4464/561 2101/4464/567
f 3928/4007/66 3931/4010/66 1642/4010/66
f 3931/4010/68 3929/4008/68 1630/4008/68
f 2382/2460/578 2377/2455/556 78/2455/556
f 4384/4464/561 4385/4465/560 2102/4465/560
f 3492/3571/579 3491/3570/580 1087/3570/580
f 3922/4000/68 3932/4011/68 1637/4011/68
f 2381/2459/571 2383/2461/589 99/2461/581
f 2832/2911/582 2825/2904/510 581/2904/510
f 3490/3569/569 3493/3572/583 1213/3572/583
f 3932/4011/69 3924/4003/69 1638/4003/69
f 4385/4465/560 4386/4466/584 2103/4466/584
f 3924/4003/585 3933/4012/585 1639/4012/585
f 2833/2912/586 2830/2908/1458 540/2908/543
f 2384/2462/587 2380/2458/568 119/2458/568
f 2831/2910/576 2834/2913/588 555/2913/588
f 3494/3573/536 3492/3571/579 1086/3571/579
f 3933/4012/68 3930/4009/68 1640/4009/68
f 2383/2461/589 2385/2463/601 100/2463/590
f 4387/4467/591 4383/4463/572 1967/4463/573
f 3493/3572/583 3495/3574/592 1214/3574/592
f 3934/4014/66 3935/4013/66 1645/4013/66
f 4386/4466/584 4388/4468/561 2104/4468/561
f 2378/2456/593 2386/2464/594 157/2464/594
f 2835/2914/556 2833/2912/586 539/2912/586
f 3936/4015/67 3934/4014/67 1644/4014/67
f 2828/2907/566 2836/2915/595 616/2915/595
f 4388/4468/561 4389/4469/560 2105/4469/560
f 3496/3575/596 3494/3573/536 1085/3573/536
f 3935/4013/68 3937/4016/68 1646/4016/68
f 3495/3574/592 3497/3576/597 1215/3576/597
f 3937/4016/69 3936/4015/69 1643/4015/69
f 2387/2465/598 2382/2460/578 77/2460/578
f 2834/2913/588 2837/2916/606 556/2916/600
f 3938/4018/66 3939/4017/66 1650/4017/66
f 2385/2463/601 2388/2466/610 101/2466/602
f 3498/3577/557 3496/3575/596 1084/3575/596
f 3940/4019/67 3938/4018/67 1649/4018/67
f 2838/2917/568 2832/2911/582 580/2911/582
f 4392/4472/603 4387/4467/591 1966/4467/591
f 2389/2467/604 2384/2462/587 118/2462/587
f 2837/2916/606 2839/2918/616 557/2918/607
f 4391/4471/608 4393/4473/612 2108/4473/609
f 3499/3578/567 3500/3579/561 1217/3579/561
f 3941/4020/69 3940/4019/69 1648/4019/69
f 2388/2466/610 2390/2468/618 102/2468/611
f 3939/4017/68 3942/4021/68 1651/4021/68
f 4393/4473/612 4394/4474/613 2109/4474/613
f 3500/3579/561 3501/3580/567 1218/3580/567
f 2840/2919/614 2835/2914/556 538/2914/556
f 3942/4021/66 3943/4022/66 1652/4022/66
f 2391/2469/615 2387/2465/598 76/2465/599
f 2839/2918/616 2841/2920/626 558/2920/617
f 2390/2468/618 2392/2470/619 103/2470/619
f 4395/4475/620 4392/4472/603 1965/4472/603
f 3502/3581/572 3498/3577/557 1083/3577/557
f 4394/4474/613 4396/4476/628 2110/4476/622
f 3501/3580/567 3503/3582/584 1219/3582/584
f 3944/4023/68 3941/4020/68 1647/4020/68
f 2386/2464/594 2393/2471/648 158/2471/623
f 2842/2921/624 2838/2917/568 579/2917/568
f 3943/4022/68 3945/4024/68 1653/4024/68
f 2841/2920/626 2843/2922/638 559/2922/627
f 4396/4476/628 4397/4477/632 2111/4477/629
f 3503/3582/584 3504/3583/561 1220/3583/561
f 3945/4024/69 3944/4023/69 1654/4023/69
f 3946/4026/66 3947/4025/66 1658/4025/66
f 2394/2472/630 2389/2467/604 117/2467/605
f 2836/2915/595 2844/2923/661 617/2923/631
f 4397/4477/632 4398/4478/640 2112/4478/633
f 3504/3583/561 3505/3584/584 1221/3584/584
f 2392/2470/619 2395/2473/642 104/2473/634
f 3948/4027/67 3946/4026/67 1657/4026/67
f 2845/2924/599 2840/2919/614 537/2919/578
f 4399/4479/635 4395/4475/620 1964/4475/621
f 3506/3585/636 3502/3581/572 1082/3581/572
f 3949/4028/69 3948/4027/69 1656/4027/69
f 2396/2474/637 2391/2469/615 75/2469/615
f 2843/2922/638 2846/2925/639 560/2925/639
f 4398/4478/640 4400/4480/641 2113/4480/641
f 3505/3584/584 3507/3586/561 1222/3586/561
f 3947/4025/68 3950/4029/68 1659/4029/68
f 2395/2473/642 2397/2475/645 105/2475/643
f 4400/4480/641 4401/4481/653 2114/4481/644
f 3507/3586/561 3508/3587/561 1223/3587/561
f 3950/4029/66 3951/4030/66 1660/4030/66
f 2397/2475/645 2398/2477/2192 106/2477/646
f 2847/2926/647 2842/2921/624 578/2921/625
f 2393/2471/648 2399/2478/677 159/2478/649
f 2846/2925/639 2848/2927/658 561/2927/650
f 3508/3587/561 3509/3588/561 1224/3588/561
f 4402/4482/651 4399/4479/635 1963/4479/635
f 3952/4031/68 3949/4028/68 1655/4028/68
f 2400/2479/68 2401/2480/68 108/2480/68
f 4401/4481/653 4403/4483/663 2115/4483/654
f 3951/4030/68 3953/4032/68 1661/4032/68
f 2401/2480/68 2402/2481/68 109/2481/68
f 2849/2928/615 2845/2924/599 536/2924/598
f 3510/3589/655 3511/3590/666 1226/3590/656
f 3953/4032/69 3952/4031/69 1662/4031/69
f 2402/2481/68 2403/2482/68 110/2482/68
f 2848/2927/658 2850/2929/659 562/2929/659
f 3954/4034/66 3955/4033/66 1673/4033/66
f 2403/2482/68 2404/2483/68 111/2483/68
f 4404/4484/660 4402/4482/651 1962/4482/652
f 2404/2483/68 2405/2484/68 112/2484/68
f 2844/2923/661 2851/2930/695 618/2930/662
f 4403/4483/663 4405/4485/664 2116/4485/664
f 3512/3591/665 3506/3585/636 1081/3585/636
f 2405/2484/68 2406/2485/68 113/2485/68
f 3511/3590/666 3513/3592/609 1227/3592/667
f 2406/2485/68 2407/2486/68 114/2486/68
f 4405/4485/664 4406/4486/668 2117/4486/668
f 3957/4036/67 3954/4034/67 1672/4034/67
f 2852/2931/669 2847/2926/647 577/2926/647
f 3513/3592/609 3514/3593/670 1228/3593/670
f 3956/4035/68 3958/4037/68 1670/4037/68
f 2408/2487/671 2396/2474/637 74/2474/637
f 2850/2929/659 2853/2932/680 563/2932/672
f 3958/4037/69 3957/4036/69 1671/4036/69
f 4407/4487/673 4404/4484/660 1961/4484/660
f 2409/2488/674 2408/2487/671 73/2487/671
f 4406/4486/668 4408/4488/676 2118/4488/676
f 3515/3594/621 3512/3591/665 1080/3591/665
f 3959/4038/69 3956/4035/69 1669/4035/69
f 2399/2478/677 2410/2489/678 160/2489/678
f 2854/2933/637 2849/2928/615 535/2928/615
f 3514/3593/670 3516/3595/679 1229/3595/679
f 2853/2932/680 2855/2934/645 564/2934/681
f 4409/4489/682 4407/4487/673 1960/4487/673
f 3516/3595/679 3517/3596/683 1230/3596/683
f 2411/2490/684 2409/2488/674 72/2488/675
f 4408/4488/676 4410/4490/686 2119/4490/686
f 3961/4040/67 3959/4038/67 1668/4038/67
f 2410/2489/678 2412/2491/687 161/2491/687
f 2856/2935/688 2852/2931/669 576/2931/669
f 3517/3596/683 3518/3597/689 1231/3597/689
f 3960/4039/68 3962/4041/68 1666/4041/68
f 2855/2934/645 2857/2936/1204 565/2936/690
f 4411/4492/691 4412/4491/692 2167/4491/692
f 3962/4041/69 3961/4040/69 1667/4040/69
f 2413/2492/693 2411/2490/684 71/2490/685
f 2851/2930/695 2858/2937/696 619/2937/696
f 3519/3598/697 3515/3594/621 1079/3594/621
f 3963/4042/69 3960/4039/69 1665/4039/69
f 2412/2491/687 2414/2493/703 162/2493/698
f 4414/4494/67 4413/4493/67 2165/4493/67
f 3518/3597/689 3520/3599/699 1232/3599/699
f 3964/4043/67 3963/4042/67 1664/4042/67
f 2859/2938/68 2860/2939/68 567/2939/68
f 4415/4495/67 4414/4494/67 2164/4494/67
f 3520/3599/699 3521/3600/700 1233/3600/700
f 3955/4033/68 3965/4044/68 1674/4044/68
f 2415/2494/701 2413/2492/693 70/2492/694
f 3965/4044/69 3964/4043/69 1663/4043/69
f 2414/2493/703 2416/2495/708 163/2495/704
f 2860/2939/68 2861/2940/68 568/2940/68
f 4416/4496/67 4415/4495/67 2163/4495/67
f 3966/4046/66 3967/4045/66 1679/4045/66
f 3522/3601/651 3519/3598/697 1078/3598/697
f 2861/2940/68 2862/2941/68 569/2941/68
f 4417/4497/67 4416/4496/67 2162/4496/67
f 3521/3600/700 3523/3602/705 1234/3602/705
f 3968/4047/67 3966/4046/67 1678/4046/67
f 2417/2496/706 2415/2494/701 69/2494/702
f 2416/2495/708 2418/2497/717 164/2497/709
f 2862/2941/68 2863/2942/68 570/2942/68
f 4418/4498/67 4417/4497/67 2161/4497/67
f 3969/4048/69 3968/4047/69 1677/4047/69
f 3524/3603/660 3522/3601/651 1077/3601/651
f 2863/2942/68 2864/2943/68 571/2943/68
f 4419/4499/67 4418/4498/67 2160/4498/67
f 3523/3602/705 3525/3604/713 1235/3604/710
f 3970/4049/67 3969/4048/67 1676/4048/67
f 2419/2498/711 2417/2496/706 68/2496/707
f 3967/4045/68 3971/4050/68 1680/4050/68
f 2864/2943/68 2865/2944/68 572/2944/68
f 4420/4500/67 4419/4499/67 2159/4499/67
f 3525/3604/713 3526/3605/714 1236/3605/714
f 3971/4050/69 3970/4049/69 1675/4049/69
f 2420/2499/715 2419/2498/711 67/2498/712
f 3972/4052/66 3973/4051/66 1688/4051/66
f 2418/2497/717 2421/2500/718 165/2500/718
f 2865/2944/68 2866/2945/68 573/2945/68
f 4421/4501/67 4420/4500/67 2158/4500/67
f 3527/3606/673 3524/3603/660 1076/3603/660
f 3974/4053/67 3972/4052/67 1687/4052/67
f 2866/2945/68 2867/2946/68 574/2946/68
f 3526/3605/714 3528/3607/719 1237/3607/719
f 2422/2501/720 2420/2499/715 66/2499/716
f 2867/2946/68 2856/2935/68 575/2935/68
f 4423/4503/721 4422/4502/722 2156/4502/722
f 3975/4054/69 3974/4053/69 1686/4053/69
f 2421/2500/718 2423/2502/723 166/2502/723
f 4410/4490/686 4424/4504/739 2120/4504/724
f 3976/4056/66 3977/4055/66 1684/4055/66
f 2868/2947/671 2854/2933/637 534/2933/637
f 3529/3608/684 3527/3606/673 1075/3606/673
f 3528/3607/719 3530/3609/725 1238/3609/725
f 3978/4057/67 3976/4056/67 1683/4056/67
f 2424/2503/726 2422/2501/720 65/2501/720
f 2869/2948/674 2868/2947/671 533/2947/671
f 4425/4505/728 4423/4503/721 2155/4503/721
f 2423/2502/723 2425/2504/730 167/2504/730
f 2858/2937/696 2870/2949/731 620/2949/731
f 3531/3611/732 3532/3610/733 1284/3610/733
f 3979/4058/69 3978/4057/69 1682/4057/69
f 4426/4506/734 4409/4489/682 2213/4489/682
f 4412/4491/692 4427/4507/735 2168/4507/735
f 2426/2505/736 2424/2503/726 64/2503/727
f 2871/2950/737 2869/2948/674 532/2948/674
f 3534/3613/67 3533/3612/67 1282/3612/67
f 2425/2504/730 2427/2506/738 168/2506/738
f 2870/2949/731 2872/2951/686 621/2951/686
f 4424/4504/739 4428/4508/749 2121/4508/740
f 3977/4055/67 3975/4054/67 1685/4054/67
f 3535/3614/67 3534/3613/67 1281/3613/67
f 3980/4059/68 3981/4060/68 1691/4060/68
f 2428/2507/741 2426/2505/736 63/2505/736
f 2873/2952/743 2871/2950/737 531/2950/737
f 4429/4509/745 4425/4505/728 2154/4505/729
f 3536/3615/67 3535/3614/67 1280/3614/67
f 2429/2509/746 2430/2508/747 33/2508/747
f 2872/2951/686 2874/2953/757 622/2953/748
f 4428/4508/749 4430/4510/750 2122/4510/750
f 3973/4051/68 3982/4061/68 1689/4061/68
f 3537/3616/67 3536/3615/67 1279/3615/67
f 3982/4061/69 3980/4059/69 1690/4059/69
f 2431/2510/67 2429/2509/67 32/2509/67
f 3981/4060/66 3983/4062/66 1692/4062/66
f 2875/2954/751 2873/2952/743 530/2952/744
f 4431/4511/753 4426/4506/734 2212/4506/734
f 3538/3617/67 3537/3616/67 1278/3616/67
f 3983/4062/68 3979/4058/68 1681/4058/68
f 2432/2511/755 2431/2510/756 31/2510/756
f 2874/2953/757 2876/2955/708 623/2955/704
f 3984/4064/66 3985/4063/66 1703/4063/66
f 4432/4512/758 4429/4509/745 2153/4509/745
f 3539/3618/67 3538/3617/67 1277/3617/67
f 2433/2512/759 2428/2507/741 62/2507/742
f 4427/4507/735 4433/4513/760 2169/4513/760
f 2427/2506/738 2434/2513/793 169/2513/761
f 2877/2956/762 2875/2954/751 529/2954/752
f 3540/3619/67 3539/3618/67 1276/3618/67
f 2876/2955/708 2878/2957/776 624/2957/764
f 4430/4510/750 4434/4514/765 2123/4514/765
f 3987/4066/67 3984/4064/67 1702/4064/67
f 2430/2508/747 2435/2514/773 34/2514/766
f 3986/4065/68 3988/4067/68 1700/4067/68
f 3542/3621/767 3541/3620/722 1274/3620/722
f 3988/4067/69 3987/4066/69 1701/4066/69
f 2879/2958/768 2877/2956/762 528/2956/763
f 4435/4515/770 4432/4512/758 2152/4512/758
f 3530/3609/725 3543/3622/739 1239/3622/739
f 2436/2515/771 2432/2511/755 210/2511/755
f 3989/4068/69 3986/4065/69 1699/4065/69
f 2435/2514/773 2437/2516/783 35/2516/774
f 2880/2959/715 2879/2958/768 527/2958/769
f 4436/4516/775 4431/4511/753 2211/4511/754
f 2878/2957/776 2881/2960/777 625/2960/777
f 4434/4514/765 4437/4517/778 2124/4517/778
f 3544/3623/779 3542/3621/767 1273/3621/767
f 2438/2517/780 2433/2512/759 61/2512/759
f 3545/3624/782 3529/3608/684 1330/3608/685
f 3991/4070/67 3989/4068/67 1698/4068/67
f 2437/2516/783 2439/2518/799 36/2518/784
f 2882/2961/785 2880/2959/715 526/2959/716
f 4438/4518/786 4435/4515/770 2151/4515/770
f 3532/3610/733 3546/3625/788 1285/3625/788
f 3990/4069/68 3992/4071/68 1696/4071/68
f 2881/2960/777 2883/2962/796 626/2962/789
f 4433/4513/760 4439/4519/761 2170/4519/790
f 3992/4071/69 3991/4070/69 1697/4070/69
f 3543/3622/739 3547/3626/740 1240/3626/740
f 2440/2519/791 2436/2515/771 209/2515/772
f 4437/4517/778 4440/4520/792 2125/4520/792
f 3993/4072/69 3990/4069/69 1695/4069/69
f 2434/2513/793 2441/2520/842 170/2520/794
f 2884/2963/795 2882/2961/785 525/2961/785
f 2883/2962/796 2885/2964/797 627/2964/797
f 3548/3627/798 3544/3623/779 1272/3623/779
f 3994/4073/67 3993/4072/67 1694/4072/67
f 2439/2518/799 2442/2521/812 37/2521/800
f 4441/4521/801 4438/4518/786 2150/4518/787
f 3547/3626/740 3549/3628/827 1241/3628/803
f 3985/4063/68 3995/4074/68 1704/4074/68
f 3995/4074/69 3994/4073/69 1693/4073/69
f 2886/2965/736 2884/2963/795 524/2963/795
f 4442/4522/804 4436/4516/775 2210/4516/775
f 3996/4076/805 3997/4075/806 1809/4075/806
f 2443/2522/807 2438/2517/780 60/2517/781
f 2885/2964/797 2887/2966/809 628/2966/809
f 4440/4520/792 4443/4523/810 2126/4523/810
f 3550/3629/811 3545/3624/782 1329/3624/782
f 2442/2521/812 2444/2523/825 38/2523/813
f 3998/4077/814 3996/4076/805 1808/4076/805
f 3551/3630/815 3548/3627/798 1271/3627/798
f 3997/4075/806 3999/4078/831 1810/4078/816
f 2888/2967/742 2886/2965/736 523/2965/736
f 4444/4524/817 4441/4521/801 2149/4521/802
f 3546/3625/788 3552/3631/818 1286/3631/818
f 2445/2524/819 2440/2519/791 208/2519/791
f 2889/2969/821 2890/2968/850 493/2968/822
f 4439/4519/761 4445/4525/824 2171/4525/824
f 2444/2523/825 2446/2525/826 39/2525/826
f 3549/3628/827 3553/3632/828 1242/3632/828
f 4000/4079/829 3998/4077/814 1807/4077/814
f 2891/2970/67 2889/2969/967 492/2969/67
f 4443/4523/810 4446/4526/848 2127/4526/830
f 3999/4078/831 4001/4080/832 1811/4080/832
f 2447/2526/833 2443/2522/807 59/2522/808
f 2892/2971/755 2891/2970/756 491/2970/756
f 3554/3633/835 3551/3630/815 1270/3630/815
f 2446/2525/826 2448/2527/837 40/2527/837
f 4447/4527/838 4444/4524/817 2148/4524/817
f 4002/4081/839 4000/4079/829 1806/4079/829
f 2893/2972/759 2888/2967/742 522/2967/741
f 3555/3634/840 3550/3629/811 1328/3629/811
f 4001/4080/832 4003/4082/841 1812/4082/841
f 2441/2520/842 2449/2528/843 171/2528/843
f 2887/2966/809 2894/2973/844 629/2973/844
f 4448/4528/845 4442/4522/804 2209/4522/804
f 3553/3632/828 3556/3635/860 1243/3635/847
f 4446/4526/848 4449/4529/865 2128/4529/849
f 2890/2968/850 2895/2974/773 494/2974/766
f 4004/4083/851 4002/4081/839 1805/4081/839
f 2450/2529/852 2445/2524/819 207/2524/820
f 3557/3636/854 3554/3633/835 1269/3633/836
f 4003/4082/841 4005/4084/855 1813/4084/855
f 2448/2527/837 2451/2530/856 41/2530/856
f 4450/4530/857 4447/4527/838 2147/4527/838
f 3552/3631/818 3558/3637/858 1287/3637/858
f 2896/2975/772 2892/2971/755 670/2971/755
f 4445/4525/824 4451/4531/859 2172/4531/859
f 2895/2974/773 2897/2976/774 495/2976/774
f 3556/3635/860 3559/3638/861 1244/3638/861
f 4006/4085/862 4004/4083/851 1804/4083/851
f 2452/2531/863 2447/2526/833 58/2526/834
f 4449/4529/865 4452/4532/875 2129/4532/866
f 4005/4084/855 4007/4086/878 1814/4086/867
f 2451/2530/856 2453/2532/880 42/2532/868
f 2898/2977/781 2893/2972/759 521/2972/759
f 3560/3639/869 3557/3636/854 1268/3636/854
f 2897/2976/774 2899/2978/799 496/2978/870
f 4453/4533/871 4450/4530/857 2146/4530/857
f 4008/4087/873 4006/4085/862 1803/4085/862
f 2454/2533/874 2450/2529/852 206/2529/853
f 4452/4532/875 4454/4534/876 2130/4534/876
f 3561/3640/877 3555/3634/840 1327/3634/840
f 4007/4086/878 4009/4088/891 1815/4088/879
f 2453/2532/880 2455/2534/1488 43/2534/881
f 3559/3638/861 3562/3641/899 1245/3641/882
f 2900/2979/883 2896/2975/772 669/2975/772
f 2449/2528/843 2456/2535/909 172/2535/885
f 2894/2973/844 2901/2980/932 630/2980/886
f 4455/4535/887 4448/4528/845 2208/4528/846
f 4010/4089/889 4008/4087/873 1802/4087/873
f 3563/3642/890 3560/3639/869 1267/3639/869
f 4009/4088/891 4011/4090/892 1816/4090/892
f 2899/2978/799 2902/2981/893 497/2981/893
f 4456/4536/894 4453/4533/871 2145/4533/872
f 3558/3637/858 3564/3643/928 1288/3643/896
f 2457/2536/897 2452/2531/863 57/2531/864
f 4451/4531/859 4457/4537/914 2173/4537/898
f 3562/3641/899 3565/3644/918 1246/3644/900
f 4012/4091/901 4010/4089/889 1801/4089/889
f 2903/2982/808 2898/2977/781 520/2977/780
f 4011/4090/892 4013/4092/903 1817/4092/903
f 2459/2538/904 2454/2533/874 205/2533/874
f 2902/2981/893 2904/2983/906 498/2983/906
f 4460/4540/907 4455/4535/887 2207/4535/888
f 3566/3645/908 3563/3642/890 1266/3642/890
f 2456/2535/909 2461/2540/910 173/2540/910
f 4014/4093/911 4012/4091/901 1800/4091/902
f 2905/2984/913 2900/2979/883 668/2979/884
f 4457/4537/914 4462/4543/135 2174/4543/162
f 3567/3646/915 3561/3640/877 1326/3640/877
f 4013/4092/903 4015/4094/925 1818/4094/916
f 2904/2983/906 2906/2985/917 499/2985/917
f 3565/3644/918 3568/3647/919 1247/3647/919
f 4016/4095/920 4014/4093/911 1799/4093/912
f 2464/2544/921 2459/2538/904 204/2538/905
f 2907/2986/922 2903/2982/808 519/2982/807
f 3569/3648/923 3566/3645/908 1265/3645/908
f 4015/4094/925 4017/4096/937 1819/4096/926
f 2906/2985/917 2908/2987/927 500/2987/927
f 3564/3643/928 3570/3649/929 1289/3649/929
f 4467/4548/930 4460/4540/907 2206/4540/904
f 2901/2980/932 2909/2988/933 631/2988/933
f 3568/3647/919 3571/3650/934 1248/3650/934
f 4018/4097/935 4016/4095/920 1798/4095/920
f 2461/2540/910 2468/2548/210 174/2548/210
f 4462/4543/135 4469/4550/209 2175/4550/209
f 4017/4096/937 4019/4098/950 1820/4098/938
f 4468/4547/939 4470/4551/940 2135/4551/940
f 2910/2989/941 2905/2984/913 667/2984/272
f 3572/3651/943 3569/3648/923 1264/3648/924
f 2908/2987/927 2911/2990/944 501/2990/944
f 3571/3650/934 3573/3652/945 1249/3652/945
f 4020/4099/946 4018/4097/935 1797/4097/936
f 2471/2550/947 2469/2549/948 52/2549/948
f 4470/4551/940 4472/4552/949 2136/4552/949
f 4019/4098/950 4021/4100/951 1821/4100/951
f 2470/2547/952 2472/2551/969 49/2551/953
f 2912/2991/955 2907/2986/922 518/2986/834
f 3574/3653/957 3567/3646/915 1325/3646/915
f 2911/2990/944 2913/2992/958 502/2992/958
f 4473/4553/959 4471/4549/960 2139/4549/960
f 3570/3649/929 3575/3655/962 1290/3655/962
f 4022/4101/963 4020/4099/946 1796/4099/946
f 2473/2552/964 2464/2544/921 203/2544/921
f 4472/4552/949 4474/4554/189 2137/4554/965
f 4021/4100/951 4023/4102/966 1822/4102/966
f 2474/2553/967 2471/2550/947 51/2550/947
f 2914/2993/968 2910/2989/941 666/2989/942
f 3578/3658/157 3574/3653/957 1324/3653/957
f 2472/2551/969 2474/2553/967 50/2553/967
f 2913/2992/958 2915/2994/1643 503/2994/970
f 4474/4554/189 4473/4553/959 2138/4553/961
f 4024/4103/971 4022/4101/963 1795/4101/963
f 4023/4102/966 4025/4104/972 1823/4104/972
f 2909/2988/933 2916/2995/973 632/2995/973
f 3575/3655/962 3581/3660/974 1291/3660/974
f 4475/4555/975 4467/4548/930 2205/4548/931
f 2475/2554/977 2473/2552/964 202/2552/964
f 4469/4550/209 4476/4556/978 2176/4556/978
f 4026/4105/979 4024/4103/971 1794/4103/971
f 2468/2548/210 2476/2555/989 175/2555/980
f 2917/2996/981 2912/2991/955 517/2991/956
f 4025/4104/972 4027/4106/982 1824/4106/982
f 4477/4557/983 4475/4555/975 2204/4555/976
f 3585/3665/985 3578/3658/157 1323/3658/157
f 2477/2556/986 2475/2554/977 201/2554/977
f 2919/2998/987 2914/2993/968 665/2993/968
f 4476/4556/978 4478/4558/998 2177/4558/988
f 2476/2555/989 2478/2557/1003 176/2557/990
f 3581/3660/974 3587/3666/991 1292/3666/991
f 2916/2995/973 2921/3000/992 633/3000/992
f 3586/3663/993 3588/3667/994 1254/3667/994
f 4029/4108/995 4026/4105/979 1793/4105/979
f 4479/4559/996 4477/4557/983 2203/4557/984
f 2479/2558/997 2477/2556/986 200/2556/986
f 4478/4558/998 4480/4560/1009 2178/4560/999
f 4030/4109/1000 4028/4107/1007 1756/4107/1001
f 2478/2557/1003 2480/2559/1004 177/2559/1004
f 2923/3004/1005 2919/2998/987 664/2998/987
f 3588/3667/994 3590/3669/1006 1255/3669/1006
f 4028/4107/1007 4031/4110/1011 1757/4110/1008
f 4480/4560/1009 4481/4561/1010 2179/4561/1010
f 4031/4110/1011 4032/4111/1995 1758/4111/1012
f 2481/2560/1013 2479/2558/997 199/2558/997
f 3591/3670/1014 3589/3668/1605 1258/3668/1015
f 2480/2559/1004 2482/2561/1017 178/2561/1017
f 4482/4562/1018 4479/4559/996 2202/4559/996
f 3590/3669/1006 3592/3671/1019 1256/3671/1019
f 2921/3000/992 2928/3008/1071 634/3008/1020
f 4483/4563/1021 4482/4562/1018 2201/4562/1018
f 4027/4106/982 4035/4114/1048 1825/4114/1023
f 2483/2562/1024 2481/2560/1013 198/2560/1013
f 4481/4561/1010 4484/4564/1037 2180/4564/1025
f 3592/3671/1019 3591/3670/1014 1257/3670/1016
f 2482/2561/1017 2484/2563/1040 179/2563/1026
f 4036/4116/1027 4029/4108/995 1792/4108/995
f 2931/3010/1028 2929/3009/1029 512/3009/1029
f 2930/3007/1031 2932/3011/1032 509/3011/1032
f 4485/4565/1034 4483/4563/1021 2200/4563/1022
f 3593/3672/1035 3585/3665/985 1322/3665/985
f 2485/2564/1036 2483/2562/1024 197/2562/1024
f 4484/4564/1037 4486/4566/1053 2181/4566/1038
f 3587/3666/991 3594/3673/1039 1293/3673/1039
f 2484/2563/1040 2486/2565/1041 180/2565/1041
f 2933/3012/1042 2923/3004/1005 663/3004/1005
f 4041/4120/1044 4036/4116/1027 1791/4116/1027
f 4487/4567/1045 4485/4565/1034 2199/4565/1034
f 3595/3674/1047 3593/3672/1035 1321/3672/1035
f 4035/4114/1048 4042/4121/1078 1826/4121/1049
f 2487/2566/1050 2485/2564/1036 196/2564/1036
f 2934/3013/1052 2931/3010/1028 511/3010/1030
f 4486/4566/1053 4488/4568/1054 2182/4568/1054
f 3594/3673/1039 3596/3675/1055 1294/3675/1055
f 2486/2565/1041 2488/2567/1067 181/2567/1056
f 2932/3011/1032 2934/3013/1052 510/3013/1052
f 4489/4569/280 4487/4567/1045 2198/4567/1046
f 3597/3676/1057 3595/3674/1047 1320/3674/1047
f 4045/4124/1058 4043/4122/1059 1751/4122/1059
f 2489/2568/1061 2487/2566/1050 195/2566/1051
f 4488/4568/1054 4490/4570/1063 2183/4570/1063
f 3596/3675/1055 3598/3677/1072 1295/3677/1064
f 4044/4123/1065 4046/4125/1088 1763/4125/1066
f 2488/2567/1067 2490/2569/1068 182/2569/1068
f 2935/3014/1069 2933/3012/1042 662/3012/1043
f 2928/3008/1071 2936/3015/1082 635/3015/980
f 3598/3677/1072 3599/3678/1073 1296/3678/1073
f 4491/4571/1074 4489/4569/280 2197/4569/280
f 4047/4126/1075 4041/4120/1044 1790/4120/1044
f 2491/2570/1076 2489/2568/1061 194/2568/1062
f 4490/4570/1063 4492/4572/1077 2184/4572/1077
f 4042/4121/1078 4048/4127/1079 1827/4127/1079
f 2937/3016/1080 2935/3014/1069 661/3014/1070
f 3600/3679/1018 3597/3676/1057 1319/3676/1057
f 2492/2571/1081 2491/2570/1076 193/2570/1076
f 2936/3015/1082 2938/3017/990 636/3017/990
f 2490/2569/1068 2493/2572/1083 183/2572/1083
f 4493/4573/1084 4491/4571/1074 2196/4571/1074
f 3601/3680/1085 3600/3679/1018 1318/3679/1018
f 4049/4128/215 4045/4124/1058 1750/4124/1060
f 4492/4572/1077 4494/4574/1096 2185/4574/1086
f 3599/3678/1073 3602/3681/1087 1297/3681/1087
f 4046/4125/1088 4050/4129/1099 1764/4129/1089
f 2939/3018/1090 2937/3016/1080 660/3016/1080
f 2494/2573/1092 2492/2571/1081 192/2571/1081
f 2938/3017/990 2940/3019/1104 637/3019/1004
f 2493/2572/1083 2495/2574/1093 184/2574/1093
f 4495/4575/1094 4493/4573/1084 2195/4573/1084
f 3603/3682/1095 3601/3680/1085 1317/3680/1085
f 4051/4130/206 4049/4128/215 1749/4128/215
f 4494/4574/1096 4496/4576/1097 2186/4576/1097
f 3602/3681/1087 3604/3683/1112 1298/3683/1098
f 4050/4129/1099 4052/4131/1100 1765/4131/1100
f 2941/3020/1101 2939/3018/1090 659/3018/1091
f 2496/2575/1103 2494/2573/1092 191/2573/1092
f 2940/3019/1104 2942/3021/613 638/3021/1105
f 2495/2574/1093 2497/2576/1119 185/2576/1106
f 4497/4577/1107 4495/4575/1094 2194/4575/1094
f 3605/3684/1109 3603/3682/1095 1316/3682/1095
f 4053/4132/1110 4051/4130/206 1748/4130/206
f 4496/4576/1097 4498/4578/1111 2187/4578/1111
f 3604/3683/1112 3606/3685/1113 1299/3685/1113
f 2943/3022/1114 2941/3020/1101 658/3020/1102
f 4054/4133/225 4047/4126/1075 1789/4126/1075
f 2498/2577/1116 2496/2575/1103 190/2575/1103
f 2942/3021/613 2944/3023/1128 639/3023/1117
f 4048/4127/1079 4055/4134/1118 1828/4134/1118
f 2497/2576/1119 2499/2578/1120 186/2578/1120
f 4499/4579/1121 4497/4577/1107 2193/4577/1108
f 3607/3686/1122 3605/3684/1109 1315/3684/1109
f 4498/4578/1111 4500/4580/336 2188/4580/336
f 3606/3685/1113 3608/3687/1123 1300/3687/1123
f 4052/4131/1100 4056/4135/1135 1766/4135/1124
f 2945/3024/1125 2943/3022/1114 657/3022/1115
f 2500/2579/1127 2498/2577/1116 189/2577/1116
f 2944/3023/1128 2946/3025/1129 640/3025/1129
f 2499/2578/1120 2501/2580/1130 187/2580/1130
f 4501/4581/1131 4499/4579/1121 2192/4579/1121
f 3609/3688/1132 3607/3686/1122 1314/3686/1122
f 4057/4136/1133 4053/4132/1110 1747/4132/1110
f 2501/2580/1130 2500/2579/1127 188/2579/1127
f 4500/4580/336 4502/4582/349 2189/4582/349
f 3608/3687/1123 3610/3689/1134 1301/3689/1134
f 4056/4135/1135 4058/4137/1150 1767/4137/1136
f 2502/2582/66 2503/2581/66 218/2581/66
f 2947/3026/1137 2945/3024/1125 656/3024/1126
f 2946/3025/1129 2948/3027/1145 641/3027/1139
f 4502/4582/349 4503/4583/1140 2190/4583/1140
f 2504/2583/67 2502/2582/67 217/2582/67
f 4503/4583/1140 4501/4581/1131 2191/4581/1131
f 3611/3690/1141 3609/3688/1132 1313/3688/1132
f 4059/4138/1142 4057/4136/1133 1746/4136/258
f 4504/4585/66 4505/4584/66 2224/4584/66
f 3610/3689/1134 3612/3691/301 1302/3691/301
f 2505/2584/69 2504/2583/69 216/2583/69
f 2949/3028/1144 2947/3026/1137 655/3026/1138
f 4060/4139/605 4054/4133/225 1788/4133/225
f 2506/2586/66 2507/2585/66 214/2585/66
f 2948/3027/1145 2950/3029/1146 642/3029/1146
f 4055/4134/1118 4061/4140/1147 1829/4140/1147
f 3613/3692/1148 3611/3690/1141 1312/3690/1141
f 2508/2587/67 2506/2586/67 213/2586/67
f 4507/4587/67 4504/4585/67 2223/4585/67
f 3612/3691/301 3614/3693/1149 1303/3693/1149
f 4058/4137/1150 4062/4141/1151 1768/4141/1151
f 2951/3030/1152 2949/3028/1144 654/3028/1144
f 4506/4586/68 4508/4588/68 2221/4588/68
f 2509/2588/69 2508/2587/69 212/2587/69
f 4508/4588/69 4507/4587/69 2222/4587/69
f 2952/3031/1153 2951/3030/1152 653/3030/1152
f 3615/3694/1154 3613/3692/1148 1311/3692/1148
f 4063/4142/1155 4059/4138/1142 1745/4138/1143
f 2950/3029/1146 2953/3032/1156 643/3032/1156
f 4509/4589/69 4506/4586/69 2220/4586/69
f 3614/3693/1149 3616/3695/325 1304/3695/325
f 4062/4141/1151 4064/4143/1168 1769/4143/1157
f 2507/2585/67 2505/2584/67 215/2584/67
f 2510/2589/68 2511/2590/68 221/2590/68
f 2954/3033/1158 2952/3031/1153 652/3031/1153
f 3617/3696/1159 3615/3694/1154 1310/3694/1154
f 4065/4144/1160 4060/4139/605 1787/4139/605
f 2953/3032/1156 2955/3034/1162 644/3034/1162
f 4511/4591/67 4509/4589/67 2219/4589/67
f 3616/3695/325 3618/3697/336 1305/3697/336
f 4510/4590/68 4512/4592/68 2217/4592/68
f 4066/4145/1163 4063/4142/1155 1744/4142/1155
f 2503/2581/68 2512/2591/68 219/2591/68
f 4512/4592/69 4511/4591/69 2218/4591/69
f 4061/4140/1147 4067/4146/1182 1830/4146/1165
f 2512/2591/69 2510/2589/69 220/2589/69
f 2956/3035/1166 2954/3033/1158 651/3033/1158
f 3619/3698/348 3617/3696/1159 1309/3696/1159
f 2511/2590/66 2513/2592/66 222/2592/66
f 2955/3034/1162 2957/3036/1167 645/3036/1167
f 4513/4593/69 4510/4590/69 2216/4590/69
f 3618/3697/336 3620/3699/349 1306/3699/349
f 4064/4143/1168 4068/4147/1175 1770/4147/1169
f 2513/2592/68 2509/2588/68 211/2588/68
f 2514/2594/66 2515/2593/66 229/2593/66
f 4514/4594/67 4513/4593/67 2215/4593/67
f 3620/3699/349 3621/3700/1140 1307/3700/1140
f 2958/3037/1170 2956/3035/1166 650/3035/1166
f 4505/4584/68 4515/4595/68 2225/4595/68
f 3621/3700/1140 3619/3698/348 1308/3698/348
f 4069/4148/1171 4066/4145/1163 1743/4145/1164
f 2516/2595/67 2514/2594/67 228/2594/67
f 2957/3036/1167 2959/3038/1173 646/3038/1173
f 4515/4595/69 4514/4594/69 2214/4594/69
f 3622/3702/1174 3623/3701/305 1440/3701/305
f 4068/4147/1175 4070/4149/1184 1771/4149/1176
f 4516/4597/66 4517/4596/66 7/4596/66
f 3624/3703/1177 3622/3702/1174 1439/3702/1174
f 2960/3039/1127 2958/3037/1170 649/3037/1170
f 4518/4598/67 4516/4597/67 6/4597/67
f 4071/4150/329 4065/4144/1160 1786/4144/1161
f 2518/2597/1179 2516/2595/1179 227/2595/1179
f 2959/3038/1173 2961/3040/1180 647/3040/1180
f 3625/3704/1181 3624/3703/1177 1438/3703/1177
f 4067/4146/1182 4072/4151/1183 1831/4151/1183
f 2519/2598/66 2518/2597/66 226/2597/66
f 2961/3040/1180 2960/3039/1127 648/3039/1127
f 3623/3701/305 3626/3705/318 1441/3705/318
f 2962/3042/66 2963/3041/66 678/3041/66
f 2520/2599/67 2519/2598/67 225/2598/67
f 4520/4600/1179 4518/4598/1179 5/4598/1179
f 4073/4152/324 4069/4148/1171 1742/4148/1172
f 2964/3043/67 2962/3042/67 677/3042/67
f 4521/4601/66 4520/4600/66 4/4600/66
f 3627/3706/328 3625/3704/1181 1437/3704/1181
f 4070/4149/1184 4074/4153/1185 1772/4153/1185
f 2521/2600/69 2520/2599/69 224/2599/69
f 3626/3705/318 3628/3707/1186 1442/3707/1186
f 2515/2593/68 2522/2601/68 230/2601/68
f 2965/3044/69 2964/3043/69 676/3043/69
f 4522/4602/67 4521/4601/67 3/4601/67
f 2522/2601/69 2517/2596/69 231/2596/69
f 2966/3046/66 2967/3045/66 674/3045/66
f 4075/4154/335 4073/4152/324 1741/4152/323
f 2517/2596/1187 2523/2602/1187 232/2602/1187
f 4523/4603/69 4522/4602/69 2/4602/69
f 3629/3708/1188 3627/3706/328 1436/3706/328
f 4074/4153/1185 4076/4155/1197 1773/4155/1189
f 2968/3047/67 2966/3046/67 673/3046/67
f 4517/4596/68 4524/4604/68 8/4604/68
f 3628/3707/1186 3630/3709/1192 1443/3709/1190
f 2523/2602/68 2521/2600/68 223/2600/68
f 4524/4604/69 4519/4599/69 9/4599/69
f 2524/2604/66 2525/2603/66 235/2603/66
f 2969/3048/69 2968/3047/69 672/3047/69
f 4519/4599/1187 4525/4605/1187 10/4605/1187
f 4077/4156/368 4071/4150/329 1785/4150/1178
f 3631/3710/403 3629/3708/1188 1435/3708/1188
f 4072/4151/1183 4078/4157/1203 1832/4157/371
f 2526/2605/67 2524/2604/67 234/2604/67
f 4525/4605/68 4523/4603/68 1/4603/68
f 3630/3709/1192 3632/3711/1193 1444/3711/1193
f 2525/2603/68 2527/2606/68 236/2606/68
f 2527/2606/69 2526/2605/69 233/2605/69
f 2967/3045/67 2965/3044/67 675/3044/67
f 4079/4158/352 4075/4154/335 1740/4154/335
f 2528/2608/1194 2529/2607/1195 340/2607/1195
f 2970/3049/68 2971/3050/68 681/3050/68
f 3633/3712/1196 3631/3710/403 1434/3710/403
f 4076/4155/1197 4080/4159/359 1774/4159/359
f 3632/3711/1193 3634/3713/415 1445/3713/1198
f 2530/2609/1199 2528/2608/1194 339/2608/1194
f 2529/2607/1195 2531/2610/1200 341/2610/1200
f 2963/3041/68 2972/3051/68 679/3051/68
f 4081/4160/1201 4079/4158/352 1739/4158/352
f 2972/3051/69 2970/3049/69 680/3049/69
f 3635/3714/1202 3633/3712/1196 1433/3712/1196
f 4078/4157/1203 4082/4161/385 1833/4161/1204
f 2971/3050/66 2973/3052/66 682/3052/66
f 3634/3713/415 3636/3715/1205 1446/3715/1205
f 2532/2611/829 2530/2609/1199 338/2609/814
f 2973/3052/68 2969/3048/68 671/3048/68
f 2531/2610/1200 2533/2612/1206 342/2612/1206
f 2974/3054/66 2975/3053/66 686/3053/66
f 4083/4162/68 4084/4163/68 1776/4163/68
f 3637/3716/1207 3635/3714/1202 1432/3714/1202
f 2976/3055/67 2974/3054/67 683/3054/67
f 4084/4163/68 4085/4164/68 1777/4164/68
f 2534/2613/839 2532/2611/829 337/2611/829
f 2975/3053/68 2977/3056/68 685/3056/68
f 3638/3717/1208 3637/3716/1207 1431/3716/1207
f 2533/2612/1206 2535/2614/841 343/2614/841
f 2977/3056/69 2976/3055/69 684/3055/69
f 3636/3715/1205 3639/3718/1209 1447/3718/1209
f 4085/4164/68 4086/4165/68 1778/4165/68
f 2978/3058/66 2979/3057/66 698/3057/66
f 4086/4165/68 4087/4166/68 1779/4166/68
f 2536/2615/1210 2534/2613/839 336/2613/839
f 3640/3719/1212 3638/3717/1208 1430/3717/1208
f 2535/2614/841 2537/2616/855 344/2616/855
f 4087/4166/68 4088/4167/68 1780/4167/68
f 3197/3276/1213 3195/3274/200 979/3274/200
f 3639/3718/1209 3641/3720/1214 1448/3720/1214
f 2981/3060/67 2978/3058/67 697/3058/67
f 3196/3275/207 3198/3277/1222 1003/3277/1215
f 4088/4167/68 4089/4168/68 1781/4168/68
f 2980/3059/68 2982/3061/68 695/3061/68
f 2538/2617/1216 2536/2615/1210 335/2615/1211
f 2982/3061/69 2981/3060/69 696/3060/69
f 3642/3721/1218 3640/3719/1212 1429/3719/1212
f 2537/2616/855 2539/2618/1219 345/2618/1219
f 4089/4168/68 4090/4169/68 1782/4169/68
f 3199/3278/1220 3197/3276/1213 978/3276/1213
f 3641/3720/1214 3643/3722/1221 1449/3722/1221
f 2983/3062/69 2980/3059/69 694/3059/69
f 3198/3277/1222 3200/3279/1223 1004/3279/1223
f 4090/4169/68 4091/4170/68 1783/4170/68
f 2540/2619/1224 2538/2617/1216 334/2617/1217
f 4091/4170/68 4077/4156/68 1784/4156/68
f 3644/3723/1226 3642/3721/1218 1428/3721/1218
f 2539/2618/1219 2541/2620/1238 346/2620/1227
f 3201/3280/1228 3199/3278/1220 977/3278/1220
f 3643/3722/1221 3645/3724/1230 1450/3724/1230
f 4092/4171/1231 4081/4160/1201 1738/4160/1201
f 2985/3064/67 2983/3062/67 693/3062/67
f 3200/3279/1223 3202/3281/1233 1005/3281/1233
f 4082/4161/385 4093/4172/1234 1834/4172/1234
f 2984/3063/68 2986/3065/68 691/3065/68
f 2542/2621/1235 2540/2619/1224 333/2619/1225
f 2986/3065/69 2985/3064/69 692/3064/69
f 3646/3725/1237 3644/3723/1226 1427/3723/1226
f 2541/2620/1238 2543/2622/1245 347/2622/1239
f 3645/3724/1230 3647/3726/1240 1451/3726/1240
f 4094/4173/1241 4092/4171/1231 1737/4171/1232
f 2987/3066/69 2984/3063/69 690/3063/69
f 3204/3283/1242 3201/3280/1228 976/3280/1229
f 2544/2623/1243 2542/2621/1235 332/2621/1236
f 4095/4174/1244 4094/4173/1241 1736/4173/1241
f 2988/3067/67 2987/3066/67 689/3066/67
f 3648/3727/1220 3646/3725/1237 1426/3725/1237
f 2543/2622/1245 2545/2624/1257 348/2624/1246
f 4093/4172/1234 4096/4175/1247 1835/4175/1247
f 2989/3068/69 2988/3067/69 688/3067/69
f 3205/3284/1248 3203/3282/1250 938/3282/517
f 3647/3726/1240 3649/3728/445 1452/3728/445
f 2990/3070/66 2991/3069/66 706/3069/66
f 3203/3282/1250 3206/3285/1254 939/3285/1251
f 2546/2625/1252 2544/2623/1243 331/2623/1243
f 4097/4176/1253 4095/4174/1244 1735/4174/1244
f 2992/3071/67 2990/3070/67 705/3070/67
f 3206/3285/1254 3207/3286/1255 940/3286/1255
f 3650/3729/1256 3648/3727/1220 1425/3727/1220
f 2545/2624/1257 2547/2626/1265 349/2626/1258
f 3649/3728/445 3651/3730/456 1453/3730/456
f 4098/4177/1259 4097/4176/1253 1734/4176/1253
f 2993/3072/69 2992/3071/69 704/3071/69
f 4096/4175/1247 4099/4178/1261 1836/4178/1261
f 2994/3074/66 2995/3073/66 702/3073/66
f 3208/3287/1262 3205/3284/1248 937/3284/1249
f 2548/2627/1264 2546/2625/1252 330/2625/1252
f 2547/2626/1265 2549/2628/1273 350/2628/937
f 2996/3075/67 2994/3074/67 701/3074/67
f 4100/4179/1266 4098/4177/1259 1733/4177/1260
f 3653/3732/1267 3650/3729/1256 1424/3729/1256
f 2997/3076/69 2996/3075/69 700/3075/69
f 3211/3290/1268 3204/3283/1242 975/3283/1242
f 2550/2629/1269 2548/2627/1264 329/2627/1264
f 4101/4180/1270 4100/4179/1266 1732/4179/1266
f 3202/3281/1233 3212/3291/1271 1006/3291/1271
f 3654/3733/1272 3652/3731/475 1386/3731/475
f 2549/2628/1273 2551/2630/950 351/2630/950
f 3652/3731/475 3655/3734/483 1387/3734/483
f 4102/4181/1274 4101/4180/1270 1731/4180/1270
f 4099/4178/1261 4103/4182/464 1837/4182/446
f 2995/3073/67 2993/3072/67 703/3072/67
f 3655/3734/483 3656/3735/484 1388/3735/484
f 2552/2631/1275 2550/2629/1269 328/2629/1269
f 2998/3077/68 2999/3078/68 709/3078/68
f 2551/2630/950 2553/2632/951 352/2632/951
f 4104/4183/1276 4102/4181/1274 1730/4181/1274
f 3217/3296/1277 3211/3290/1268 974/3290/1268
f 3657/3736/1278 3654/3733/1272 1385/3733/518
f 2991/3069/68 3000/3079/68 707/3079/68
f 2554/2633/1280 2552/2631/1275 327/2631/1275
f 4105/4184/1282 4104/4183/1276 1729/4183/1276
f 3000/3079/69 2998/3077/69 708/3077/69
f 3212/3291/1271 3219/3299/1284 1007/3299/1284
f 2553/2632/951 2555/2634/1294 353/2634/1285
f 4103/4182/464 4106/4185/465 1838/4185/465
f 2999/3078/66 3001/3080/66 710/3080/66
f 3001/3080/68 2997/3076/68 699/3076/68
f 3660/3739/1286 3653/3732/1267 1423/3732/1267
f 3002/3082/67 3003/3081/1287 811/3081/1287
f 3221/3300/1288 3222/3301/1289 946/3301/1289
f 3651/3730/456 3661/3740/1291 1454/3740/1291
f 2556/2635/1292 2554/2633/1280 326/2633/1281
f 4107/4186/515 4105/4184/1282 1728/4184/1283
f 2555/2634/1294 2557/2636/1295 354/2636/1295
f 3004/3083/1296 3002/3082/67 810/3082/67
f 3003/3081/1287 3005/3084/1297 812/3084/1297
f 3223/3302/1298 3217/3296/1277 973/3296/1277
f 4109/4188/1299 4108/4187/1300 1726/4187/1300
f 2558/2637/1301 2556/2635/1292 325/2635/1292
f 3222/3301/1289 3225/3304/1313 947/3304/1302
f 2557/2636/1295 2559/2638/982 355/2638/982
f 4110/4189/1300 4109/4188/1299 1725/4188/1299
f 3006/3085/1303 3004/3083/1296 809/3083/1296
f 3666/3746/1277 3660/3739/1286 1422/3739/1286
f 4106/4185/465 4111/4190/1304 1839/4190/1304
f 3005/3084/1297 3007/3086/1311 813/3086/1305
f 3226/3305/1306 3224/3303/1307 931/3303/1307
f 3661/3740/1291 3668/3747/1308 1455/3747/1308
f 3219/3299/1284 3227/3306/1309 1008/3306/1309
f 4112/4191/1300 4110/4189/1300 1724/4189/1300
f 3008/3087/1310 3006/3085/1303 808/3085/1303
f 2561/2640/70 2558/2637/1301 324/2637/1301
f 3007/3086/1311 3009/3088/1312 814/3088/1312
f 3225/3304/1313 3228/3307/1329 948/3307/1314
f 3669/3749/1315 3671/3750/1316 1394/3750/1316
f 2560/2639/1317 2562/2642/1325 288/2642/1318
f 4113/4192/491 4112/4191/1300 1723/4191/1300
f 4114/4193/1320 4113/4192/491 1722/4192/1319
f 3010/3089/1322 3008/3087/1310 807/3087/1310
f 3229/3308/1323 3223/3302/1298 972/3302/1298
f 3672/3751/1298 3666/3746/1277 1421/3746/1277
f 2562/2642/1325 2564/2643/1527 289/2643/1326
f 4111/4190/1304 4115/4194/1327 1840/4194/1327
f 3009/3088/1312 3011/3090/1338 815/3090/1328
f 3228/3307/1329 3230/3309/1340 949/3309/1330
f 3673/3752/1331 3670/3748/1332 1380/3748/1332
f 2559/2638/982 2565/2646/1023 356/2646/1023
f 3671/3750/1316 3674/3753/1350 1395/3753/1333
f 4116/4195/1334 4114/4193/1320 1721/4193/1321
f 3012/3091/1336 3010/3089/1322 806/3089/1322
f 3231/3310/1337 3226/3305/1306 930/3305/1306
f 3011/3090/1338 3013/3092/1339 816/3092/1339
f 3230/3309/1340 3232/3311/1341 950/3311/1341
f 4117/4196/1342 4116/4195/1334 1720/4195/1335
f 3675/3754/556 3673/3752/1331 1379/3752/1331
f 2568/2647/143 2561/2640/70 323/2640/70
f 3668/3747/1308 3676/3755/558 1456/3755/558
f 4118/4197/1319 4117/4196/1342 1719/4196/1299
f 3014/3093/1344 3012/3091/1336 805/3091/1336
f 3233/3312/1345 3229/3308/1323 971/3308/1324
f 4115/4194/1327 4119/4198/1347 1841/4198/1347
f 3013/3092/1339 3015/3094/1348 817/3094/1348
f 3232/3311/1341 3234/3313/1349 951/3313/1349
f 3674/3753/1350 3677/3756/1351 1396/3756/1351
f 3227/3306/1309 3235/3314/1352 1009/3314/1352
f 3016/3095/1353 3014/3093/1344 804/3093/1344
f 3678/3757/1354 3672/3751/1298 1420/3751/1298
f 2573/2652/178 2568/2647/143 322/2647/1343
f 4121/4200/1355 4120/4199/1356 1717/4199/1356
f 3015/3094/1348 3017/3096/1358 818/3096/1358
f 3677/3756/1351 3679/3758/1359 1397/3758/1359
f 2565/2646/1023 2574/2653/152 357/2653/152
f 4119/4198/1347 4122/4201/1360 1842/4201/1360
f 3236/3315/1361 3231/3310/1337 929/3310/1337
f 3234/3313/1349 3237/3316/639 952/3316/1363
f 3018/3097/1364 3016/3095/1353 803/3095/1353
f 3680/3759/1365 3675/3754/556 1378/3754/556
f 4123/4202/1366 4121/4200/1355 1716/4200/1357
f 3017/3096/1358 3019/3098/1376 819/3098/1367
f 3679/3758/1359 3681/3760/1341 1398/3760/1341
f 4122/4201/1360 4124/4203/1368 1843/4203/1368
f 3238/3317/604 3233/3312/1345 970/3312/1346
f 2577/2656/170 2575/2655/1369 282/2655/1369
f 3237/3316/639 3239/3318/1370 953/3318/1370
f 2576/2654/1371 2578/2657/1391 294/2657/1372
f 3020/3099/1374 3018/3097/1364 802/3097/1364
f 3682/3761/1346 3678/3757/1354 1419/3757/1354
f 4125/4204/1375 4123/4202/1366 1715/4202/1366
f 3019/3098/1376 3021/3100/1383 820/3100/1377
f 3681/3760/1341 3683/3762/1389 1399/3762/1349
f 4124/4203/1368 4126/4205/1378 1844/4205/1378
f 3240/3319/1379 3236/3315/1361 928/3315/1362
f 2579/2658/182 2573/2652/178 321/2652/178
f 3239/3318/1370 3241/3320/1380 954/3320/1380
f 3676/3755/558 3684/3763/594 1457/3763/594
f 2574/2653/152 2580/2659/188 358/2659/229
f 3022/3101/1381 3020/3099/1374 801/3099/1374
f 4127/4206/1382 4125/4204/1375 1714/4204/1375
f 3021/3100/1383 3023/3102/1384 821/3102/1384
f 3235/3314/1352 3242/3321/1385 1010/3321/1385
f 3685/3764/599 3680/3759/1365 1377/3759/1365
f 2581/2660/215 2577/2656/170 281/2656/170
f 4128/4207/1386 4129/4208/1387 1846/4208/1387
f 3683/3762/1389 3686/3765/1399 1400/3765/1390
f 2578/2657/1391 2582/2661/1401 295/2661/1392
f 3024/3103/1393 3022/3101/1381 800/3101/1381
f 3243/3322/1395 3238/3317/604 969/3317/604
f 4129/4208/1387 4130/4209/1388 1847/4209/1388
f 3023/3102/1384 3025/3104/1396 822/3104/1396
f 3241/3320/1380 3244/3323/1408 955/3323/1397
f 3687/3766/604 3682/3761/1346 1418/3761/1346
f 2583/2662/206 2581/2660/215 280/2660/215
f 3686/3765/1399 3688/3767/1410 1401/3767/1400
f 2582/2661/1401 2584/2663/1422 296/2663/1402
f 4131/4210/1403 4127/4206/1382 1713/4206/1382
f 3026/3105/1405 3024/3103/1393 799/3103/1394
f 3245/3324/1406 3240/3319/1379 927/3319/1379
f 4130/4209/1388 4132/4211/1388 1848/4211/1388
f 3025/3104/1396 3027/3106/1407 823/3106/1407
f 3244/3323/1408 3246/3325/1417 956/3325/1409
f 3689/3768/615 3685/3764/599 1376/3764/599
f 2585/2664/1110 2583/2662/206 279/2662/206
f 4132/4211/1388 4133/4212/1386 1849/4212/1386
f 3688/3767/1410 3690/3769/1411 1402/3769/1411
f 3028/3107/1412 3026/3105/1405 798/3105/1405
f 3247/3326/1413 3243/3322/1395 968/3322/1395
f 2586/2665/1415 2579/2658/182 320/2658/182
f 4133/4212/1386 4134/4213/1416 1850/4213/1416
f 3246/3325/1417 3248/3327/2193 957/3327/1418
f 3684/3763/594 3691/3770/648 1458/3770/648
f 2580/2659/188 2587/2666/1118 359/2666/1118
f 3029/3108/1419 3028/3107/1412 797/3107/1412
f 3027/3106/1407 3030/3109/1420 824/3109/1420
f 3242/3321/1385 3249/3328/1421 1011/3328/1421
f 2584/2663/1422 2588/2667/1427 297/2667/1423
f 4135/4214/1424 4131/4210/1403 1712/4210/1404
f 3692/3771/669 3687/3766/604 1417/3766/1398
f 4134/4213/1416 4136/4215/1386 1851/4215/1386
f 3690/3769/1411 3693/3772/1425 1403/3772/1425
f 3250/3329/68 3251/3330/68 959/3330/68
f 2589/2668/1426 2585/2664/1110 278/2664/1110
f 4136/4215/1386 4137/4216/1388 1852/4216/1388
f 2312/2389/250 2322/2400/250 19/2400/250
f 2588/2667/1427 2590/2669/1450 298/2669/1428
f 3032/3111/1429 3031/3110/250 767/3110/250
f 2357/2435/484 2360/2437/1430 90/2437/1430
f 3251/3330/68 3252/3331/68 960/3331/68
f 3694/3773/637 3689/3768/615 1375/3768/615
f 4137/4216/1388 4138/4217/1386 1853/4217/1387
f 3031/3110/250 3033/3112/1431 768/3112/1431
f 3693/3772/1425 3695/3774/1443 1404/3774/1432
f 2363/2439/1433 2359/2438/494 84/2438/494
f 3252/3331/68 3253/3332/68 961/3332/68
f 2591/2670/267 2589/2668/1426 277/2668/1133
f 2360/2437/1430 2364/2442/1435 91/2442/1435
f 4139/4218/1436 4140/4219/1452 1855/4219/1437
f 3034/3113/1439 3032/3111/1429 766/3111/1429
f 2366/2443/1440 2363/2439/1433 83/2439/1434
f 3253/3332/68 3254/3333/68 962/3333/68
f 3696/3775/1414 3692/3771/669 1416/3771/669
f 2592/2671/605 2586/2665/1415 319/2665/1415
f 3033/3112/1431 3035/3114/1441 769/3114/1441
f 2364/2442/1435 2365/2444/1447 92/2444/1442
f 3695/3774/1443 3697/3776/2194 1405/3776/1444
f 2587/2666/1118 2593/2672/1147 360/2672/1147
f 3254/3333/68 3255/3334/68 963/3334/68
f 4141/4220/1445 4135/4214/1424 1711/4214/1424
f 2365/2444/1447 2368/2446/1448 93/2446/1448
f 3691/3770/648 3698/3777/1449 1459/3777/1449
f 2590/2669/1450 2594/2673/1151 299/2673/1451
f 4140/4219/1452 4142/4221/1459 1856/4221/1453
f 3036/3115/1454 3034/3113/1439 765/3113/1439
f 2369/2447/1456 2366/2443/1440 82/2443/1440
f 3255/3334/68 3256/3335/68 964/3335/68
f 3035/3114/1441 3037/3116/1457 770/3116/1457
f 2372/2449/1458 2369/2447/1456 81/2447/1456
f 4142/4221/1459 4143/4222/1460 1857/4222/1460
f 2368/2446/1448 2371/2450/532 94/2450/534
f 3256/3335/68 3257/3336/68 965/3336/68
f 3699/3778/68 3700/3779/68 1407/3779/68
f 2595/2674/1155 2591/2670/267 276/2670/1142
f 3038/3119/1461 3029/3108/1419 796/3108/1419
f 2594/2673/1151 2596/2675/1478 300/2675/1462
f 3030/3109/1420 3039/3120/1463 825/3120/1463
f 4603/2476/1464 2394/2472/630 116/2472/630
f 3257/3336/68 3258/3337/68 966/3337/68
f 3700/3779/68 3701/3780/68 1408/3780/68
f 4144/4223/1466 4141/4220/1445 1710/4220/1446
f 3258/3337/68 3247/3326/68 967/3326/68
f 4143/4222/1460 4145/4224/1470 1858/4224/1468
f 2398/2477/68 2400/2479/68 107/2479/68
f 3701/3780/68 3702/3781/68 1409/3781/68
f 2597/2676/1161 2592/2671/605 318/2671/605
f 3259/3338/1469 3245/3324/1406 926/3324/1406
f 4145/4224/1470 4146/4225/1475 1859/4225/1471
f 3702/3781/68 3703/3782/68 1410/3782/68
f 2598/2677/1472 2595/2674/1155 275/2674/1155
f 3260/3339/1474 3259/3338/1469 925/3338/1469
f 2593/2672/1147 2599/2678/1165 361/2678/1182
f 4146/4225/1475 4147/4226/1476 1860/4226/1476
f 3249/3328/1421 3261/3340/1485 1012/3340/1477
f 3703/3782/68 3704/3783/68 1411/3783/68
f 2596/2675/1478 2600/2679/1479 301/2679/1479
f 3046/3125/1480 3038/3119/1461 795/3119/1461
f 3704/3783/68 3705/3784/68 1412/3784/68
f 4148/4227/1482 4144/4223/1466 1709/4223/1467
f 3039/3120/1463 3047/3126/1514 826/3126/566
f 3262/3341/1483 3260/3339/1474 924/3339/1474
f 4147/4226/1476 4149/4228/1484 1861/4228/1484
f 2407/2486/68 4603/2476/68 115/2476/68
f 3261/3340/1485 3263/3342/1498 1013/3342/1486
f 3705/3784/68 3706/3785/68 1413/3785/68
f 2601/2680/1487 2598/2677/1472 274/2677/1473
f 2455/2534/1488 2458/2537/1492 44/2537/1489
f 2600/2679/1479 2602/2681/1176 302/2681/1490
f 4149/4228/1484 4150/4229/653 1862/4229/644
f 2460/2539/1491 2457/2536/897 56/2536/897
f 3706/3785/68 3707/3786/68 1414/3786/68
f 2458/2537/1492 2462/2541/1493 45/2541/1493
f 3264/3343/1494 3262/3341/1483 923/3341/1483
f 3707/3786/68 3696/3775/68 1415/3775/68
f 3050/3129/586 3048/3127/1707 760/3127/1496
f 2462/2541/1493 2463/2542/1506 46/2542/1497
f 3263/3342/1498 3265/3344/757 1014/3344/748
f 2603/2682/1178 2597/2676/1161 317/2676/1161
f 4151/4230/798 4148/4227/1482 1708/4227/1482
f 3049/3128/1500 3051/3130/1501 775/3130/1501
f 2465/2543/1503 2460/2539/1491 55/2539/1491
f 3708/3787/1504 3694/3773/637 1374/3773/637
f 2599/2678/1165 2604/2683/332 362/2683/332
f 4150/4229/653 4152/4231/663 1863/4231/654
f 2466/2545/1505 2465/2543/1503 54/2543/1503
f 2463/2542/1506 2467/2546/1507 47/2546/1507
f 3266/3345/1508 3264/3343/1494 922/3343/1495
f 3709/3788/1510 3708/3787/1504 1373/3787/1504
f 3052/3131/1511 3046/3125/1480 794/3125/1481
f 2467/2546/1507 2470/2547/952 48/2547/954
f 3265/3344/757 3267/3346/708 1015/3346/704
f 3698/3777/1449 3710/3789/1512 1460/3789/1512
f 2605/2684/323 2601/2680/1487 273/2680/316
f 4153/4232/1513 4151/4230/798 1707/4230/1499
f 3047/3126/1514 3053/3132/558 827/3132/1515
f 2602/2681/1176 2606/2685/1516 303/2685/1516
f 4152/4231/663 4154/4233/664 1864/4233/664
f 2469/2549/948 2466/2545/1505 53/2545/1505
f 2563/2641/1517 2560/2639/1317 287/2639/1317
f 3268/3347/1518 3266/3345/1508 921/3345/1509
f 3711/3790/1520 3709/3788/1510 1372/3788/1510
f 4154/4233/664 4155/4234/668 1865/4234/668
f 3054/3133/1521 3050/3129/586 759/3129/586
f 3267/3346/708 3269/3348/776 1016/3348/1523
f 3710/3789/1512 3712/3791/687 1461/3791/687
f 2607/2686/335 2605/2684/323 272/2684/324
f 3051/3130/1501 3055/3134/1524 776/3134/1524
f 2566/2644/1525 2563/2641/1517 286/2641/1517
f 2606/2685/1516 2608/2687/1551 304/2687/1526
f 2564/2643/1527 2567/2645/1528 290/2645/1528
f 4156/4235/673 4153/4232/1513 1706/4232/660
f 2569/2648/1529 2566/2644/1525 285/2644/1525
f 3270/3349/1531 3268/3347/1518 920/3347/1519
f 3713/3792/1533 3711/3790/1520 1371/3790/1520
f 4155/4234/668 4157/4236/676 1866/4236/676
f 3056/3135/1535 3054/3133/1521 758/3133/1522
f 2567/2645/1528 2570/2649/1536 291/2649/1536
f 3712/3791/687 3714/3793/703 1462/3793/698
f 2609/2688/1191 2603/2682/1178 316/2682/329
f 3055/3134/1524 3057/3136/1537 777/3136/1537
f 2571/2650/1538 2569/2648/1529 284/2648/1530
f 3271/3350/1540 3270/3349/1531 919/3349/1532
f 2604/2683/332 2610/2689/1564 363/2689/1542
f 2570/2649/1536 2572/2651/1545 292/2651/1543
f 3269/3348/776 3272/3351/1556 1017/3351/1544
f 4158/4237/685 4156/4235/673 1705/4235/673
f 2572/2651/1545 2576/2654/1371 293/2654/1373
f 3715/3794/701 3713/3792/1533 1370/3792/1534
f 4157/4236/676 4159/4238/1596 1867/4238/1547
f 3058/3137/1548 3052/3131/1511 793/3131/1511
f 2575/2655/1369 2571/2650/1538 283/2650/1539
f 3714/3793/703 3716/3795/708 1463/3795/704
f 2611/2690/352 2607/2686/335 271/2686/335
f 3053/3132/558 3059/3138/1549 828/3138/1549
f 2612/2691/68 2615/2694/68 306/2694/68
f 3273/3352/1550 3271/3350/1540 918/3350/1541
f 2608/2687/1551 2612/2691/359 305/2691/1552
f 4160/4240/1553 4161/4239/1554 1913/4239/1554
f 2640/2719/1300 2639/2718/1555 258/2718/1555
f 3272/3351/1556 3274/3353/789 1018/3353/789
f 3717/3796/762 3715/3794/701 1369/3794/1546
f 3060/3139/1557 3056/3135/1535 757/3135/1535
f 2651/2729/1558 2649/2728/1299 250/2728/1299
f 3716/3795/708 3718/3797/717 1464/3797/709
f 2613/2692/1560 2611/2690/352 270/2690/352
f 4163/4242/67 4162/4241/67 1911/4241/67
f 3057/3136/1537 3061/3140/1561 778/3140/1561
f 2652/2731/1562 2651/2729/1558 249/2729/1559
f 3275/3354/1563 3273/3352/1550 917/3352/1550
f 2610/2689/1564 2614/2693/385 364/2693/1204
f 2657/2736/1565 2659/2738/1388 376/2738/1386
f 3274/3353/789 3276/3355/1566 1019/3355/1566
f 4164/4243/67 4163/4242/67 1910/4242/67
f 2669/2748/1386 2670/2749/1893 385/2749/1567
f 3719/3798/1568 3717/3796/762 1368/3796/763
f 3062/3141/1570 3060/3139/1557 756/3139/1557
f 2693/2772/67 2691/2771/67 443/2771/67
f 2615/2694/68 2616/2695/68 307/2695/68
f 4165/4244/67 4164/4243/67 1909/4243/67
f 3061/3140/1561 3063/3142/1592 779/3142/1571
f 2702/2781/67 2701/2780/67 434/2780/67
f 3277/3356/1572 3275/3354/1563 916/3354/1563
f 3720/3799/1573 3719/3798/1568 1367/3798/1569
f 2732/2811/1575 2736/2813/1576 409/2813/1576
f 3276/3355/1566 3278/3357/1577 1020/3357/1577
f 3718/3797/717 3721/3800/1578 1465/3800/1578
f 2616/2695/68 2617/2696/68 308/2696/68
f 4166/4245/67 4165/4244/67 1908/4244/67
f 3064/3143/1579 3058/3137/1548 792/3137/1548
f 2617/2696/68 2618/2697/68 309/2697/68
f 4167/4246/67 4166/4245/67 1907/4245/67
f 3059/3138/1549 3065/3144/1580 829/3144/1580
f 2737/2815/1581 2733/2812/2181 422/2812/1582
f 3279/3358/1584 3277/3356/1572 915/3356/1572
f 3722/3801/1585 3720/3799/1573 1366/3799/1574
f 2736/2813/1576 2739/2817/1586 410/2817/1586
f 3280/3360/1587 3281/3359/1606 884/3359/1588
f 3721/3800/1578 3723/3802/723 1466/3802/723
f 2618/2697/68 2619/2698/68 310/2698/68
f 4168/4247/67 4167/4246/67 1906/4246/67
f 3066/3145/1590 3062/3141/1570 755/3141/1570
f 2740/2818/1591 2737/2815/1581 421/2815/1583
f 3282/3361/67 3280/3360/2195 883/3360/67
f 2619/2698/68 2620/2699/68 311/2699/68
f 4169/4248/67 4168/4247/67 1905/4247/67
f 3063/3142/1592 3067/3146/1593 780/3146/1593
f 2739/2817/1586 2742/2821/1594 411/2821/1594
f 3724/3803/727 3722/3801/1585 1365/3801/1585
f 2743/2822/1595 2740/2818/1591 420/2818/1591
f 3283/3362/755 3282/3361/756 882/3361/756
f 3723/3802/723 3725/3804/730 1467/3804/730
f 2620/2699/68 2621/2700/68 312/2700/68
f 2742/2821/1594 2746/2823/165 412/2823/165
f 4159/4238/1596 4172/4251/1618 1868/4251/1597
f 3068/3147/669 3064/3143/1579 791/3143/1579
f 3284/3363/1598 3279/3358/1584 914/3358/1584
f 2621/2700/68 2622/2701/68 313/2701/68
f 3065/3144/1580 3069/3148/1600 830/3148/1600
f 2744/2824/1601 2743/2822/1595 419/2822/1595
f 3278/3357/1577 3285/3364/1602 1021/3364/1602
f 3726/3805/1603 3724/3803/727 1364/3803/727
f 3725/3804/730 3727/3806/407 1468/3806/407
f 2622/2701/68 2623/2702/68 314/2702/68
f 4173/4252/728 4171/4250/1604 1902/4250/1604
f 2749/2828/1605 2744/2824/1601 418/2824/1601
f 3281/3359/1606 3286/3365/1607 885/3365/1607
f 2623/2702/68 2609/2688/68 315/2688/68
f 3070/3149/1608 3066/3145/1590 754/3145/1590
f 2816/2895/1609 2821/2898/1610 550/2898/1610
f 4174/4253/1611 4158/4237/685 1959/4237/684
f 3067/3146/1593 3071/3150/1612 781/3150/1612
f 3728/3807/741 3726/3805/1603 1363/3805/1603
f 2624/2703/1232 2613/2692/1560 269/2692/1201
f 4161/4239/1554 4175/4254/1613 1914/4254/1613
f 3287/3366/772 3283/3362/755 1062/3362/755
f 3729/3809/1614 3730/3808/1615 1333/3808/1615
f 2614/2693/385 2625/2704/738 365/2704/738
f 2822/2899/1616 2818/2897/539 544/2897/539
f 3286/3365/1607 3288/3367/1617 886/3367/1617
f 4172/4251/1618 4176/4255/1629 1869/4255/1619
f 3072/3151/1620 3070/3149/1608 753/3149/1608
f 2821/2898/1610 2823/2902/1621 551/2902/1621
f 3731/3810/67 3729/3809/67 1332/3809/67
f 3071/3150/1612 3073/3152/1622 782/3152/1622
f 2824/2903/1623 2822/2899/1616 543/2899/1616
f 2626/2705/1624 2624/2703/1232 268/2703/1231
f 3289/3368/1625 3284/3363/1598 913/3363/1599
f 3732/3811/755 3731/3810/756 1331/3810/756
f 4177/4256/745 4173/4252/728 1901/4252/728
f 2823/2902/1621 2826/2905/1636 552/2905/1626
f 3288/3367/1617 3290/3369/1627 887/3369/1627
f 2627/2706/1628 2626/2705/1624 267/2705/1624
f 4176/4255/1629 4178/4257/1630 1870/4257/1630
f 3074/3153/1631 3068/3147/669 790/3147/669
f 2827/2906/1632 2824/2903/1623 542/2903/1623
f 3733/3812/759 3728/3807/741 1362/3807/741
f 2625/2704/738 2628/2707/1634 366/2707/1634
f 3069/3148/1600 3075/3154/1635 831/3154/1635
f 2830/2908/1458 2827/2906/1632 541/2906/1633
f 3727/3806/407 3734/3813/793 1469/3813/793
f 2826/2905/1636 2829/2909/575 553/2909/577
f 3291/3370/791 3287/3366/772 1061/3366/772
f 4179/4258/1637 4174/4253/1611 1958/4253/1611
f 2857/2936/68 2859/2938/68 566/2938/68
f 3285/3364/1602 3292/3371/1639 1022/3371/1639
f 3730/3808/1615 3735/3814/1640 1334/3814/1640
f 2629/2708/1641 2627/2706/1628 266/2706/1628
f 3076/3155/1642 3072/3151/1620 752/3151/1620
f 2915/2994/1643 2918/2997/1651 504/2997/1644
f 4180/4259/758 4177/4256/745 1900/4256/745
f 3073/3152/1622 3077/3156/1645 783/3156/1645
f 2920/2999/1646 2917/2996/981 516/2996/981
f 3290/3369/1627 3293/3372/1647 888/3372/1647
f 2630/2709/1648 2629/2708/1641 265/2708/1641
f 4175/4254/1613 4181/4260/1650 1915/4260/1650
f 2918/2997/1651 2922/3001/1652 505/3001/1652
f 3736/3815/1653 3732/3811/755 1510/3811/755
f 2628/2707/1634 2631/2710/1654 367/2710/1654
f 2924/3002/1655 2920/2999/1646 515/2999/1646
f 3735/3814/1640 3737/3816/1656 1335/3816/1656
f 4178/4257/1630 4182/4261/1675 1871/4261/1657
f 3078/3157/1658 3074/3153/1631 789/3153/1631
f 2922/3001/1652 2925/3003/1659 506/3003/1659
f 3294/3373/1660 3289/3368/1625 912/3368/1625
f 3075/3154/1635 3079/3158/1662 832/3158/1662
f 3293/3372/1647 3295/3374/1663 889/3374/1663
f 2632/2711/1664 2630/2709/1648 264/2709/1649
f 2925/3003/1659 2927/3005/1665 507/3005/1665
f 3738/3817/1666 3733/3812/759 1361/3812/759
f 4183/4262/1667 4180/4259/758 1899/4259/758
f 2926/3006/1668 2924/3002/1655 514/3002/1655
f 3737/3816/1656 3739/3818/870 1336/3818/870
f 2633/2712/1270 2632/2711/1664 263/2711/1664
f 3080/3159/1669 3076/3155/1642 751/3155/1642
f 2927/3005/1665 2930/3007/1031 508/3007/1033
f 3296/3375/819 3291/3370/791 1060/3370/791
f 4184/4263/1671 4179/4258/1637 1957/4258/1637
f 3077/3156/1645 3081/3160/1696 784/3160/1673
f 3295/3374/1663 3297/3376/1683 890/3376/1674
f 2634/2713/1274 2633/2712/1270 262/2712/1270
f 4182/4261/1675 4185/4264/1689 1872/4264/1676
f 2929/3009/1029 2926/3006/1668 513/3006/1668
f 3740/3819/1677 3736/3815/1653 1509/3815/1653
f 2631/2710/1654 2635/2714/1694 368/2714/1678
f 2979/3057/250 2989/3068/250 687/3068/250
f 3734/3813/793 3741/3820/794 1470/3820/794
f 3082/3161/722 3078/3157/1658 788/3157/1658
f 3298/3377/1680 3294/3373/1660 911/3373/1661
f 4186/4265/786 4183/4262/1667 1898/4262/770
f 3079/3158/1662 3083/3162/1710 833/3162/1681
f 3040/3117/1682 3036/3115/1454 764/3115/1455
f 3297/3376/1683 3299/3378/1684 891/3378/1684
f 3739/3818/870 3742/3821/1685 1337/3821/1685
f 2636/2715/1276 2634/2713/1274 261/2713/1274
f 4181/4260/1650 4187/4266/1686 1916/4266/1686
f 3037/3116/1457 3041/3118/1687 771/3118/1687
f 3292/3371/1639 3300/3379/1688 1023/3379/1688
f 2637/2716/1283 2636/2715/1276 260/2715/1276
f 4185/4264/1689 4188/4267/1713 1873/4267/792
f 3084/3163/1690 3080/3159/1669 750/3159/1670
f 3042/3121/1692 3040/3117/1682 763/3117/1682
f 3743/3822/1693 3738/3817/1666 1360/3817/1666
f 2635/2714/1694 2638/2717/1695 369/2717/1695
f 3081/3160/1696 3085/3164/1724 785/3164/1697
f 3041/3118/1687 3043/3122/1698 772/3122/1698
f 3742/3821/1685 3744/3823/1699 1338/3823/1699
f 3044/3123/1700 3042/3121/1692 762/3121/1692
f 3301/3380/853 3296/3375/819 1059/3375/819
f 4189/4268/1702 4186/4265/786 1897/4265/787
f 3043/3122/1698 3045/3124/1703 773/3124/1703
f 3299/3378/1684 3302/3381/1704 892/3381/1704
f 2639/2718/1555 2637/2716/1283 259/2716/1283
f 3086/3165/1705 3082/3161/722 787/3161/1679
f 3048/3127/1707 3044/3123/1700 761/3123/1701
f 3745/3824/1708 3740/3819/1677 1508/3819/1677
f 4190/4269/1709 4184/4263/1671 1956/4263/1672
f 3083/3162/1710 3087/3166/1732 834/3166/1711
f 3045/3124/1703 3049/3128/1500 774/3128/1502
f 3744/3823/1699 3746/3825/1726 1339/3825/1712
f 4188/4267/1713 4191/4270/1737 1874/4270/1714
f 3303/3382/1715 3298/3377/1680 910/3377/1680
f 2641/2720/1335 2640/2719/1300 257/2719/1300
f 3130/3207/1717 3126/3205/1718 737/3205/1718
f 3302/3381/1704 3304/3383/1735 893/3383/1719
f 3088/3167/1518 3084/3163/1690 749/3163/1691
f 3127/3206/1720 3131/3208/1721 723/3208/1721
f 3747/3826/834 3743/3822/1693 1359/3822/1693
f 2642/2721/1319 2641/2720/1335 256/2720/1716
f 4192/4271/1723 4189/4268/1702 1896/4268/1702
f 3085/3164/1724 3089/3168/1749 711/3168/1725
f 3746/3825/1726 3748/3827/1754 1340/3827/1727
f 2638/2717/1695 2643/2722/1728 370/2722/1728
f 4187/4266/1686 4193/4272/1729 1917/4272/1729
f 3131/3208/1721 3133/3211/1730 724/3211/1730
f 3305/3384/1731 3301/3380/853 1058/3380/852
f 3087/3166/1732 3090/3169/1788 835/3169/1733
f 3132/3212/1734 3130/3207/1717 736/3207/1717
f 3304/3383/1735 3306/3385/1752 894/3385/1736
f 3741/3820/794 3749/3828/843 1471/3828/843
f 4191/4270/1737 4194/4273/1758 1875/4273/1738
f 3136/3215/1739 3132/3212/1734 735/3212/1734
f 2644/2723/1300 2642/2721/1319 255/2721/1319
f 3133/3211/1730 3137/3216/1740 725/3216/1740
f 3300/3379/1688 3307/3386/1741 1024/3386/1741
f 3091/3170/1742 3088/3167/1518 748/3167/1519
f 3138/3217/1744 3136/3215/1739 734/3215/1739
f 3750/3829/1745 3745/3824/1708 1507/3824/1708
f 2645/2724/1746 2644/2723/1300 254/2723/1300
f 4195/4274/1747 4192/4271/1723 1895/4271/1723
f 3089/3168/1749 3092/3171/1774 712/3171/1750
f 3137/3216/1740 3139/3218/1751 726/3218/1751
f 3306/3385/1752 3308/3388/1753 895/3388/1753
f 3748/3827/1754 3751/3830/1766 1341/3830/1755
f 3140/3219/1756 3138/3217/1744 733/3217/1744
f 2646/2725/1320 2645/2724/1746 253/2724/1746
f 4196/4275/915 4190/4269/1709 1955/4269/1709
f 2643/2722/1728 2647/2726/1757 371/2726/1757
f 4194/4273/1758 4197/4276/1783 1876/4276/1759
f 3093/3172/1760 3086/3165/1705 786/3165/1706
f 3139/3218/1751 3144/3223/1762 727/3223/1762
f 3310/3389/1763 3305/3384/1731 1057/3384/1731
f 3752/3831/1764 3747/3826/834 1358/3826/834
f 3210/3288/1765 3208/3287/1262 936/3287/1263
f 3751/3830/1766 3753/3832/1767 1342/3832/1767
f 3094/3173/1768 3091/3170/1742 747/3170/1743
f 3207/3286/1255 3209/3289/1770 941/3289/1770
f 3307/3386/1741 3312/3392/1771 1025/3392/1771
f 2648/2727/1299 2646/2725/1320 252/2725/1321
f 4198/4277/1772 4195/4274/1747 1894/4274/1748
f 3092/3171/1774 3095/3174/1802 713/3174/1775
f 3209/3289/1770 3213/3292/1776 942/3292/1776
f 4193/4272/1729 4199/4278/1800 1918/4278/1777
f 3214/3293/1778 3210/3288/1765 935/3288/1765
f 3754/3833/1779 3750/3829/1745 1506/3829/1745
f 2649/2728/1299 2648/2727/1299 251/2727/1299
f 3213/3292/1776 3215/3294/1780 943/3294/1780
f 3315/3394/921 3310/3389/1763 1056/3389/1763
f 3753/3832/1767 3755/3834/1794 1343/3834/1781
f 2647/2726/1757 2650/2730/1782 372/2730/1782
f 4197/4276/1783 4200/4279/2013 1877/4279/1784
f 3096/3175/1785 3093/3172/1760 881/3172/1761
f 3216/3295/1786 3214/3293/1778 934/3293/1778
f 3090/3169/1788 3097/3176/1789 836/3176/1789
f 3749/3828/843 3756/3835/1790 1472/3835/1790
f 3215/3294/1780 3218/3297/1791 944/3297/1791
f 2650/2730/1782 2653/2732/1360 373/2732/1360
f 4201/4280/1792 4198/4277/1772 1893/4277/1773
f 3755/3834/1794 3757/3837/1795 1344/3837/1795
f 4202/4282/1796 4196/4275/915 1954/4275/915
f 3098/3177/1797 3094/3173/1768 746/3173/1769
f 3220/3298/1798 3216/3295/1786 933/3295/1787
f 3312/3392/1771 3320/3400/1799 1026/3400/1799
f 4199/4278/1800 4203/4284/1821 1919/4284/1801
f 3095/3174/1802 3099/3178/1803 714/3178/1803
f 3218/3297/1791 3221/3300/1288 945/3300/1290
f 2654/2733/1804 2652/2731/1562 248/2731/1562
f 3224/3303/1307 3220/3298/1798 932/3298/1798
f 3759/3839/157 3754/3833/1779 1505/3833/1779
f 2653/2732/1360 2655/2734/1805 374/2734/1805
f 3248/3327/68 3250/3329/68 958/3329/68
f 3321/3401/1807 3319/3398/1808 905/3398/1808
f 3100/3179/335 3096/3175/1785 880/3175/1785
f 3309/3387/1810 3303/3382/1715 909/3382/1715
f 3097/3176/1789 3101/3180/1811 837/3180/1811
f 3756/3835/1790 3762/3841/1812 1473/3841/1812
f 2656/2735/1813 2654/2733/1804 247/2733/1804
f 3308/3388/1753 3311/3390/1827 896/3390/1815
f 3323/3402/1816 3321/3401/1807 904/3401/1809
f 2655/2734/1805 2657/2736/1565 375/2736/1378
f 4208/4287/1817 4202/4282/1796 1953/4282/1796
f 3322/3399/1819 3324/3403/1840 901/3403/1820
f 4203/4284/1821 4209/4289/974 1920/4289/1822
f 3102/3181/1823 3098/3177/1797 745/3177/1797
f 3313/3391/1825 3309/3387/1810 908/3387/1810
f 3099/3178/1803 3103/3182/1826 715/3182/1826
f 3311/3390/1827 3314/3393/1828 897/3393/1828
f 3764/3844/1829 3759/3839/157 1504/3839/157
f 2658/2737/1830 2656/2735/1813 246/2735/1814
f 3325/3404/1831 3315/3394/921 1055/3394/921
f 3316/3395/1832 3313/3391/1825 907/3391/1825
f 2659/2738/1388 2660/2739/1841 377/2739/1387
f 3104/3183/1834 3100/3179/335 879/3179/335
f 3314/3393/1828 3317/3396/1835 898/3396/1835
f 3326/3405/1052 3323/3402/1816 903/3402/1816
f 4214/4295/1836 4208/4287/1817 1952/4287/1818
f 3101/3180/1811 3105/3184/1864 838/3184/1838
f 3317/3396/1835 3318/3397/1839 899/3397/1839
f 3324/3403/1840 3326/3405/1052 902/3405/1052
f 3762/3841/1812 3768/3848/210 1474/3848/210
f 2660/2739/1841 2661/2740/1855 378/2740/1842
f 3319/3398/1808 3316/3395/1832 906/3395/1833
f 3318/3397/1839 3322/3399/1819 900/3399/1819
f 4209/4289/974 4217/4296/1887 1921/4296/1843
f 3106/3185/1844 3102/3181/1823 744/3181/1824
f 3403/3481/1845 3400/3479/2186 1125/3479/1846
f 3769/3849/1847 3767/3846/1848 1353/3846/1848
f 2662/2741/1849 2658/2737/1830 245/2737/1830
f 3103/3182/1826 3107/3186/1850 716/3186/1850
f 3402/3482/1851 3404/3483/1852 1129/4606/1852
f 3327/3406/1854 3325/3404/1831 1054/3404/1831
f 2661/2740/1855 2663/2742/1855 379/2742/1416
f 4215/4293/1856 4218/4297/1200 1883/4297/1857
f 3320/3400/1799 3328/3407/1858 1027/3407/1858
f 3407/3485/1859 3403/3481/1845 1124/3481/1845
f 3771/3850/1030 3769/3849/1847 1352/3849/1847
f 2663/2742/1855 2664/2743/1386 380/2743/1386
f 4218/4297/1200 4219/4298/1860 1884/4298/1860
f 3108/3187/1861 3104/3183/1834 878/3183/1834
f 3770/3847/1862 3772/3851/1883 1349/3851/969
f 3105/3184/1864 3109/3188/1865 839/3188/1865
f 3404/3483/1852 3408/3487/1866 1130/3487/1866
f 3329/3408/1867 3327/3406/1854 1053/3406/1854
f 2664/2743/1386 2665/2744/1416 381/2744/1416
f 3410/3488/1869 3407/3485/1859 1123/3485/1859
f 3328/3407/1858 3330/3409/1870 1028/3409/1870
f 4219/4298/1860 4221/4300/1871 1885/4300/1871
f 3408/3487/1866 3409/3489/1872 1131/3489/1872
f 3773/3852/1873 3764/3844/1829 1503/3844/1829
f 3110/3189/1874 3106/3185/1844 743/3185/1161
f 3409/3489/1872 3411/3490/1875 1132/3490/1875
f 2666/2745/1876 2662/2741/1849 244/2741/1849
f 3107/3186/1850 3111/3190/1877 717/3190/1877
f 3331/3410/1878 3329/3408/1867 1052/3408/1868
f 3774/3853/1879 3771/3850/1030 1351/3850/1030
f 2665/2744/1416 2667/2746/1842 382/2746/1842
f 4221/4300/1871 4220/4299/1880 1886/4299/1880
f 3414/3491/1881 3410/3488/1869 1122/3488/1869
f 3330/3409/1870 3332/3411/1882 1029/3411/1882
f 3772/3851/1883 3774/3853/1879 1350/3853/1879
f 3411/3490/1875 3415/3494/193 1133/3494/193
f 2667/2746/1842 2668/2747/1386 383/2747/1386
f 3112/3191/1884 3110/3189/1874 742/3189/1874
f 3416/3495/214 3414/3491/1881 1121/3491/1881
f 4222/4301/1885 4214/4295/1836 1951/4295/1837
f 3111/3190/1877 3113/3192/1886 718/3192/1886
f 3451/3530/68 3454/3533/68 1146/3533/68
f 3333/3412/1101 3331/3410/1878 1051/3410/1878
f 2668/2747/1386 2669/2748/1386 384/2748/1386
f 4217/4296/1887 4223/4302/1888 1922/4302/1888
f 3479/3558/530 3478/3557/515 1097/3557/515
f 3332/3411/1882 3334/3413/1889 1030/3413/1889
f 3775/3854/1890 3773/3852/1873 1502/3852/1873
f 3491/3570/580 3489/3568/530 1088/3568/530
f 3768/3848/210 3776/3855/1891 1475/3855/1891
f 3114/3193/1892 3108/3187/1861 877/3187/1861
f 3497/3576/597 3499/3578/567 1216/3578/567
f 2670/2749/1893 2671/2750/1894 386/2750/1894
f 4224/4303/1047 4222/4301/1885 1950/4301/1035
f 3109/3188/1865 3115/3194/1916 840/3194/858
f 3509/3588/561 3510/3589/655 1225/3589/657
f 3335/3414/1115 3333/3412/1101 1050/3412/1101
f 4223/4302/1888 4225/4304/1895 1923/4304/1895
f 3533/3612/67 3531/3611/67 1283/3611/67
f 3334/3413/1889 3336/3415/1907 1031/3415/1896
f 3777/3856/1897 3775/3854/1890 1501/3854/1890
f 3541/3620/67 3540/3619/67 1275/3619/67
f 3776/3855/1891 3778/3857/1898 1476/3857/1898
f 2672/2751/665 2666/2745/1876 243/2745/1876
f 3116/3195/1899 3112/3191/1884 741/3191/1884
f 2671/2750/1894 2673/2752/1910 387/2752/1900
f 4226/4305/1901 4224/4303/1047 1949/4303/1047
f 3113/3192/1886 3117/3196/1903 719/3196/1903
f 3576/3654/1904 3572/3651/943 1263/3651/943
f 3337/3416/1905 3335/3414/1115 1049/3414/1115
f 4225/4304/1895 4227/4306/999 1924/4306/999
f 3573/3652/945 3577/3656/1906 1250/3656/1906
f 3336/3415/1907 3338/3417/1908 1032/3417/1908
f 3779/3858/1909 3777/3856/1897 1500/3856/1897
f 2673/2752/1910 2674/2753/1911 388/2753/1911
f 3580/3657/1912 3576/3654/1904 1262/3654/1904
f 3778/3857/1898 3780/3859/1913 1477/3859/1913
f 4227/4306/999 4228/4307/1914 1925/4307/1914
f 3118/3197/1915 3114/3193/1892 876/3193/1892
f 3115/3194/1916 3119/3198/1917 841/3198/1917
f 3577/3656/1906 3579/3659/1918 1251/3659/1918
f 3339/3418/1919 3337/3416/1905 1048/3416/1905
f 2675/2754/1920 2672/2751/665 242/2751/665
f 3579/3659/1918 3582/3661/1921 1252/3661/1921
f 3338/3417/1908 3340/3419/1922 1033/3419/1922
f 3781/3860/1923 3779/3858/1909 1499/3858/1909
f 2674/2753/1911 2676/2755/1870 389/2755/1870
f 4229/4308/1924 4226/4305/1901 1948/4305/1902
f 3583/3662/1926 3580/3657/1912 1261/3657/1912
f 3780/3859/1913 3782/3861/1927 1478/3861/1927
f 3120/3199/1928 3116/3195/1899 740/3195/1899
f 3582/3661/1921 3586/3663/993 1253/3663/993
f 2676/2755/1870 2677/2756/629 390/2756/629
f 4230/4309/1021 4229/4308/1924 1947/4308/1925
f 3117/3196/1903 3121/3200/1929 720/3200/1929
f 3341/3420/1930 3339/3418/1919 1047/3418/1919
f 4228/4307/1914 4231/4310/1932 1926/4310/1932
f 3584/3664/1933 3583/3662/1926 1260/3662/1926
f 3340/3419/1922 3342/3421/1934 1034/3421/1934
f 3783/3862/1935 3781/3860/1923 1498/3860/1923
f 2677/2756/629 2678/2757/1936 391/2757/1936
f 3782/3861/1927 3784/3863/1947 1479/3863/1937
f 3122/3201/1938 3120/3199/1928 739/3199/1928
f 3589/3668/1605 3584/3664/1933 1259/3664/1933
f 4232/4311/1034 4230/4309/1021 1946/4309/1022
f 3121/3200/1929 3123/3202/1940 721/3202/1940
f 3659/3737/1941 3657/3736/1278 1384/3736/1279
f 3343/3422/1942 3341/3420/1930 1046/3420/1931
f 2679/2758/1943 2675/2754/1920 241/2754/1920
f 4231/4310/1932 4233/4312/1944 1927/4312/1944
f 3656/3735/484 3658/3738/1945 1389/3738/1945
f 3785/3864/262 3783/3862/1935 1497/3862/1935
f 2678/2757/1936 2680/2759/1952 392/2759/641
f 3663/3741/1946 3659/3737/1941 1383/3737/1941
f 3344/3423/1153 3343/3422/1942 1045/3422/1942
f 3784/3863/1947 3786/3865/1948 1480/3865/1948
f 3124/3203/1949 3118/3197/1915 875/3197/1915
f 3658/3738/1945 3662/3742/1950 1390/3742/1950
f 3342/3421/1934 3345/3424/1951 1035/3424/1951
f 2680/2759/1952 2681/2760/1963 393/2760/1953
f 4234/4313/271 4232/4311/1034 1945/4311/1034
f 3119/3198/1917 3125/3204/933 842/3204/1954
f 3662/3742/1950 3664/3743/1958 1391/3743/1442
f 4233/4312/1944 4235/4314/1955 1928/4314/1955
f 3665/3744/1956 3663/3741/1946 1382/3741/1946
f 3787/3866/1137 3785/3864/262 1496/3864/262
f 3664/3743/1958 3667/3745/1959 1392/3745/1959
f 3346/3425/1158 3344/3423/1153 1044/3423/1153
f 3786/3865/1948 3788/3867/1960 1481/3867/1960
f 2682/2761/1961 2679/2758/1943 240/2758/1943
f 3126/3205/1718 3122/3201/1938 738/3201/1939
f 3345/3424/1951 3347/3426/1962 1036/3426/1962
f 2681/2760/1963 2683/2762/654 394/2762/663
f 4236/4315/1964 4234/4313/271 1944/4313/271
f 3123/3202/1940 3127/3206/1720 722/3206/1722
f 4235/4314/1955 4237/4316/1965 1929/4316/1965
f 3670/3748/1332 3665/3744/1956 1381/3744/1956
f 3789/3868/1966 3787/3866/1137 1495/3866/1957
f 3128/3209/1967 3124/3203/1949 874/3203/1949
f 3667/3745/1959 3669/3749/1315 1393/3749/1315
f 3348/3427/1969 3346/3425/1158 1043/3425/1158
f 3788/3867/1960 3790/3869/1981 1482/3869/1970
f 2684/2763/1560 2682/2761/1961 239/2761/1961
f 3125/3204/933 3129/3210/909 843/3210/909
f 3697/3776/68 3699/3778/68 1406/3778/68
f 3347/3426/1962 3349/3428/1106 1037/3428/1106
f 2683/2762/654 2685/2764/664 395/2764/664
f 4238/4317/1971 4236/4315/1964 1943/4315/1964
f 3758/3836/1972 3752/3831/1764 1357/3831/1764
f 4237/4316/1965 4239/4318/1077 1930/4318/1077
f 3757/3837/1795 3760/3838/1973 1345/3838/1973
f 3791/3870/1974 3789/3868/1966 1494/3868/1966
f 2685/2764/664 2686/2765/1975 396/2765/1975
f 3350/3429/1976 3348/3427/1969 1042/3427/1969
f 3761/3840/1977 3758/3836/1972 1356/3836/1972
f 3349/3428/1106 3351/3430/1990 1038/3430/1120
f 3792/3871/1978 3791/3870/1974 1493/3870/1974
f 4240/4319/1979 4238/4317/1971 1942/4317/1971
f 3760/3838/1973 3763/3842/1980 1346/3842/1980
f 3790/3869/1981 3793/3872/1982 1483/3872/1982
f 2687/2766/673 2684/2763/1560 238/2763/1560
f 4239/4318/1077 4241/4320/1983 1931/4320/1983
f 3134/3213/1984 3128/3209/1967 873/3209/1968
f 3765/3843/1985 3761/3840/1977 1355/3840/1977
f 2686/2765/1975 2688/2767/676 397/2767/676
f 3129/3210/909 3135/3214/1986 844/3214/1986
f 3763/3842/1980 3766/3845/1987 1347/3845/1987
f 3352/3431/1988 3350/3429/1976 1041/3429/1976
f 3767/3846/1848 3765/3843/1985 1354/3843/1985
f 3351/3430/1990 3353/3432/1180 1039/3432/1180
f 3794/3873/1991 3792/3871/1978 1492/3871/1978
f 4242/4321/1148 4240/4319/1979 1941/4319/1979
f 3766/3845/1987 3770/3847/1862 1348/3847/1863
f 3353/3432/1180 3352/3431/1988 1040/3431/1989
f 3793/3872/1982 3795/3874/1093 1484/3874/1093
f 2689/2768/1483 2687/2766/673 237/2766/673
f 4241/4320/1983 4243/4322/1992 1932/4322/1992
f 3904/3982/250 3908/3987/250 1612/3987/250
f 3354/3434/66 3355/3433/66 1070/3433/66
f 2688/2767/676 2690/2769/2018 398/2769/686
f 3910/3988/250 3920/3999/250 1618/3999/250
f 4033/4112/1993 4030/4109/1000 1755/4109/1002
f 3356/3435/67 3354/3434/67 1069/3434/67
f 3796/3875/1103 3794/3873/1991 1491/3873/1991
f 2691/2771/691 2692/2770/692 444/2770/692
f 4244/4323/1994 4242/4321/1148 1940/4321/1148
f 4032/4111/1995 4034/4113/1996 1759/4607/1996
f 3795/3874/1093 3797/3876/1119 1485/3876/1119
f 4243/4322/1992 4245/4324/325 1933/4324/325
f 3141/3220/1997 3134/3213/1984 872/3213/1984
f 4037/4115/1930 4033/4112/1993 1754/4112/1993
f 3357/3436/69 3356/3435/69 1068/3435/69
f 3135/3214/1986 3142/3221/2011 845/3221/1998
f 3358/3438/66 3359/3437/66 1066/3437/66
f 2694/2773/67 2693/2772/67 442/2772/67
f 4034/4113/1996 4038/4117/1999 1760/4117/1999
f 3798/3877/1116 3796/3875/1103 1490/3875/1103
f 4246/4325/334 4244/4323/1994 1939/4323/1154
f 4039/4118/2000 4037/4115/1930 1753/4115/1930
f 3360/3439/67 3358/3438/67 1065/3438/67
f 3797/3876/1119 3799/3878/1120 1486/3878/1120
f 2695/2774/67 2694/2773/67 441/2773/67
f 4245/4324/325 4247/4326/2001 1934/4326/2001
f 3143/3222/2002 3140/3219/1756 732/3219/1756
f 4038/4117/1999 4040/4119/2007 1761/4119/2003
f 3361/3440/69 3360/3439/69 1064/3439/69
f 2696/2775/67 2695/2774/67 440/2774/67
f 3800/3879/2004 3798/3877/1116 1489/3877/1116
f 4248/4327/348 4246/4325/334 1938/4325/334
f 3145/3224/1816 3143/3222/2002 731/3222/2002
f 4043/4122/1059 4039/4118/2000 1752/4118/2000
f 3799/3878/1120 3801/3880/1130 1487/3880/1130
f 2697/2776/67 2696/2775/67 439/2775/67
f 4247/4326/2001 4249/4328/2005 1935/4328/2005
f 3144/3223/1762 3146/3225/2006 728/3225/2006
f 4040/4119/2007 4044/4123/1065 1762/4123/1065
f 3801/3880/1130 3800/3879/2004 1488/3879/2004
f 4080/4159/68 4083/4162/68 1775/4162/68
f 3359/3437/67 3357/3436/67 1067/3436/67
f 3802/3882/66 3803/3881/66 1518/3881/66
f 2698/2777/67 2697/2776/67 438/2776/67
f 4249/4328/2005 4250/4329/357 1936/4329/357
f 4108/4187/1300 4107/4186/515 1727/4186/1293
f 3362/3441/68 3363/3442/68 1073/3442/68
f 4250/4329/357 4248/4327/348 1937/4327/348
f 3147/3226/2008 3145/3224/1816 730/3224/1816
f 4120/4199/1356 4118/4197/1319 1718/4197/1319
f 3804/3883/67 3802/3882/67 1517/3882/67
f 2699/2778/67 2698/2777/67 437/2777/67
f 4251/4331/1194 4252/4330/1195 2062/4330/1195
f 3146/3225/2006 3147/3226/2008 729/3226/2008
f 4126/4205/1378 4128/4207/1386 1845/4207/1388
f 4138/4217/1386 4139/4218/1436 1854/4218/1438
f 3355/3433/68 3364/3443/68 1071/3443/68
f 3805/3884/69 3804/3883/69 1516/3883/69
f 2700/2779/67 2699/2778/67 436/2778/67
f 4253/4332/1199 4251/4331/1194 2061/4331/1194
f 4162/4241/67 4160/4240/67 1912/4240/67
f 3364/3443/69 3362/3441/69 1072/3441/69
f 3806/3886/66 3807/3885/66 1514/3885/66
f 4252/4330/1195 4254/4333/1200 2063/4333/1200
f 4170/4249/67 4169/4248/67 1904/4248/67
f 3363/3442/66 3365/3444/66 1074/3444/66
f 2701/2780/67 2700/2779/67 435/2779/67
f 3148/3227/2009 3141/3220/1997 871/3220/1997
f 4171/4250/1604 4170/4249/2010 1903/4249/2010
f 3365/3444/68 3361/3440/68 1063/3440/68
f 3808/3887/67 3806/3886/67 1513/3886/67
f 3142/3221/2011 3149/3228/2012 846/3228/2012
f 4200/4279/2013 4204/4281/2014 1878/4281/2014
f 3366/3446/1194 3367/3445/1195 1180/3445/1195
f 4255/4334/2015 4253/4332/1199 2060/4332/1199
f 3809/3888/69 3808/3887/69 1512/3887/69
f 2703/2782/767 2702/2781/722 433/2781/2016
f 4254/4333/1200 4256/4335/1206 2064/4335/1206
f 3149/3228/2012 3150/3229/2028 847/3229/2017
f 3368/3447/1199 3366/3446/1194 1179/3446/1194
f 2690/2769/2018 2704/2783/2019 399/2783/2019
f 4205/4283/2020 4201/4280/1792 1892/4280/1793
f 3367/3445/1195 3369/3448/1200 1181/3448/1200
f 4204/4281/2014 4206/4285/2030 1879/4285/2022
f 4257/4336/2023 4255/4334/2015 2059/4334/2015
f 3151/3230/2024 3148/3227/2009 870/3227/2009
f 4207/4286/2025 4205/4283/2020 1891/4283/2021
f 3807/3885/67 3805/3884/67 1515/3884/67
f 2705/2784/2027 2703/2782/767 432/2782/767
f 4256/4335/1206 4258/4337/841 2065/4337/841
f 3150/3229/2028 3152/3231/2038 848/3231/2029
f 4206/4285/2030 4210/4288/2040 1880/4288/2031
f 3370/3449/2032 3368/3447/1199 1178/3447/1199
f 3810/3889/68 3811/3890/68 1521/3890/68
f 3369/3448/1200 3371/3450/1206 1182/3450/1206
f 2706/2785/734 2689/2768/1483 490/2768/682
f 4211/4290/2033 4207/4286/2025 1890/4286/2026
f 2692/2770/692 2707/2786/735 445/2786/2034
f 4259/4338/851 4257/4336/2023 2058/4336/2023
f 3153/3232/2035 3151/3230/2024 869/3230/2024
f 4213/4291/2036 4211/4290/2033 1889/4290/2033
f 3803/3881/68 3812/3891/68 1519/3891/68
f 4258/4337/841 4260/4339/2037 2066/4339/2037
f 3152/3231/2038 3154/3233/2053 849/3233/2039
f 4210/4288/2040 4212/4292/2043 1881/4292/2041
f 3372/3451/2023 3370/3449/2032 1177/3449/2015
f 3812/3891/69 3810/3889/69 1520/3889/69
f 2704/2783/2019 2708/2787/2042 400/2787/2042
f 4212/4292/2043 4215/4293/1856 1882/4293/1856
f 3371/3450/1206 3373/3452/2044 1183/3452/2044
f 3811/3890/66 3813/3892/66 1522/3892/66
f 3813/3892/68 3809/3888/68 1511/3888/68
f 4261/4340/2045 4259/4338/851 2057/4338/851
f 3155/3234/2046 3153/3232/2035 868/3232/2035
f 4216/4294/2048 4213/4291/2036 1888/4291/2036
f 3814/3894/66 3815/3893/2050 1564/3893/2050
f 2709/2788/2051 2705/2784/2027 431/2784/2027
f 4260/4339/2037 4262/4341/2052 2067/4341/2052
f 3154/3233/2053 3156/3235/2054 850/3235/2054
f 4220/4299/1880 4216/4294/2048 1887/4294/2049
f 3374/3453/2055 3372/3451/2023 1176/3451/2023
f 2708/2787/2042 2710/2789/2077 401/2789/750
f 4286/4364/2056 4283/4362/2057 2010/4362/2057
f 3373/3452/2044 3375/3454/2067 1184/3454/855
f 3816/3895/67 3814/3894/67 1563/3894/67
f 4285/4365/2058 4287/4366/2059 2012/4366/2059
f 4263/4342/2060 4261/4340/2045 2056/4340/2045
f 3157/3236/2061 3155/3234/2046 867/3234/2047
f 3817/3896/69 3816/3895/69 1562/3895/69
f 2711/2790/753 2706/2785/734 489/2785/734
f 4262/4341/2052 4264/4343/2062 2068/4343/2062
f 3156/3235/2054 3158/3237/2063 851/3237/2063
f 4289/4367/2064 4286/4364/2056 2009/4364/2056
f 3376/3455/862 3374/3453/2055 1175/3453/2055
f 3818/3898/66 3819/3897/2065 1526/3897/2065
f 4287/4366/2059 4291/4369/2066 2013/4369/2066
f 3375/3454/2067 3377/3456/2068 1185/3456/2068
f 2712/2791/2069 2709/2788/2051 430/2788/798
f 3820/3899/67 3818/3898/67 1525/3898/67
f 2707/2786/735 2713/2792/760 446/2792/760
f 4265/4344/889 4263/4342/2060 2055/4342/2060
f 3159/3238/2070 3157/3236/2061 866/3236/2061
f 4292/4371/2071 4289/4367/2064 2008/4367/2064
f 4264/4343/2062 4266/4345/2072 2069/4345/2072
f 3158/3237/2063 3160/3239/2073 852/3239/2073
f 4291/4369/2066 4293/4372/2074 2014/4372/2074
f 3378/3457/2075 3376/3455/862 1174/3455/862
f 3821/3900/2076 3820/3899/69 1524/3899/69
f 2710/2789/2077 2714/2793/2090 402/2793/2078
f 4294/4373/2079 4292/4371/2071 2007/4371/2071
f 3377/3456/2068 3379/3458/2081 1186/3458/2081
f 4293/4372/2074 4295/4374/2082 2015/4374/2082
f 3822/3901/69 3817/3896/69 1561/3896/69
f 4267/4346/1243 4265/4344/889 2054/4344/889
f 3161/3240/2083 3159/3238/2070 865/3238/2070
f 4298/4377/169 4294/4373/2079 2006/4373/2080
f 2715/2794/2084 2712/2791/2069 429/2791/2069
f 4266/4345/2072 4268/4347/2085 2070/4347/2085
f 3160/3239/2073 3162/3241/2086 853/3241/2086
f 4295/4374/2082 4299/4378/173 2016/4378/173
f 3380/3459/2087 3378/3457/2075 1173/3457/2075
f 3823/3902/69 3822/3901/69 1560/3901/69
f 3379/3458/2081 3381/3460/2088 1187/3460/2088
f 2716/2795/775 2711/2790/753 488/2790/754
f 4604/4411/2089 4326/4405/310 2038/4405/310
f 3824/3903/69 3823/3902/69 1559/3902/69
f 2714/2793/2090 2717/2796/847 403/2796/847
f 4269/4348/1252 4267/4346/1243 2053/4346/1243
f 3163/3242/2091 3161/3240/2083 864/3240/2083
f 4268/4347/2085 4270/4349/2092 2071/4349/2092
f 3162/3241/2086 3164/3243/2093 854/3243/2093
f 4334/4414/68 4337/4417/68 2029/4417/68
f 3382/3461/901 3380/3459/2087 1172/3459/2087
f 3825/3904/69 3824/3903/69 1558/3903/69
f 3381/3460/2088 3383/3462/2104 1188/3462/2094
f 2718/2797/2095 2715/2794/2084 428/2794/2084
f 3826/3905/69 3825/3904/69 1557/3904/69
f 2713/2792/760 2719/2798/1686 447/2798/2097
f 4271/4350/2098 4269/4348/1252 2052/4348/1252
f 3165/3244/2100 3163/3242/2091 863/3242/2091
f 4270/4349/2092 4272/4351/2109 2072/4351/2101
f 3164/3243/2093 3166/3245/2102 855/3245/2102
f 3384/3463/2103 3382/3461/901 1171/3461/901
f 3827/3906/69 3826/3905/69 1556/3905/69
f 2717/2796/847 2720/2799/2117 404/2799/861
f 3383/3462/2104 3385/3464/1258 1189/3464/1265
f 3828/3907/69 3827/3906/69 1555/3906/69
f 4273/4352/1269 4271/4350/2098 2051/4350/2099
f 3167/3246/2106 3165/3244/2100 862/3244/2100
f 2721/2800/2107 2718/2797/2095 427/2797/2096
f 4272/4351/2109 4274/4353/2123 2073/4353/2110
f 3166/3245/2102 3168/3247/2111 856/3247/2111
f 4344/4424/68 4604/4411/68 2037/4411/68
f 3386/3465/2112 3384/3463/2103 1170/3463/2103
f 3829/3908/69 3828/3907/69 1554/3907/69
f 4360/4440/2113 4358/4438/460 1982/4438/460
f 3385/3464/1258 3387/3466/2114 1190/3466/2114
f 2722/2801/2115 2716/2795/775 487/2795/775
f 4361/4441/2116 4360/4440/2113 1981/4440/2113
f 3830/3909/69 3829/3908/69 1553/3908/69
f 2720/2799/2117 2723/2802/2137 405/2802/2118
f 4275/4354/2119 4273/4352/1269 2050/4352/2105
f 3169/3248/2121 3167/3246/2106 861/3246/2106
f 4372/4452/2122 4370/4450/479 1973/4450/478
f 4274/4353/2123 4276/4355/2135 2074/4355/2124
f 3168/3247/2111 3170/3249/2125 857/3249/2125
f 4378/4458/551 4380/4460/560 2098/4460/562
f 3388/3467/2126 3386/3465/2112 1169/3465/2112
f 3831/3910/69 3830/3909/69 1552/3909/69
f 4389/4469/560 4390/4470/2127 2106/4470/2127
f 3387/3466/2114 3389/3468/2128 1191/3468/2128
f 2724/2803/2129 2721/2800/2107 426/2800/2108
f 4390/4470/2127 4391/4471/608 2107/4471/608
f 3832/3911/1797 3831/3910/69 1551/3910/69
f 2719/2798/1686 2725/2804/824 448/2804/2130
f 4277/4356/2131 4275/4354/2119 2049/4354/2120
f 3171/3250/2133 3169/3248/2121 860/3248/2121
f 4413/4493/67 4411/4492/67 2166/4492/67
f 3815/3893/2050 3833/3912/2134 1565/3912/2134
f 4276/4355/2135 4278/4357/2136 2075/4357/2136
f 3170/3249/2125 3172/3251/68 858/3251/68
f 4422/4502/67 4421/4501/67 2157/4501/67
f 3390/3469/946 3388/3467/2126 1168/3467/2126
f 2723/2802/2137 2726/2805/2158 406/2805/918
f 3172/3251/68 3171/3250/2133 859/3250/2133
f 4454/4534/876 4458/4538/2138 2131/4538/2138
f 3389/3468/2128 3391/3470/2154 1192/3470/2139
f 3173/3253/304 3174/3252/2140 992/3252/2140
f 4459/4539/2141 4456/4536/894 2144/4536/895
f 3834/3913/2143 3821/3900/2076 1523/3900/2076
f 4279/4358/2145 4277/4356/2131 2048/4356/2132
f 2727/2806/2146 2724/2803/2129 425/2803/2129
f 4278/4357/2136 4280/4359/2165 2076/4359/2148
f 3175/3254/2149 3173/3253/304 991/3253/304
f 4458/4538/2138 4463/4541/2150 2132/4541/2150
f 3392/3471/2151 3390/3469/946 1167/3469/946
f 3835/3914/2152 3832/3911/1797 1550/3911/1797
f 4461/4542/2153 4459/4539/2141 2143/4539/2142
f 3391/3470/2154 3393/3472/2169 1193/3472/2155
f 3819/3897/2065 3836/3915/1877 1527/3915/1877
f 2728/2807/2156 2722/2801/2115 486/2801/2115
f 3176/3255/315 3175/3254/2149 990/3254/2149
f 4463/4541/2150 4465/4544/2168 2133/4544/2157
f 2726/2805/2158 2729/2808/2159 407/2808/2159
f 4281/4360/2160 4279/4358/2145 2047/4358/2145
f 3174/3252/2140 3177/3256/2162 993/3256/2162
f 4464/4545/2163 4461/4542/2153 2142/4542/2153
f 3833/3912/2134 3837/3916/2164 1566/3916/2164
f 4280/4359/2165 4282/4361/148 2077/4361/150
f 4466/4546/2166 4464/4545/2163 2141/4545/2163
f 3394/3473/2167 3392/3471/2151 1166/3471/2151
f 4465/4544/2168 4468/4547/939 2134/4547/939
f 3393/3472/2169 3395/3474/2170 1194/3474/2170
f 2730/2809/2171 2727/2806/2146 424/2806/2147
f 3178/3257/380 3176/3255/315 989/3255/315
f 3838/3917/2173 3834/3913/2143 1611/3913/2144
f 2725/2804/824 2731/2810/2183 449/2810/859
f 3177/3256/2162 3179/3258/2174 994/3258/2174
f 4471/4549/960 4466/4546/2166 2140/4546/2166
f 3396/3475/2175 3394/3473/2167 1165/3473/2167
f 3839/3918/2176 3835/3914/2152 1549/3914/2152
f 2729/2808/2159 2732/2811/1575 408/2811/1575
f 4284/4363/2177 4281/4360/2160 2046/4360/2161
f 3395/3474/2170 3397/3476/148 1195/3476/150
f 3836/3915/1877 3840/3919/2179 1528/3919/2179
f 4283/4362/2057 4285/4365/2058 2011/4365/2058
f 3180/3259/1188 3178/3257/380 988/3257/380
f 3179/3258/2174 3181/3260/2180 995/3260/2180
f 3837/3916/2164 3841/3920/132 1567/3920/132
f 2733/2812/2181 2730/2809/2171 423/2809/2172
f 2734/2814/2182 2728/2807/2156 485/2807/2156
f 2731/2810/2183 2735/2816/134 450/2816/136
f 4282/4361/148 4288/4368/151 2078/4368/153
f 3182/3261/403 3180/3259/1188 987/3259/1188
f 3399/3478/70 3396/3475/2175 1164/3475/2175
f 3842/3921/2184 3838/3917/2173 1610/3917/2173
f 3181/3260/2180 3183/3262/2185 996/3262/2185
f 4290/4370/1343 4284/4363/2177 2045/4363/2178
f 3400/3479/2186 3398/3477/2189 1126/3477/2187
f 3843/3922/155 3839/3918/2176 1548/3918/2176
f 2738/2819/2188 2734/2814/2182 484/2814/2182
f 3398/3477/2189 3401/3480/2191 1127/3480/2190
f 3840/3919/2179 3844/3923/159 1529/3923/159
f 3184/3263/138 3182/3261/403 986/3261/403
f 3183/3262/2185 3185/3264/145 997/3264/147
f 3401/3480/2191 3402/3482/1851 1128/3482/1853
